espn_id,team,season,head_coach,hc_year,offensive_coordinator,oc_year,defensive_coordinator,dc_year,source
2005,Air Force Falcons,2014,Troy Calhoun,8,Mike Thiessen,6,Steve Russ,3,2014 Air Force Falcons football team
2006,Akron Zips,2014,Terry Bowden,3,A. J. Milwee,2,Chuck Amato,3,2014 Akron Zips football team
333,Alabama Crimson Tide,2014,Nick Saban,8,Lane Kiffin,1,Kirby Smart,7,2014 Alabama Crimson Tide football team
2026,App State Mountaineers,2014,Scott Satterfield,2,,,Nate Woody,2,2014 Appalachian State Mountaineers football team
9,Arizona State Sun Devils,2014,Todd Graham,3,Mike Norvell,3,Keith Patterson,1,2014 Arizona State Sun Devils football team
12,Arizona Wildcats,2014,Rich Rodriguez,3,,,Jeff Casteel,3,2014 Arizona Wildcats football team
8,Arkansas Razorbacks,2014,Bret Bielema,2,Jim Chaney,2,Robb Smith,1,2014 Arkansas Razorbacks football team
2032,Arkansas State Red Wolves,2014,Blake Anderson,1,,,Joe Cauthen,1,2014 Arkansas State Red Wolves football team
349,Army Black Knights,2014,Jeff Monken,1,Brent Davis,1,Jay Bateman,1,2014 Army Black Knights football team
2,Auburn Tigers,2014,Gus Malzahn,2,Rhett Lashlee,2,Ellis Johnson / Charlie Harbison,,2014 Auburn Tigers football team
252,BYU Cougars,2014,Bronco Mendenhall,10,Robert Anae,8,Nick Howell,2,2014 BYU Cougars football team
2050,Ball State Cardinals,2014,Pete Lembo,4,Joey Lynch,1,Kevin Kelly,1,2014 Ball State Cardinals football team
239,Baylor Bears,2014,Art Briles,7,Philip Montgomery,7,Phil Bennett,4,2014 Baylor Bears football team
68,Boise State Broncos,2014,Bryan Harsin,1,Mike Sanford Jr.,1,Marcel Yates,1,2014 Boise State Broncos football team
103,Boston College Eagles,2014,Steve Addazio,2,Ryan Day,2,Don Brown,2,2014 Boston College Eagles football team
189,Bowling Green Falcons,2014,Dino Babers,1,Sterlin Gilbert,1,Kim McCloud,1,2014 Bowling Green Falcons football team
2084,Buffalo Bulls,2014,Jeff Quinn,5,Alex Wood,4,Lou Tepper,3,2014 Buffalo Bulls football team
25,California Golden Bears,2014,Sonny Dykes,2,Tony Franklin,2,Art Kaufman,1,2014 California Golden Bears football team
2117,Central Michigan Chippewas,2014,Dan Enos,5,Morris Watts,1,Joe Tumpkin,5,2014 Central Michigan Chippewas football team
2132,Cincinnati Bearcats,2014,Tommy Tuberville,2,Eddie Gran,2,,,2014 Cincinnati Bearcats football team
228,Clemson Tigers,2014,Dabo Swinney,6,Chad Morris,4,Brent Venables,3,2014 Clemson Tigers football team
38,Colorado Buffaloes,2014,Mike MacIntyre,2,Brian Lindgren,2,Kent Baer,2,2014 Colorado Buffaloes football team
36,Colorado State Rams,2014,Jim McElwain,3,Dave Baldwin,3,,,2014 Colorado State Rams football team
150,Duke Blue Devils,2014,David Cutcliffe,7,Scottie Montgomery,1,Jim Knowles,5,2014 Duke Blue Devils football team
151,East Carolina Pirates,2014,Ruffin McNeill,5,Lincoln Riley,5,Rick Smith,2,2014 East Carolina Pirates football team
2199,Eastern Michigan Eagles,2014,Chris Creighton,1,Kalen DeBoer,1,Brad McCaslin,1,2014 Eastern Michigan Eagles football team
2226,Florida Atlantic Owls,2014,Charlie Partridge,1,Brian Wright,3,Roc Bellantoni,1,2014 Florida Atlantic Owls football team
57,Florida Gators,2014,Will Muschamp,4,Kurt Roper,1,D. J. Durkin,1,2014 Florida Gators football team
2229,Florida International Panthers,2014,Ron Turner,2,Steve Shankweiler,1,Josh Conklin,2,2014 FIU Panthers football team
52,Florida State Seminoles,2014,Jimbo Fisher,5,,,Charles Kelly,1,2014 Florida State Seminoles football team
278,Fresno State Bulldogs,2014,Tim DeRuyter,3,Dave Schramm,3,Nick Toth,3,2014 Fresno State Bulldogs football team
61,Georgia Bulldogs,2014,Mark Richt,14,Mike Bobo,8,Jeremy Pruitt,1,2014 Georgia Bulldogs football team
290,Georgia Southern Eagles,2014,Willie Fritz,1,Doug Ruse,1,Jack Curtis,4,2014 Georgia Southern Eagles football team
2247,Georgia State Panthers,2014,Trent Miles,2,Jeff Jagodzinski,2,Jesse Minter,2,2014 Georgia State Panthers football team
59,Georgia Tech Yellow Jackets,2014,Paul Johnson,7,,,Ted Roof,2,2014 Georgia Tech Yellow Jackets football team
62,Hawai'i Rainbow Warriors,2014,Norm Chow,3,,,Kevin Clune,1,2014 Hawaii Rainbow Warriors football team
248,Houston Cougars,2014,Tony Levine,3,Travis Bush,1,David Gibbs,2,2014 Houston Cougars football team
70,Idaho Vandals,2014,Paul Petrino,2,Kris Cinkovich,2,Ronnie Lee,2,2014 Idaho Vandals football team
356,Illinois Fighting Illini,2014,Tim Beckman,3,Bill Cubit,2,Tim Banks,3,2014 Illinois Fighting Illini football team
84,Indiana Hoosiers,2014,Kevin Wilson,4,Kevin Johns,4,Brian Knorr,1,2014 Indiana Hoosiers football team
2294,Iowa Hawkeyes,2014,Kirk Ferentz,16,Greg Davis,3,Phil Parker,3,2014 Iowa Hawkeyes football team
66,Iowa State Cyclones,2014,Paul Rhoads,6,Mark Mangino,1,Wally Burnham,6,2014 Iowa State Cyclones football team
2305,Kansas Jayhawks,2014,Charlie Weis,3,John Reagan,1,Dave Campo,3,2014 Kansas Jayhawks football team
2306,Kansas State Wildcats,2014,Bill Snyder,23,,,Tom Hayes,3,2014 Kansas State Wildcats football team
2309,Kent State Golden Flashes,2014,Paul Haynes,2,Brian Rock,4,Brian George,2,2014 Kent State Golden Flashes football team
96,Kentucky Wildcats,2014,Mark Stoops,2,Neal Brown,2,D. J. Eliot,2,2014 Kentucky Wildcats football team
99,LSU Tigers,2014,Les Miles,10,Cam Cameron,2,John Chavis,6,2014 LSU Tigers football team
309,Louisiana Ragin' Cajuns,2014,Mark Hudspeth,4,Jay Johnson,4,James Willis,2,2014 Louisiana Ragin' Cajuns football team
2348,Louisiana Tech Bulldogs,2014,Skip Holtz,2,Tony Petersen,2,Manny Diaz,1,2014 Louisiana Tech Bulldogs football team
97,Louisville Cardinals,2014,Bobby Petrino,5,Garrick McGee,1,Todd Grantham,1,2014 Louisville Cardinals football team
276,Marshall Thundering Herd,2014,Doc Holliday,5,Bill Legg,5,Chuck Heater,2,2014 Marshall Thundering Herd football team
120,Maryland Terrapins,2014,Randy Edsall,4,Mike Locksley,3,Brian Stewart,3,2014 Maryland Terrapins football team
113,Massachusetts Minutemen,2014,Mark Whipple,7,,,Tom Masella,3,2014 UMass Minutemen football team
235,Memphis Tigers,2014,Justin Fuente,3,Darrell Dickey,3,Barry Odom,3,2014 Memphis Tigers football team
193,Miami (OH) RedHawks,2014,Chuck Martin,1,,,Matt Pawlowski,1,2014 Miami RedHawks football team
2390,Miami Hurricanes,2014,Al Golden,4,James Coley,2,Mark D'Onofrio,4,2014 Miami Hurricanes football team
127,Michigan State Spartans,2014,Mark Dantonio,8,,,Pat Narduzzi,8,2014 Michigan State Spartans football team
130,Michigan Wolverines,2014,Brady Hoke,4,Doug Nussmeier,1,Greg Mattison,6,2014 Michigan Wolverines football team
2393,Middle Tennessee Blue Raiders,2014,Rick Stockstill,9,Buster Faulkner,3,,,2014 Middle Tennessee Blue Raiders football team
135,Minnesota Golden Gophers,2014,Jerry Kill,4,Matt Limegrover,4,Tracy Claeys,4,2014 Minnesota Golden Gophers football team
344,Mississippi State Bulldogs,2014,Dan Mullen,6,,,Geoff Collins,4,2014 Mississippi State Bulldogs football team
142,Missouri Tigers,2014,Gary Pinkel,14,Josh Henson,2,Dave Steckel,6,2014 Missouri Tigers football team
152,NC State Wolfpack,2014,Dave Doeren,2,Matt Canada,2,Dave Huxtable,2,2014 NC State Wolfpack football team
2426,Navy Midshipmen,2014,Ken Niumatalolo,7,Ivin Jasper,7,Buddy Green,13,2014 Navy Midshipmen football team
158,Nebraska Cornhuskers,2014,Bo Pelini,7,Tim Beck,4,John Papuchis,3,2014 Nebraska Cornhuskers football team
2440,Nevada Wolf Pack,2014,Brian Polian,2,Nick Rolovich,3,,,2014 Nevada Wolf Pack football team
167,New Mexico Lobos,2014,Bob Davie,3,Bob DeBesse,3,Kevin Cosgrove,1,2014 New Mexico Lobos football team
166,New Mexico State Aggies,2014,Doug Martin,2,Gregg Brandon,2,Larry Coyer,1,2014 New Mexico State Aggies football team
153,North Carolina Tar Heels,2014,Larry Fedora,3,,,,,2014 North Carolina Tar Heels football team
249,North Texas Mean Green,2014,Dan McCarney,4,Mike Canales,5,John Skladany,3,2014 North Texas Mean Green football team
2459,Northern Illinois Huskies,2014,Rod Carey,2,Bob Cole,2,Jay Niemann,4,2014 Northern Illinois Huskies football team
77,Northwestern Wildcats,2014,Pat Fitzgerald,9,Mick McCall,7,Mike Hankwitz,7,2014 Northwestern Wildcats football team
87,Notre Dame Fighting Irish,2014,Brian Kelly,5,Mike Denbrock,1,Brian VanGorder,1,2014 Notre Dame Fighting Irish football team
195,Ohio Bobcats,2014,Frank Solich,10,Tim Albin,10,Jim Burrow,10,2014 Ohio Bobcats football team
194,Ohio State Buckeyes,2014,Urban Meyer,3,Tom Herman,3,,,2014 Ohio State Buckeyes football team
201,Oklahoma Sooners,2014,Bob Stoops,16,,,Mike Stoops,8,2014 Oklahoma Sooners football team
197,Oklahoma State Cowboys,2014,Mike Gundy,10,Mike Yurcich,2,Glenn Spencer,2,2014 Oklahoma State Cowboys football team
295,Old Dominion Monarchs,2014,Bobby Wilder,6,Brian Scott,6,Rich Nagy,2,2014 Old Dominion Monarchs football team
145,Ole Miss Rebels,2014,Hugh Freeze,3,,,,,2014 Ole Miss Rebels football team
2483,Oregon Ducks,2014,Mark Helfrich,2,Scott Frost,2,Don Pellum,1,2014 Oregon Ducks football team
204,Oregon State Beavers,2014,Mike Riley,14,John Garrett,1,Mark Banker,12,2014 Oregon State Beavers football team
213,Penn State Nittany Lions,2014,James Franklin,1,John Donovan,1,Bob Shoop,1,2014 Penn State Nittany Lions football team
221,Pittsburgh Panthers,2014,Paul Chryst,3,Joe Rudolph,3,Matt House,2,2014 Pittsburgh Panthers football team
2509,Purdue Boilermakers,2014,Darrell Hazell,2,John Shoop,2,Greg Hudson,2,2014 Purdue Boilermakers football team
242,Rice Owls,2014,David Bailiff,8,Larry Edmondson,1,Chris Thurmond,3,2014 Rice Owls football team
164,Rutgers Scarlet Knights,2014,Kyle Flood,3,Ralph Friedgen,1,Joe Rossi,1,2014 Rutgers Scarlet Knights football team
2567,SMU Mustangs,2014,June Jones,7,,,Tom Mason,7,2014 SMU Mustangs football team
21,San Diego State Aztecs,2014,Rocky Long,4,Bob Toledo,2,,,2014 San Diego State Aztecs football team
23,San José State Spartans,2014,Ron Caragher,2,Jimmie Dougherty,2,Greg Robinson,1,2014 San Jose State Spartans football team
6,South Alabama Jaguars,2014,Joey Jones,6,Robert Matthews / Bryant Vincent,,Travis Pearson,1,2014 South Alabama Jaguars football team
2579,South Carolina Gamecocks,2014,Steve Spurrier,10,,,Lorenzo Ward,3,2014 South Carolina Gamecocks football team
58,South Florida Bulls,2014,Willie Taggart,2,Paul Wulff,1,Chuck Bresnahan,2,2014 South Florida Bulls football team
2572,Southern Miss Golden Eagles,2014,Todd Monken,2,Chip Lindsey,1,David Duggan,3,2014 Southern Miss Golden Eagles football team
24,Stanford Cardinal,2014,David Shaw,4,Mike Bloomgren,2,Lance Anderson,1,2014 Stanford Cardinal football team
183,Syracuse Orange,2014,Scott Shafer,2,George McDonald / Tim Lester,,Chuck Bullough,2,2014 Syracuse Orange football team
2628,TCU Horned Frogs,2014,Gary Patterson,14,,,Dick Bumpas,11,2014 TCU Horned Frogs football team
218,Temple Owls,2014,Matt Rhule,2,Marcus Satterfield,2,Phil Snow,2,2014 Temple Owls football team
2633,Tennessee Volunteers,2014,Butch Jones,2,Mike Bajakian,2,John Jancek,2,2014 Tennessee Volunteers football team
245,Texas A&M Aggies,2014,Kevin Sumlin,3,Jake Spavital,2,Mark Snyder / Mark Hagen,,2014 Texas A&M Aggies football team
251,Texas Longhorns,2014,Charlie Strong,1,Joe Wickline,1,Vance Bedford,1,2014 Texas Longhorns football team
326,Texas State Bobcats,2014,Dennis Franchione,6,,,John Thompson,1,2014 Texas State Bobcats football team
2641,Texas Tech Red Raiders,2014,Kliff Kingsbury,2,Eric Morris,2,Matt Wallerstedt,,2014 Texas Tech Red Raiders football team
2649,Toledo Rockets,2014,Matt Campbell,3,,,Jon Heacock,1,2014 Toledo Rockets football team
2653,Troy Trojans,2014,Larry Blakeney,24,Kenny Edenfield,5,Wayne Bolt,8,2014 Troy Trojans football team
2655,Tulane Green Wave,2014,Curtis Johnson,3,Eric Price,3,,,2014 Tulane Green Wave football team
202,Tulsa Golden Hurricane,2014,Bill Blankenship,4,Denver Johnson,1,Brent Guy,4,2014 Tulsa Golden Hurricane football team
5,UAB Blazers,2014,Bill Clark,1,Bryant Vincent,1,Duwan Walker,1,2014 UAB Blazers football team
2116,UCF Knights,2014,George O'Leary,11,Charlie Taaffe,6,Tyson Summers,1,2014 UCF Knights football team
26,UCLA Bruins,2014,Jim L. Mora,3,Noel Mazzone,3,Jeff Ulbrich,1,2014 UCLA Bruins football team
41,UConn Huskies,2014,Bob Diaco,1,Mike Cummings,1,Anthony Poindexter,1,2014 UConn Huskies football team
2433,UL Monroe Warhawks,2014,Todd Berry,5,Steve Farmer,7,Troy Reffett,6,2014 Louisiana–Monroe Warhawks football team
2439,UNLV Rebels,2014,Bobby Hauck,5,Timm Rosenbach,2,Tim Hauck,2,2014 UNLV Rebels football team
30,USC Trojans,2014,Steve Sarkisian,1,Clay Helton,2,Justin Wilcox,1,2014 USC Trojans football team
2638,UTEP Miners,2014,Sean Kugler,2,Patrick Higgins,2,Scott Stoker,2,2014 UTEP Miners football team
2636,UTSA Roadrunners,2014,Larry Coker,4,Kevin Brown,3,Neal Neathery,4,2014 UTSA Roadrunners football team
328,Utah State Aggies,2014,Matt Wells,2,Kevin McGiven,2,Todd Orlando,2,2014 Utah State Aggies football team
254,Utah Utes,2014,Kyle Whittingham,10,Dave Christensen,1,Kalani Sitake,6,2014 Utah Utes football team
238,Vanderbilt Commodores,2014,Derek Mason,1,Karl Dorrell,1,Dave Kotulski,1,2014 Vanderbilt Commodores football team
258,Virginia Cavaliers,2014,Mike London,5,Steve Fairchild,2,Jon Tenuta,2,2014 Virginia Cavaliers football team
259,Virginia Tech Hokies,2014,Frank Beamer,28,Scot Loeffler,2,Bud Foster,20,2014 Virginia Tech Hokies football team
154,Wake Forest Demon Deacons,2014,Dave Clawson,1,Warren Ruggiero,1,Mike Elko,1,2014 Wake Forest Demon Deacons football team
264,Washington Huskies,2014,Chris Petersen,1,Jonathan Smith,1,Pete Kwiatkowski,1,2014 Washington Huskies football team
265,Washington State Cougars,2014,Mike Leach,3,,,Mike Breske,3,2014 Washington State Cougars football team
277,West Virginia Mountaineers,2014,Dana Holgorsen,4,Shannon Dawson,3,Tony Gibson,1,2014 West Virginia Mountaineers football team
98,Western Kentucky Hilltoppers,2014,Jeff Brohm,1,Tyson Helton,1,Nick Holt,2,2014 Western Kentucky Hilltoppers football team
2711,Western Michigan Broncos,2014,P. J. Fleck,2,Kirk Ciarrocca,2,Ed Pinkham,2,2014 Western Michigan Broncos football team
275,Wisconsin Badgers,2014,Gary Andersen,2,Andy Ludwig,2,Dave Aranda,2,2014 Wisconsin Badgers football team
2751,Wyoming Cowboys,2014,Craig Bohl,1,Brent Vigen,1,Steve Stanard,1,2014 Wyoming Cowboys football team
2005,Air Force Falcons,2015,Troy Calhoun,9,Mike Thiessen,7,Steve Russ,4,2015 Air Force Falcons football team
2006,Akron Zips,2015,Terry Bowden,4,A. J. Milwee,3,Chuck Amato,4,2015 Akron Zips football team
333,Alabama Crimson Tide,2015,Nick Saban,9,Lane Kiffin,2,Kirby Smart,8,2015 Alabama Crimson Tide football team
2026,App State Mountaineers,2015,Scott Satterfield,3,,,Nate Woody,3,2015 Appalachian State Mountaineers football team
9,Arizona State Sun Devils,2015,Todd Graham,4,Mike Norvell,4,Keith Patterson,2,2015 Arizona State Sun Devils football team
12,Arizona Wildcats,2015,Rich Rodriguez,4,,,Jeff Casteel,4,2015 Arizona Wildcats football team
8,Arkansas Razorbacks,2015,Bret Bielema,3,Dan Enos,1,Robb Smith,2,2015 Arkansas Razorbacks football team
2032,Arkansas State Red Wolves,2015,Blake Anderson,2,,,Joe Cauthen,2,2015 Arkansas State Red Wolves football team
349,Army Black Knights,2015,Jeff Monken,2,Brent Davis,2,Jay Bateman,2,2015 Army Black Knights football team
2,Auburn Tigers,2015,Gus Malzahn,3,Rhett Lashlee,3,Will Muschamp,1,2015 Auburn Tigers football team
252,BYU Cougars,2015,Bronco Mendenhall,11,Robert Anae,9,Nick Howell,3,2015 BYU Cougars football team
2050,Ball State Cardinals,2015,Pete Lembo,5,Joey Lynch,2,Kevin Kelly,2,2015 Ball State Cardinals football team
239,Baylor Bears,2015,Art Briles,8,Kendal Briles,1,Phil Bennett,5,2015 Baylor Bears football team
68,Boise State Broncos,2015,Bryan Harsin,2,Eliah Drinkwitz,1,Marcel Yates,2,2015 Boise State Broncos football team
103,Boston College Eagles,2015,Steve Addazio,3,Todd Fitch,1,Don Brown,3,2015 Boston College Eagles football team
189,Bowling Green Falcons,2015,Dino Babers,2,,,Brian Ward,1,2015 Bowling Green Falcons football team
2084,Buffalo Bulls,2015,Lance Leipold,1,Andy Kotelnicki,1,Brian Borland,1,2015 Buffalo Bulls football team
25,California Golden Bears,2015,Sonny Dykes,3,Tony Franklin,3,Art Kaufman,2,2015 California Golden Bears football team
2117,Central Michigan Chippewas,2015,John Bonamego,1,Morris Watts,2,Greg Colby,1,2015 Central Michigan Chippewas football team
2429,Charlotte 49ers,2015,Brad Lambert,3,Jeff Mullen,3,Matt Wallerstedt,1,2015 Charlotte 49ers football team
2132,Cincinnati Bearcats,2015,Tommy Tuberville,3,Eddie Gran,3,,,2015 Cincinnati Bearcats football team
228,Clemson Tigers,2015,Dabo Swinney,7,,,Brent Venables,4,2015 Clemson Tigers football team
38,Colorado Buffaloes,2015,Mike MacIntyre,3,Brian Lindgren,3,Jim Leavitt,1,2015 Colorado Buffaloes football team
36,Colorado State Rams,2015,Mike Bobo,1,Will Friend,1,Tyson Summers,1,2015 Colorado State Rams football team
150,Duke Blue Devils,2015,David Cutcliffe,8,Scottie Montgomery,2,Jim Knowles,6,2015 Duke Blue Devils football team
151,East Carolina Pirates,2015,Ruffin McNeill,6,Dave Nichol,1,Rick Smith,3,2015 East Carolina Pirates football team
2199,Eastern Michigan Eagles,2015,Chris Creighton,2,Kalen DeBoer,2,Brad McCaslin,2,2015 Eastern Michigan Eagles football team
2226,Florida Atlantic Owls,2015,Charlie Partridge,2,Brian Wright,4,Roc Bellantoni,2,2015 Florida Atlantic Owls football team
57,Florida Gators,2015,Jim McElwain,1,Doug Nussmeier,1,Geoff Collins,1,2015 Florida Gators football team
2229,Florida International Panthers,2015,Ron Turner,3,Steve Shankweiler,2,Matt House,1,2015 FIU Panthers football team
52,Florida State Seminoles,2015,Jimbo Fisher,6,,,Charles Kelly,2,2015 Florida State Seminoles football team
278,Fresno State Bulldogs,2015,Tim DeRuyter,4,Dave Schramm,4,Nick Toth,4,2015 Fresno State Bulldogs football team
61,Georgia Bulldogs,2015,Mark Richt,15,Brian Schottenheimer,1,Jeremy Pruitt,2,2015 Georgia Bulldogs football team
290,Georgia Southern Eagles,2015,Willie Fritz,2,Doug Ruse,2,Jack Curtis,5,2015 Georgia Southern Eagles football team
2247,Georgia State Panthers,2015,Trent Miles,3,Jeff Jagodzinski,3,Jesse Minter,3,2015 Georgia State Panthers football team
59,Georgia Tech Yellow Jackets,2015,Paul Johnson,8,,,Ted Roof,3,2015 Georgia Tech Yellow Jackets football team
62,Hawai'i Rainbow Warriors,2015,Norm Chow,4,Don Bailey,1,Tom Mason / Abraham Elimimian,,2015 Hawaii Rainbow Warriors football team
248,Houston Cougars,2015,Tom Herman,1,Major Applewhite,1,Todd Orlando,1,2015 Houston Cougars football team
70,Idaho Vandals,2015,Paul Petrino,3,Kris Cinkovich,3,Mike Breske,1,2015 Idaho Vandals football team
356,Illinois Fighting Illini,2015,Bill Cubit,,,,,,2015 Illinois Fighting Illini football team
84,Indiana Hoosiers,2015,Kevin Wilson,5,Kevin Johns,5,Brian Knorr,2,2015 Indiana Hoosiers football team
2294,Iowa Hawkeyes,2015,Kirk Ferentz,17,Greg Davis,4,Phil Parker,4,2015 Iowa Hawkeyes football team
66,Iowa State Cyclones,2015,Paul Rhoads,7,Mark Mangino / Todd Sturdy,,Wally Burnham,7,2015 Iowa State Cyclones football team
2305,Kansas Jayhawks,2015,David Beaty,1,Rob Likens,1,,,2015 Kansas Jayhawks football team
2306,Kansas State Wildcats,2015,Bill Snyder,24,,,Tom Hayes,4,2015 Kansas State Wildcats football team
2309,Kent State Golden Flashes,2015,Paul Haynes,3,Don Treadwell,1,Brian George,3,2015 Kent State Golden Flashes football team
96,Kentucky Wildcats,2015,Mark Stoops,3,Shannon Dawson,1,D. J. Eliot,3,2015 Kentucky Wildcats football team
99,LSU Tigers,2015,Les Miles,11,Cam Cameron,3,Kevin Steele,1,2015 LSU Tigers football team
309,Louisiana Ragin' Cajuns,2015,Mark Hudspeth,5,Jay Johnson,5,,,2015 Louisiana Ragin' Cajuns football team
2348,Louisiana Tech Bulldogs,2015,Skip Holtz,3,Tony Petersen,3,Blake Baker,1,2015 Louisiana Tech Bulldogs football team
97,Louisville Cardinals,2015,Bobby Petrino,6,Garrick McGee,2,Todd Grantham,2,2015 Louisville Cardinals football team
276,Marshall Thundering Herd,2015,Doc Holliday,6,Bill Legg,6,Chuck Heater,3,2015 Marshall Thundering Herd football team
120,Maryland Terrapins,2015,Randy Edsall,5,Mike Locksley,4,Keith Dudzinski,1,2015 Maryland Terrapins football team
113,Massachusetts Minutemen,2015,Mark Whipple,8,,,Tom Masella,4,2015 UMass Minutemen football team
235,Memphis Tigers,2015,Justin Fuente,4,Darrell Dickey,4,Galen Scott,1,2015 Memphis Tigers football team
193,Miami (OH) RedHawks,2015,Chuck Martin,2,,,Matt Pawlowski,2,2015 Miami RedHawks football team
2390,Miami Hurricanes,2015,Al Golden,5,James Coley,3,Mark D'Onofrio,5,2015 Miami Hurricanes football team
127,Michigan State Spartans,2015,Mark Dantonio,9,,,,,2015 Michigan State Spartans football team
130,Michigan Wolverines,2015,Jim Harbaugh,1,Tim Drevno,1,D. J. Durkin / Greg Mattison,,2015 Michigan Wolverines football team
2393,Middle Tennessee Blue Raiders,2015,Rick Stockstill,10,Buster Faulkner,4,,,2015 Middle Tennessee Blue Raiders football team
135,Minnesota Golden Gophers,2015,Jerry Kill,5,Matt Limegrover,5,Tracy Claeys,5,2015 Minnesota Golden Gophers football team
344,Mississippi State Bulldogs,2015,Dan Mullen,7,,,Manny Diaz,2,2015 Mississippi State Bulldogs football team
142,Missouri Tigers,2015,Gary Pinkel,15,Josh Henson,3,Barry Odom,1,2015 Missouri Tigers football team
152,NC State Wolfpack,2015,Dave Doeren,3,Matt Canada,3,Dave Huxtable,3,2015 NC State Wolfpack football team
2426,Navy Midshipmen,2015,Ken Niumatalolo,8,Ivin Jasper,8,Dale Pehrson,,2015 Navy Midshipmen football team
158,Nebraska Cornhuskers,2015,Mike Riley,1,Danny Langsdorf,1,Mark Banker,1,2015 Nebraska Cornhuskers football team
2440,Nevada Wolf Pack,2015,Brian Polian,3,Nick Rolovich,4,,,2015 Nevada Wolf Pack football team
167,New Mexico Lobos,2015,Bob Davie,4,Bob DeBesse,4,Kevin Cosgrove,2,2015 New Mexico Lobos football team
166,New Mexico State Aggies,2015,Doug Martin,3,,,Zane Vance,1,2015 New Mexico State Aggies football team
153,North Carolina Tar Heels,2015,Larry Fedora,4,Seth Littrell,2,Gene Chizik,1,2015 North Carolina Tar Heels football team
249,North Texas Mean Green,2015,Dan McCarney,5,Mike Canales,6,Chris Cosh,1,2015 North Texas Mean Green football team
2459,Northern Illinois Huskies,2015,Rod Carey,3,Bob Cole,3,Jay Niemann,5,2015 Northern Illinois Huskies football team
77,Northwestern Wildcats,2015,Pat Fitzgerald,10,Mick McCall,8,Mike Hankwitz,8,2015 Northwestern Wildcats football team
87,Notre Dame Fighting Irish,2015,Brian Kelly,6,Mike Sanford Jr.,1,Brian VanGorder,2,2015 Notre Dame Fighting Irish football team
195,Ohio Bobcats,2015,Frank Solich,11,Tim Albin,11,Jim Burrow,11,2015 Ohio Bobcats football team
194,Ohio State Buckeyes,2015,Urban Meyer,4,Ed Warinner,4,Luke Fickell,10,2015 Ohio State Buckeyes football team
201,Oklahoma Sooners,2015,Bob Stoops,17,Lincoln Riley,1,Mike Stoops,9,2015 Oklahoma Sooners football team
197,Oklahoma State Cowboys,2015,Mike Gundy,11,Mike Yurcich,3,Glenn Spencer,3,2015 Oklahoma State Cowboys football team
295,Old Dominion Monarchs,2015,Bobby Wilder,7,Brian Scott,7,Rich Nagy,3,2015 Old Dominion Monarchs football team
145,Ole Miss Rebels,2015,Hugh Freeze,4,,,,,2015 Ole Miss Rebels football team
2483,Oregon Ducks,2015,Mark Helfrich,3,Scott Frost / Matt Lubick,,Don Pellum,2,2015 Oregon Ducks football team
204,Oregon State Beavers,2015,Gary Andersen,1,Dave Baldwin,1,Kalani Sitake,1,2015 Oregon State Beavers football team
213,Penn State Nittany Lions,2015,James Franklin,2,John Donovan,2,Bob Shoop,2,2015 Penn State Nittany Lions football team
221,Pittsburgh Panthers,2015,Pat Narduzzi,1,Jim Chaney,1,Josh Conklin,1,2015 Pittsburgh Panthers football team
2509,Purdue Boilermakers,2015,Darrell Hazell,3,John Shoop,3,Greg Hudson,3,2015 Purdue Boilermakers football team
242,Rice Owls,2015,David Bailiff,9,Larry Edmondson,2,Chris Thurmond,4,2015 Rice Owls football team
164,Rutgers Scarlet Knights,2015,Kyle Flood,4,Ben McDaniels,1,Joe Rossi,2,2015 Rutgers Scarlet Knights football team
2567,SMU Mustangs,2015,Chad Morris,1,Joe Craddock,1,Van Malone,1,2015 SMU Mustangs football team
21,San Diego State Aztecs,2015,Rocky Long,5,Jeff Horton,1,,,2015 San Diego State Aztecs football team
23,San José State Spartans,2015,Ron Caragher,3,Al Borges,1,Greg Robinson,2,2015 San Jose State Spartans football team
6,South Alabama Jaguars,2015,Joey Jones,7,Bryant Vincent,1,Travis Pearson,2,2015 South Alabama Jaguars football team
2579,South Carolina Gamecocks,2015,Steve Spurrier,11,G. A. Mangus,1,,,2015 South Carolina Gamecocks football team
58,South Florida Bulls,2015,Willie Taggart,3,,,Tom Allen,1,2015 South Florida Bulls football team
2572,Southern Miss Golden Eagles,2015,Todd Monken,3,Chip Lindsey,2,David Duggan,4,2015 Southern Miss Golden Eagles football team
24,Stanford Cardinal,2015,David Shaw,5,Mike Bloomgren,3,Lance Anderson,2,2015 Stanford Cardinal football team
183,Syracuse Orange,2015,Scott Shafer,3,Tim Lester,1,Chuck Bullough,3,2015 Syracuse Orange football team
2628,TCU Horned Frogs,2015,Gary Patterson,15,,,,,2015 TCU Horned Frogs football team
218,Temple Owls,2015,Matt Rhule,3,Marcus Satterfield,3,Phil Snow,3,2015 Temple Owls football team
2633,Tennessee Volunteers,2015,Butch Jones,3,Mike DeBord,1,John Jancek,3,2015 Tennessee Volunteers football team
245,Texas A&M Aggies,2015,Kevin Sumlin,4,Jake Spavital,3,John Chavis,1,2015 Texas A&M Aggies football team
251,Texas Longhorns,2015,Charlie Strong,2,Joe Wickline,2,Vance Bedford,2,2015 Texas Longhorns football team
326,Texas State Bobcats,2015,Dennis Franchione,7,,,John Thompson,2,2015 Texas State Bobcats football team
2641,Texas Tech Red Raiders,2015,Kliff Kingsbury,3,Eric Morris,3,David Gibbs,1,2015 Texas Tech Red Raiders football team
2649,Toledo Rockets,2015,Matt Campbell,4,Jason Candle,3,Jon Heacock,2,2015 Toledo Rockets football team
2653,Troy Trojans,2015,Neal Brown,1,Kenny Edenfield,6,Vic Koenning,3,2015 Troy Trojans football team
2655,Tulane Green Wave,2015,Curtis Johnson,4,Eric Price,4,,,2015 Tulane Green Wave football team
202,Tulsa Golden Hurricane,2015,Philip Montgomery,1,,,,,2015 Tulsa Golden Hurricane football team
2116,UCF Knights,2015,George O'Leary,12,Brent Key,1,Chuck Bresnahan,1,2015 UCF Knights football team
26,UCLA Bruins,2015,Jim L. Mora,4,Noel Mazzone,4,Tom Bradley,1,2015 UCLA Bruins football team
41,UConn Huskies,2015,Bob Diaco,2,Frank Verducci,1,Anthony Poindexter,2,2015 UConn Huskies football team
2433,UL Monroe Warhawks,2015,Todd Berry,6,Steve Farmer,8,,,2015 Louisiana–Monroe Warhawks football team
2439,UNLV Rebels,2015,Tony Sanchez,1,Barney Cotton,1,Kent Baer,1,2015 UNLV Rebels football team
30,USC Trojans,2015,Steve Sarkisian,2,,,Justin Wilcox,2,2015 USC Trojans football team
2638,UTEP Miners,2015,Sean Kugler,3,Patrick Higgins,3,Scott Stoker,3,2015 UTEP Miners football team
2636,UTSA Roadrunners,2015,Larry Coker,5,Kevin Brown,4,Neal Neathery,5,2015 UTSA Roadrunners football team
328,Utah State Aggies,2015,Matt Wells,3,Josh Heupel,1,Kevin Clune,1,2015 Utah State Aggies football team
254,Utah Utes,2015,Kyle Whittingham,11,,,John Pease,1,2015 Utah Utes football team
238,Vanderbilt Commodores,2015,Derek Mason,2,Andy Ludwig,1,,,2015 Vanderbilt Commodores football team
258,Virginia Cavaliers,2015,Mike London,6,Steve Fairchild,3,Jon Tenuta,3,2015 Virginia Cavaliers football team
259,Virginia Tech Hokies,2015,Frank Beamer,29,Scot Loeffler,3,Bud Foster,21,2015 Virginia Tech Hokies football team
154,Wake Forest Demon Deacons,2015,Dave Clawson,2,Warren Ruggiero,2,Mike Elko,2,2015 Wake Forest Demon Deacons football team
264,Washington Huskies,2015,Chris Petersen,2,Jonathan Smith,2,Pete Kwiatkowski,2,2015 Washington Huskies football team
265,Washington State Cougars,2015,Mike Leach,4,,,Alex Grinch,1,2015 Washington State Cougars football team
277,West Virginia Mountaineers,2015,Dana Holgorsen,5,,,Tony Gibson,2,2015 West Virginia Mountaineers football team
98,Western Kentucky Hilltoppers,2015,Jeff Brohm,2,Tyson Helton,2,Nick Holt,3,2015 Western Kentucky Hilltoppers football team
2711,Western Michigan Broncos,2015,P. J. Fleck,3,Kirk Ciarrocca,3,Ed Pinkham,3,2015 Western Michigan Broncos football team
275,Wisconsin Badgers,2015,Paul Chryst,1,Joe Rudolph,1,Dave Aranda,3,2015 Wisconsin Badgers football team
2751,Wyoming Cowboys,2015,Craig Bohl,2,Brent Vigen,2,Steve Stanard,2,2015 Wyoming Cowboys football team
2005,Air Force Falcons,2016,Troy Calhoun,10,Mike Thiessen,8,Steve Russ,5,2016 Air Force Falcons football team
2006,Akron Zips,2016,Terry Bowden,5,A. J. Milwee,4,Chuck Amato,5,2016 Akron Zips football team
333,Alabama Crimson Tide,2016,Nick Saban,10,Lane Kiffin / Steve Sarkisian,,Jeremy Pruitt,1,2016 Alabama Crimson Tide football team
2026,App State Mountaineers,2016,Scott Satterfield,4,,,Nate Woody,4,2016 Appalachian State Mountaineers football team
9,Arizona State Sun Devils,2016,Todd Graham,5,Chip Lindsey,1,Keith Patterson,3,2016 Arizona State Sun Devils football team
12,Arizona Wildcats,2016,Rich Rodriguez,5,,,Marcel Yates,1,2016 Arizona Wildcats football team
8,Arkansas Razorbacks,2016,Bret Bielema,4,Dan Enos,2,Robb Smith,3,2016 Arkansas Razorbacks football team
2032,Arkansas State Red Wolves,2016,Blake Anderson,3,,,Joe Cauthen,3,2016 Arkansas State Red Wolves football team
349,Army Black Knights,2016,Jeff Monken,3,Brent Davis,3,Jay Bateman,3,2016 Army Black Knights football team
2,Auburn Tigers,2016,Gus Malzahn,4,Rhett Lashlee,4,Kevin Steele,1,2016 Auburn Tigers football team
252,BYU Cougars,2016,Kalani Sitake,1,Ty Detmer,1,Ilaisa Tuiaki,1,2016 BYU Cougars football team
2050,Ball State Cardinals,2016,Mike Neu,1,Joey Lynch,3,Tim Daoust,1,2016 Ball State Cardinals football team
239,Baylor Bears,2016,Jim Grobe,,Kendal Briles,2,Phil Bennett,6,2016 Baylor Bears football team
68,Boise State Broncos,2016,Bryan Harsin,3,,,Andy Avalos,1,2016 Boise State Broncos football team
103,Boston College Eagles,2016,Steve Addazio,4,Scot Loeffler,1,Jim Reid,2,2016 Boston College Eagles football team
189,Bowling Green Falcons,2016,Mike Jinks,1,,,,,2016 Bowling Green Falcons football team
2084,Buffalo Bulls,2016,Lance Leipold,2,Andy Kotelnicki,2,Brian Borland,2,2016 Buffalo Bulls football team
25,California Golden Bears,2016,Sonny Dykes,4,Jake Spavital,1,Art Kaufman,3,2016 California Golden Bears football team
2117,Central Michigan Chippewas,2016,John Bonamego,2,Morris Watts,3,Greg Colby,2,2016 Central Michigan Chippewas football team
2429,Charlotte 49ers,2016,Brad Lambert,4,Jeff Mullen,4,Matt Wallerstedt,2,2016 Charlotte 49ers football team
2132,Cincinnati Bearcats,2016,Tommy Tuberville,4,Zac Taylor,1,Robert Prunty,4,2016 Cincinnati Bearcats football team
228,Clemson Tigers,2016,Dabo Swinney,8,,,Brent Venables,5,2016 Clemson Tigers football team
38,Colorado Buffaloes,2016,Mike MacIntyre,4,,,Jim Leavitt,2,2016 Colorado Buffaloes football team
36,Colorado State Rams,2016,Mike Bobo,2,Will Friend,2,Marty English,4,2016 Colorado State Rams football team
150,Duke Blue Devils,2016,David Cutcliffe,9,Zac Roper,1,Jim Knowles,7,2016 Duke Blue Devils football team
151,East Carolina Pirates,2016,Scottie Montgomery,1,Tony Petersen,1,Kenwick Thompson,1,2016 East Carolina Pirates football team
2199,Eastern Michigan Eagles,2016,Chris Creighton,3,Kalen DeBoer,3,Neal Neathery,1,2016 Eastern Michigan Eagles football team
2226,Florida Atlantic Owls,2016,Charlie Partridge,3,Travis Trickett,1,Roc Bellantoni,3,2016 Florida Atlantic Owls football team
57,Florida Gators,2016,Jim McElwain,2,Doug Nussmeier,2,Geoff Collins,2,2016 Florida Gators football team
2229,Florida International Panthers,2016,Ron Turner,4,Steve Shankweiler,3,Ron Cooper,1,2016 FIU Panthers football team
52,Florida State Seminoles,2016,Jimbo Fisher,7,,,Charles Kelly,3,2016 Florida State Seminoles football team
278,Fresno State Bulldogs,2016,Tim DeRuyter,5,Eric Kiesau,1,Lorenzo Ward,1,2016 Fresno State Bulldogs football team
61,Georgia Bulldogs,2016,Kirby Smart,1,Jim Chaney,1,Mel Tucker,1,2016 Georgia Bulldogs football team
290,Georgia Southern Eagles,2016,Tyson Summers,1,,,Lorenzo Costantini,1,2016 Georgia Southern Eagles football team
2247,Georgia State Panthers,2016,Trent Miles,4,Luke Huard,1,Jesse Minter,4,2016 Georgia State Panthers football team
59,Georgia Tech Yellow Jackets,2016,Paul Johnson,9,,,Ted Roof,4,2016 Georgia Tech Yellow Jackets football team
62,Hawai'i Rainbow Warriors,2016,Nick Rolovich,1,Brian Smith,1,Kevin Lempa,4,2016 Hawaii Rainbow Warriors football team
248,Houston Cougars,2016,Tom Herman,2,Major Applewhite,2,Todd Orlando,2,2016 Houston Cougars football team
70,Idaho Vandals,2016,Paul Petrino,4,Kris Cinkovich,4,Mike Breske,2,2016 Idaho Vandals football team
356,Illinois Fighting Illini,2016,Lovie Smith,1,Garrick McGee,1,Hardy Nickerson,1,2016 Illinois Fighting Illini football team
84,Indiana Hoosiers,2016,Kevin Wilson,6,Kevin Johns,6,Tom Allen,1,2016 Indiana Hoosiers football team
2294,Iowa Hawkeyes,2016,Kirk Ferentz,18,Greg Davis,5,Phil Parker,5,2016 Iowa Hawkeyes football team
66,Iowa State Cyclones,2016,Matt Campbell,1,Tom Manning,1,Jon Heacock,1,2016 Iowa State Cyclones football team
2305,Kansas Jayhawks,2016,David Beaty,2,Rob Likens,2,,,2016 Kansas Jayhawks football team
2306,Kansas State Wildcats,2016,Bill Snyder,25,,,Tom Hayes,5,2016 Kansas State Wildcats football team
2309,Kent State Golden Flashes,2016,Paul Haynes,4,Don Treadwell,2,Ben Needham,1,2016 Kent State Golden Flashes football team
96,Kentucky Wildcats,2016,Mark Stoops,4,Eddie Gran,1,D. J. Eliot,4,2016 Kentucky Wildcats football team
99,LSU Tigers,2016,Les Miles,12,Cam Cameron / Steve Ensminger,,Dave Aranda,1,2016 LSU Tigers football team
309,Louisiana Ragin' Cajuns,2016,Mark Hudspeth,6,Jorge Munoz,1,Charlie Harbison,2,2016 Louisiana Ragin' Cajuns football team
2348,Louisiana Tech Bulldogs,2016,Skip Holtz,4,Todd Fitch,1,Blake Baker,2,2016 Louisiana Tech Bulldogs football team
97,Louisville Cardinals,2016,Bobby Petrino,7,,,Todd Grantham,3,2016 Louisville Cardinals football team
276,Marshall Thundering Herd,2016,Doc Holliday,7,Bill Legg,7,Chuck Heater,4,2016 Marshall Thundering Herd football team
120,Maryland Terrapins,2016,D. J. Durkin,1,Walt Bell,1,Andy Buh,1,2016 Maryland Terrapins football team
113,Massachusetts Minutemen,2016,Mark Whipple,9,,,Tom Masella,5,2016 UMass Minutemen football team
235,Memphis Tigers,2016,Mike Norvell,1,Chip Long,1,Chris Ball,1,2016 Memphis Tigers football team
193,Miami (OH) RedHawks,2016,Chuck Martin,3,,,,,2016 Miami RedHawks football team
2390,Miami Hurricanes,2016,Mark Richt,1,Thomas Brown,1,Manny Diaz,1,2016 Miami Hurricanes football team
127,Michigan State Spartans,2016,Mark Dantonio,10,,,,,2016 Michigan State Spartans football team
130,Michigan Wolverines,2016,Jim Harbaugh,2,Tim Drevno,2,Don Brown,1,2016 Michigan Wolverines football team
2393,Middle Tennessee Blue Raiders,2016,Rick Stockstill,11,Tony Franklin,1,Tyrone Nix,5,2016 Middle Tennessee Blue Raiders football team
135,Minnesota Golden Gophers,2016,Tracy Claeys,1,Jay Johnson,1,Jay Sawvel,1,2016 Minnesota Golden Gophers football team
344,Mississippi State Bulldogs,2016,Dan Mullen,8,,,Peter Sirmon,1,2016 Mississippi State Bulldogs football team
142,Missouri Tigers,2016,Barry Odom,1,Josh Heupel,1,DeMontie Cross,1,2016 Missouri Tigers football team
152,NC State Wolfpack,2016,Dave Doeren,4,Eliah Drinkwitz,1,Dave Huxtable,4,2016 NC State Wolfpack football team
2426,Navy Midshipmen,2016,Ken Niumatalolo,9,Ivin Jasper,9,Dale Pehrson,1,2016 Navy Midshipmen football team
158,Nebraska Cornhuskers,2016,Mike Riley,2,Danny Langsdorf,2,Mark Banker,2,2016 Nebraska Cornhuskers football team
2440,Nevada Wolf Pack,2016,Brian Polian,4,Tim Cramsey,1,,,2016 Nevada Wolf Pack football team
167,New Mexico Lobos,2016,Bob Davie,5,Bob DeBesse,5,Kevin Cosgrove,3,2016 New Mexico Lobos football team
166,New Mexico State Aggies,2016,Doug Martin,4,,,Frank Spaziani,1,2016 New Mexico State Aggies football team
153,North Carolina Tar Heels,2016,Larry Fedora,5,,,Gene Chizik,2,2016 North Carolina Tar Heels football team
249,North Texas Mean Green,2016,Seth Littrell,1,Graham Harrell,1,Mike Ekeler,1,2016 North Texas Mean Green football team
2459,Northern Illinois Huskies,2016,Rod Carey,4,Mike Uremovich,1,Kevin Kane,1,2016 Northern Illinois Huskies football team
77,Northwestern Wildcats,2016,Pat Fitzgerald,11,Mick McCall,9,Mike Hankwitz,9,2016 Northwestern Wildcats football team
87,Notre Dame Fighting Irish,2016,Brian Kelly,7,Mike Sanford Jr.,2,Brian VanGorder / Greg Hudson,,2016 Notre Dame Fighting Irish football team
195,Ohio Bobcats,2016,Frank Solich,12,Tim Albin,12,Jim Burrow,12,2016 Ohio Bobcats football team
194,Ohio State Buckeyes,2016,Urban Meyer,5,Ed Warinner,5,Luke Fickell,11,2016 Ohio State Buckeyes football team
201,Oklahoma Sooners,2016,Bob Stoops,18,Lincoln Riley,2,Mike Stoops,10,2016 Oklahoma Sooners football team
197,Oklahoma State Cowboys,2016,Mike Gundy,12,Mike Yurcich,4,Glenn Spencer,4,2016 Oklahoma State Cowboys football team
295,Old Dominion Monarchs,2016,Bobby Wilder,8,Brian Scott,8,Rich Nagy,4,2016 Old Dominion Monarchs football team
145,Ole Miss Rebels,2016,Hugh Freeze,5,,,,,2016 Ole Miss Rebels football team
2483,Oregon Ducks,2016,Mark Helfrich,4,Matt Lubick,1,Brady Hoke,1,2016 Oregon Ducks football team
204,Oregon State Beavers,2016,Gary Andersen,2,,,Kevin Clune,1,2016 Oregon State Beavers football team
213,Penn State Nittany Lions,2016,James Franklin,3,Joe Moorhead,1,Brent Pry,1,2016 Penn State Nittany Lions football team
221,Pittsburgh Panthers,2016,Pat Narduzzi,2,Matt Canada,1,Josh Conklin,2,2016 Pittsburgh Panthers football team
2509,Purdue Boilermakers,2016,Darrell Hazell,4,Terry Malone,1,Ross Els,1,2016 Purdue Boilermakers football team
242,Rice Owls,2016,David Bailiff,10,Larry Edmondson,3,Chris Thurmond,5,2016 Rice Owls football team
164,Rutgers Scarlet Knights,2016,Chris Ash,1,Drew Mehringer,1,Jay Niemann,1,2016 Rutgers Scarlet Knights football team
2567,SMU Mustangs,2016,Chad Morris,2,Joe Craddock,2,Van Malone,2,2016 SMU Mustangs football team
21,San Diego State Aztecs,2016,Rocky Long,6,Jeff Horton,2,Rocky Long,8,2016 San Diego State Aztecs football team
23,San José State Spartans,2016,Ron Caragher,4,Al Borges,2,Ron English,1,2016 San Jose State Spartans football team
6,South Alabama Jaguars,2016,Joey Jones,8,Bryant Vincent,2,Kane Wommack,1,2016 South Alabama Jaguars football team
2579,South Carolina Gamecocks,2016,Will Muschamp,1,Kurt Roper,1,Travaris Robinson,1,2016 South Carolina Gamecocks football team
58,South Florida Bulls,2016,Willie Taggart,4,,,Raymond Woodie Jr.,1,2016 South Florida Bulls football team
2572,Southern Miss Golden Eagles,2016,Jay Hopson,1,Shannon Dawson,1,Tony Pecoraro,1,2016 Southern Miss Golden Eagles football team
24,Stanford Cardinal,2016,David Shaw,6,Mike Bloomgren,4,Lance Anderson,3,2016 Stanford Cardinal football team
183,Syracuse Orange,2016,Dino Babers,1,,,Brian Ward,1,2016 Syracuse Orange football team
2628,TCU Horned Frogs,2016,Gary Patterson,16,,,Chad Glasgow,2,2016 TCU Horned Frogs football team
218,Temple Owls,2016,Matt Rhule,4,Glenn Thomas,1,Phil Snow,4,2016 Temple Owls football team
2633,Tennessee Volunteers,2016,Butch Jones,4,Mike DeBord,2,Bob Shoop,1,2016 Tennessee Volunteers football team
245,Texas A&M Aggies,2016,Kevin Sumlin,5,Noel Mazzone,1,John Chavis,2,2016 Texas A&M Aggies football team
251,Texas Longhorns,2016,Charlie Strong,3,Sterlin Gilbert,1,Vance Bedford,3,2016 Texas Longhorns football team
326,Texas State Bobcats,2016,Everett Withers,1,Brett Elliott,1,Randall McCray,1,2016 Texas State Bobcats football team
2641,Texas Tech Red Raiders,2016,Kliff Kingsbury,4,Eric Morris,4,David Gibbs,2,2016 Texas Tech Red Raiders football team
2649,Toledo Rockets,2016,Jason Candle,1,Brian Wright,1,Brian George,1,2016 Toledo Rockets football team
2653,Troy Trojans,2016,Neal Brown,2,,,Vic Koenning,4,2016 Troy Trojans football team
2655,Tulane Green Wave,2016,Willie Fritz,1,Doug Ruse,1,Jack Curtis,1,2016 Tulane Green Wave football team
202,Tulsa Golden Hurricane,2016,Philip Montgomery,2,Philip Montgomery,1,,,2016 Tulsa Golden Hurricane football team
2116,UCF Knights,2016,Scott Frost,1,Troy Walters,1,Erik Chinander,1,2016 UCF Knights football team
26,UCLA Bruins,2016,Jim L. Mora,5,Kennedy Polamalu,1,Tom Bradley,2,2016 UCLA Bruins football team
41,UConn Huskies,2016,Bob Diaco,3,Frank Verducci / David Corley Jr.,,Anthony Poindexter,2,2016 UConn Huskies football team
2433,UL Monroe Warhawks,2016,Matt Viator,1,Matt Kubik,1,Mike Collins,1,2016 Louisiana–Monroe Warhawks football team
2439,UNLV Rebels,2016,Tony Sanchez,2,Barney Cotton,2,Kent Baer,2,2016 UNLV Rebels football team
30,USC Trojans,2016,Clay Helton,1,Tee Martin,2,Clancy Pendergast,2,2016 USC Trojans football team
2638,UTEP Miners,2016,Sean Kugler,4,Brent Pease,1,Tom Mason,1,2016 UTEP Miners football team
2636,UTSA Roadrunners,2016,Frank Wilson,1,Frank Scelfo,1,Pete Golding,1,2016 UTSA Roadrunners football team
328,Utah State Aggies,2016,Matt Wells,4,,,,,2016 Utah State Aggies football team
254,Utah Utes,2016,Kyle Whittingham,12,,,Morgan Scalley,1,2016 Utah Utes football team
238,Vanderbilt Commodores,2016,Derek Mason,3,Andy Ludwig,2,,,2016 Vanderbilt Commodores football team
258,Virginia Cavaliers,2016,Bronco Mendenhall,1,Robert Anae,1,Nick Howell,1,2016 Virginia Cavaliers football team
259,Virginia Tech Hokies,2016,Justin Fuente,1,Brad Cornelsen,1,Bud Foster,22,2016 Virginia Tech Hokies football team
154,Wake Forest Demon Deacons,2016,Dave Clawson,3,Warren Ruggiero,3,Mike Elko,3,2016 Wake Forest Demon Deacons football team
264,Washington Huskies,2016,Chris Petersen,3,Jonathan Smith,3,Pete Kwiatkowski,3,2016 Washington Huskies football team
265,Washington State Cougars,2016,Mike Leach,5,,,Alex Grinch,2,2016 Washington State Cougars football team
277,West Virginia Mountaineers,2016,Dana Holgorsen,6,,,Tony Gibson,3,2016 West Virginia Mountaineers football team
98,Western Kentucky Hilltoppers,2016,Jeff Brohm,3,,,Nick Holt,4,2016 Western Kentucky Hilltoppers football team
2711,Western Michigan Broncos,2016,P. J. Fleck,4,Kirk Ciarrocca,4,Ed Pinkham,4,2016 Western Michigan Broncos football team
275,Wisconsin Badgers,2016,Paul Chryst,2,Joe Rudolph,2,Justin Wilcox,1,2016 Wisconsin Badgers football team
2751,Wyoming Cowboys,2016,Craig Bohl,3,Brent Vigen,3,Steve Stanard,3,2016 Wyoming Cowboys football team
2005,Air Force Falcons,2017,Troy Calhoun,11,Mike Thiessen,9,Steve Russ,6,2017 Air Force Falcons football team
2006,Akron Zips,2017,Terry Bowden,6,A. J. Milwee,5,Chuck Amato,6,2017 Akron Zips football team
333,Alabama Crimson Tide,2017,Nick Saban,11,Brian Daboll,1,Jeremy Pruitt,2,2017 Alabama Crimson Tide football team
2026,App State Mountaineers,2017,Scott Satterfield,5,,,Nate Woody,5,2017 Appalachian State Mountaineers football team
9,Arizona State Sun Devils,2017,Todd Graham,6,Billy Napier,1,Phil Bennett,1,2017 Arizona State Sun Devils football team
12,Arizona Wildcats,2017,Rich Rodriguez,6,,,Marcel Yates,2,2017 Arizona Wildcats football team
8,Arkansas Razorbacks,2017,Bret Bielema,5,Dan Enos,3,Paul Rhoads,1,2017 Arkansas Razorbacks football team
2032,Arkansas State Red Wolves,2017,Blake Anderson,4,Buster Faulkner,2,Joe Cauthen,4,2017 Arkansas State Red Wolves football team
349,Army Black Knights,2017,Jeff Monken,4,Brent Davis,4,Jay Bateman,4,2017 Army Black Knights football team
2,Auburn Tigers,2017,Gus Malzahn,5,Chip Lindsey,1,Kevin Steele,2,2017 Auburn Tigers football team
252,BYU Cougars,2017,Kalani Sitake,2,Ty Detmer,2,Ilaisa Tuiaki,2,2017 BYU Cougars football team
2050,Ball State Cardinals,2017,Mike Neu,2,Joey Lynch,4,David Elson,1,2017 Ball State Cardinals football team
239,Baylor Bears,2017,Matt Rhule,1,,,Phil Snow,1,2017 Baylor Bears football team
68,Boise State Broncos,2017,Bryan Harsin,4,Zak Hill,2,Andy Avalos,2,2017 Boise State Broncos football team
103,Boston College Eagles,2017,Steve Addazio,5,Scot Loeffler,2,Jim Reid,3,2017 Boston College Eagles football team
189,Bowling Green Falcons,2017,Mike Jinks,2,,,Perry Eliano,2,2017 Bowling Green Falcons football team
2084,Buffalo Bulls,2017,Lance Leipold,3,Andy Kotelnicki,3,Brian Borland,3,2017 Buffalo Bulls football team
25,California Golden Bears,2017,Justin Wilcox,1,Beau Baldwin,1,Tim DeRuyter,1,2017 California Golden Bears football team
2117,Central Michigan Chippewas,2017,John Bonamego,3,Chris Ostrowsky,1,Greg Colby,3,2017 Central Michigan Chippewas football team
2429,Charlotte 49ers,2017,Brad Lambert,5,Jeff Mullen / Greg Adkins,,Matt Wallerstedt,3,2017 Charlotte 49ers football team
2132,Cincinnati Bearcats,2017,Luke Fickell,1,Mike Denbrock,1,Marcus Freeman,1,2017 Cincinnati Bearcats football team
228,Clemson Tigers,2017,Dabo Swinney,9,,,Brent Venables,6,2017 Clemson Tigers football team
324,Coastal Carolina Chanticleers,2017,Jamey Chadwell,,Jamey Chadwell,1,Mickey Matthews,2,2017 Coastal Carolina Chanticleers football team
38,Colorado Buffaloes,2017,Mike MacIntyre,5,,,D. J. Eliot,1,2017 Colorado Buffaloes football team
36,Colorado State Rams,2017,Mike Bobo,3,Will Friend,3,Marty English,5,2017 Colorado State Rams football team
150,Duke Blue Devils,2017,David Cutcliffe,10,Zac Roper,2,Jim Knowles,8,2017 Duke Blue Devils football team
151,East Carolina Pirates,2017,Scottie Montgomery,2,Tony Petersen,2,Kenwick Thompson,2,2017 East Carolina Pirates football team
2199,Eastern Michigan Eagles,2017,Chris Creighton,4,Aaron Keen,1,Neal Neathery,2,2017 Eastern Michigan Eagles football team
2226,Florida Atlantic Owls,2017,Lane Kiffin,1,Kendal Briles,1,Chris Kiffin,1,2017 Florida Atlantic Owls football team
57,Florida Gators,2017,Jim McElwain,3,Doug Nussmeier,3,Randy Shannon,1,2017 Florida Gators football team
2229,Florida International Panthers,2017,Butch Davis,1,Rich Skrosky,1,Brent Guy,1,2017 FIU Panthers football team
52,Florida State Seminoles,2017,Jimbo Fisher,8,,,Charles Kelly,4,2017 Florida State Seminoles football team
278,Fresno State Bulldogs,2017,Jeff Tedford,1,Kalen DeBoer,1,Orlondo Steinauer,1,2017 Fresno State Bulldogs football team
61,Georgia Bulldogs,2017,Kirby Smart,2,Jim Chaney,2,Mel Tucker,2,2017 Georgia Bulldogs football team
290,Georgia Southern Eagles,2017,Tyson Summers,2,Bryan Cook,1,Lorenzo Costantini,2,2017 Georgia Southern Eagles football team
2247,Georgia State Panthers,2017,Shawn Elliott,1,Travis Trickett,1,Nate Fuqua,1,2017 Georgia State Panthers football team
59,Georgia Tech Yellow Jackets,2017,Paul Johnson,10,,,Ted Roof,5,2017 Georgia Tech Yellow Jackets football team
62,Hawai'i Rainbow Warriors,2017,Nick Rolovich,2,Brian Smith,2,Legi Suiaunoa,1,2017 Hawaii Rainbow Warriors football team
248,Houston Cougars,2017,Major Applewhite,1,Brian Johnson,1,Mark D'Onofrio,1,2017 Houston Cougars football team
70,Idaho Vandals,2017,Paul Petrino,5,Kris Cinkovich,5,Mike Breske,3,2017 Idaho Vandals football team
356,Illinois Fighting Illini,2017,Lovie Smith,2,Garrick McGee,2,Hardy Nickerson,2,2017 Illinois Fighting Illini football team
84,Indiana Hoosiers,2017,Tom Allen,1,Mike DeBord,1,Mark Hagen,1,2017 Indiana Hoosiers football team
2294,Iowa Hawkeyes,2017,Kirk Ferentz,19,Brian Ferentz,1,Phil Parker,6,2017 Iowa Hawkeyes football team
66,Iowa State Cyclones,2017,Matt Campbell,2,Tom Manning,2,Jon Heacock,2,2017 Iowa State Cyclones football team
2305,Kansas Jayhawks,2017,David Beaty,3,Doug Meacham,1,,,2017 Kansas Jayhawks football team
2306,Kansas State Wildcats,2017,Bill Snyder,26,Dana Dimel,11,Tom Hayes,6,2017 Kansas State Wildcats football team
2309,Kent State Golden Flashes,2017,Paul Haynes,5,Don Treadwell,3,,,2017 Kent State Golden Flashes football team
96,Kentucky Wildcats,2017,Mark Stoops,5,Eddie Gran,2,Matt House,1,2017 Kentucky Wildcats football team
99,LSU Tigers,2017,Ed Orgeron,1,Matt Canada,1,Dave Aranda,2,2017 LSU Tigers football team
309,Louisiana Ragin' Cajuns,2017,Mark Hudspeth,7,Rob Sale,1,Charlie Harbison,3,2017 Louisiana Ragin' Cajuns football team
2348,Louisiana Tech Bulldogs,2017,Skip Holtz,5,Todd Fitch,2,Blake Baker,3,2017 Louisiana Tech Bulldogs football team
97,Louisville Cardinals,2017,Bobby Petrino,8,,,Peter Sirmon,1,2017 Louisville Cardinals football team
276,Marshall Thundering Herd,2017,Doc Holliday,8,Bill Legg,8,Chuck Heater,5,2017 Marshall Thundering Herd football team
120,Maryland Terrapins,2017,D. J. Durkin,2,Walt Bell,2,Andy Buh,2,2017 Maryland Terrapins football team
113,Massachusetts Minutemen,2017,Mark Whipple,10,,,Ed Pinkham,1,2017 UMass Minutemen football team
235,Memphis Tigers,2017,Mike Norvell,2,Darrell Dickey,6,Chris Ball,2,2017 Memphis Tigers football team
193,Miami (OH) RedHawks,2017,Chuck Martin,4,,,,,2017 Miami RedHawks football team
2390,Miami Hurricanes,2017,Mark Richt,2,Thomas Brown,2,Manny Diaz,2,2017 Miami Hurricanes football team
127,Michigan State Spartans,2017,Mark Dantonio,11,,,,,2017 Michigan State Spartans football team
130,Michigan Wolverines,2017,Jim Harbaugh,3,Tim Drevno,3,Don Brown,2,2017 Michigan Wolverines football team
2393,Middle Tennessee Blue Raiders,2017,Rick Stockstill,12,Tony Franklin,2,Scott Shafer,1,2017 Middle Tennessee Blue Raiders football team
135,Minnesota Golden Gophers,2017,P. J. Fleck,1,Kirk Ciarrocca,1,Robb Smith,1,2017 Minnesota Golden Gophers football team
344,Mississippi State Bulldogs,2017,Dan Mullen,9,,,Todd Grantham,1,2017 Mississippi State Bulldogs football team
142,Missouri Tigers,2017,Barry Odom,2,Josh Heupel,2,,,2017 Missouri Tigers football team
152,NC State Wolfpack,2017,Dave Doeren,5,Eliah Drinkwitz,2,Dave Huxtable,5,2017 NC State Wolfpack football team
2426,Navy Midshipmen,2017,Ken Niumatalolo,10,Ivin Jasper,10,Dale Pehrson,2,2017 Navy Midshipmen football team
158,Nebraska Cornhuskers,2017,Mike Riley,3,Danny Langsdorf,3,Bob Diaco,1,2017 Nebraska Cornhuskers football team
2440,Nevada Wolf Pack,2017,Jay Norvell,1,Matt Mumme,1,Jeff Casteel,1,2017 Nevada Wolf Pack football team
167,New Mexico Lobos,2017,Bob Davie,6,Bob DeBesse,6,Kevin Cosgrove,4,2017 New Mexico Lobos football team
166,New Mexico State Aggies,2017,Doug Martin,5,,,Frank Spaziani,2,2017 New Mexico State Aggies football team
153,North Carolina Tar Heels,2017,Larry Fedora,6,,,John Papuchis,1,2017 North Carolina Tar Heels football team
249,North Texas Mean Green,2017,Seth Littrell,2,Graham Harrell,2,Troy Reffett,2,2017 North Texas Mean Green football team
2459,Northern Illinois Huskies,2017,Rod Carey,5,Mike Uremovich,2,Kevin Kane,2,2017 Northern Illinois Huskies football team
77,Northwestern Wildcats,2017,Pat Fitzgerald,12,Mick McCall,10,Mike Hankwitz,10,2017 Northwestern Wildcats football team
87,Notre Dame Fighting Irish,2017,Brian Kelly,8,Chip Long,1,Mike Elko,1,2017 Notre Dame Fighting Irish football team
195,Ohio Bobcats,2017,Frank Solich,13,Tim Albin,13,,,2017 Ohio Bobcats football team
194,Ohio State Buckeyes,2017,Urban Meyer,6,Kevin Wilson,1,Greg Schiano,2,2017 Ohio State Buckeyes football team
201,Oklahoma Sooners,2017,Lincoln Riley,1,,,Mike Stoops,11,2017 Oklahoma Sooners football team
197,Oklahoma State Cowboys,2017,Mike Gundy,13,Mike Yurcich,5,Glenn Spencer,5,2017 Oklahoma State Cowboys football team
295,Old Dominion Monarchs,2017,Bobby Wilder,9,Brian Scott,9,Rich Nagy,5,2017 Old Dominion Monarchs football team
145,Ole Miss Rebels,2017,Matt Luke,1,Phil Longo,1,Wesley McGriff,2,2017 Ole Miss Rebels football team
2483,Oregon Ducks,2017,Willie Taggart,1,,,Jim Leavitt,1,2017 Oregon Ducks football team
204,Oregon State Beavers,2017,Gary Andersen,3,,,Kevin Clune,2,2017 Oregon State Beavers football team
213,Penn State Nittany Lions,2017,James Franklin,4,Joe Moorhead / Ricky Rahne,,Brent Pry,2,2017 Penn State Nittany Lions football team
221,Pittsburgh Panthers,2017,Pat Narduzzi,3,Shawn Watson,1,Josh Conklin,3,2017 Pittsburgh Panthers football team
2509,Purdue Boilermakers,2017,Jeff Brohm,1,,,,,2017 Purdue Boilermakers football team
242,Rice Owls,2017,David Bailiff,11,Billy Lynch,4,Brian Stewart,1,2017 Rice Owls football team
164,Rutgers Scarlet Knights,2017,Chris Ash,2,Jerry Kill,1,Jay Niemann,2,2017 Rutgers Scarlet Knights football team
2567,SMU Mustangs,2017,Chad Morris,3,Joe Craddock,3,Van Malone,3,2017 SMU Mustangs football team
21,San Diego State Aztecs,2017,Rocky Long,7,Jeff Horton,3,Danny Gonzales,1,2017 San Diego State Aztecs football team
23,San José State Spartans,2017,Brent Brennan,1,Andrew Sowder,1,Derrick Odum,1,2017 San Jose State Spartans football team
6,South Alabama Jaguars,2017,Joey Jones,9,Bryant Vincent / Richard Owens,,Kane Wommack,2,2017 South Alabama Jaguars football team
2579,South Carolina Gamecocks,2017,Will Muschamp,2,Kurt Roper,2,Travaris Robinson,2,2017 South Carolina Gamecocks football team
58,South Florida Bulls,2017,Charlie Strong,1,Sterlin Gilbert,1,Brian Jean-Mary,1,2017 South Florida Bulls football team
2572,Southern Miss Golden Eagles,2017,Jay Hopson,2,Shannon Dawson,2,Tony Pecoraro,2,2017 Southern Miss Golden Eagles football team
24,Stanford Cardinal,2017,David Shaw,7,Mike Bloomgren,5,Lance Anderson,4,2017 Stanford Cardinal football team
183,Syracuse Orange,2017,Dino Babers,2,,,Brian Ward,2,2017 Syracuse Orange football team
2628,TCU Horned Frogs,2017,Gary Patterson,17,,,Chad Glasgow,3,2017 TCU Horned Frogs football team
218,Temple Owls,2017,Geoff Collins,1,Dave Patenaude,1,Taver Johnson,1,2017 Temple Owls football team
2633,Tennessee Volunteers,2017,Butch Jones,5,Larry Scott,1,Bob Shoop,2,2017 Tennessee Volunteers football team
245,Texas A&M Aggies,2017,Kevin Sumlin,6,Noel Mazzone,2,John Chavis,3,2017 Texas A&M Aggies football team
251,Texas Longhorns,2017,Tom Herman,1,Tim Beck,1,Todd Orlando,1,2017 Texas Longhorns football team
326,Texas State Bobcats,2017,Everett Withers,2,Zak Kuhr,1,Randall McCray,2,2017 Texas State Bobcats football team
2641,Texas Tech Red Raiders,2017,Kliff Kingsbury,5,Eric Morris,5,David Gibbs,3,2017 Texas Tech Red Raiders football team
2649,Toledo Rockets,2017,Jason Candle,2,Brian Wright,2,Brian George,2,2017 Toledo Rockets football team
2653,Troy Trojans,2017,Neal Brown,3,,,Vic Koenning,5,2017 Troy Trojans football team
2655,Tulane Green Wave,2017,Willie Fritz,2,Doug Ruse,2,Jack Curtis,2,2017 Tulane Green Wave football team
202,Tulsa Golden Hurricane,2017,Philip Montgomery,3,,,,,2017 Tulsa Golden Hurricane football team
5,UAB Blazers,2017,Bill Clark,2,Les Koenning,1,David Reeves,1,2017 UAB Blazers football team
2116,UCF Knights,2017,Scott Frost,2,Troy Walters,2,Erik Chinander,2,2017 UCF Knights football team
26,UCLA Bruins,2017,Jim L. Mora,6,Jedd Fisch,1,Tom Bradley,3,2017 UCLA Bruins football team
41,UConn Huskies,2017,Randy Edsall,13,Rhett Lashlee,1,Billy Crocker,1,2017 UConn Huskies football team
2433,UL Monroe Warhawks,2017,Matt Viator,2,Matt Kubik,2,Mike Collins,2,2017 Louisiana–Monroe Warhawks football team
2439,UNLV Rebels,2017,Tony Sanchez,3,Barney Cotton,3,Kent Baer,3,2017 UNLV Rebels football team
30,USC Trojans,2017,Clay Helton,2,Tee Martin,3,Clancy Pendergast,3,2017 USC Trojans football team
2638,UTEP Miners,2017,Sean Kugler,5,Brent Pease / Brian Natkin,,Tom Mason,2,2017 UTEP Miners football team
2636,UTSA Roadrunners,2017,Frank Wilson,2,Frank Scelfo,2,Pete Golding,2,2017 UTSA Roadrunners football team
328,Utah State Aggies,2017,Matt Wells,5,David Yost,1,,,2017 Utah State Aggies football team
254,Utah Utes,2017,Kyle Whittingham,13,Troy Taylor,1,Morgan Scalley,2,2017 Utah Utes football team
238,Vanderbilt Commodores,2017,Derek Mason,4,Andy Ludwig,3,,,2017 Vanderbilt Commodores football team
258,Virginia Cavaliers,2017,Bronco Mendenhall,2,Robert Anae,2,Nick Howell,2,2017 Virginia Cavaliers football team
259,Virginia Tech Hokies,2017,Justin Fuente,2,Brad Cornelsen,2,Bud Foster,23,2017 Virginia Tech Hokies football team
154,Wake Forest Demon Deacons,2017,Dave Clawson,4,Warren Ruggiero,4,Jay Sawvel,1,2017 Wake Forest Demon Deacons football team
264,Washington Huskies,2017,Chris Petersen,4,Jonathan Smith,4,Pete Kwiatkowski,4,2017 Washington Huskies football team
265,Washington State Cougars,2017,Mike Leach,6,,,Alex Grinch,3,2017 Washington State Cougars football team
277,West Virginia Mountaineers,2017,Dana Holgorsen,7,Jake Spavital,1,Tony Gibson,4,2017 West Virginia Mountaineers football team
98,Western Kentucky Hilltoppers,2017,Mike Sanford Jr.,1,Junior Adams,1,Clayton White,1,2017 Western Kentucky Hilltoppers football team
2711,Western Michigan Broncos,2017,Tim Lester,1,Kevin Johns,1,Tim Daoust,1,2017 Western Michigan Broncos football team
275,Wisconsin Badgers,2017,Paul Chryst,3,Joe Rudolph,3,Jim Leonhard,1,2017 Wisconsin Badgers football team
2751,Wyoming Cowboys,2017,Craig Bohl,4,Brent Vigen,4,Scottie Hazelton,1,2017 Wyoming Cowboys football team
2005,Air Force Falcons,2018,Troy Calhoun,12,Mike Thiessen,10,John Rudzinski,1,2018 Air Force Falcons football team
2006,Akron Zips,2018,Terry Bowden,7,A. J. Milwee,6,Todd Stroud,1,2018 Akron Zips football team
333,Alabama Crimson Tide,2018,Nick Saban,12,Mike Locksley,2,Tosh Lupoi,2,2018 Alabama Crimson Tide football team
2026,App State Mountaineers,2018,Scott Satterfield,6,,,Bryan Brown,1,2018 Appalachian State Mountaineers football team
9,Arizona State Sun Devils,2018,Herm Edwards,1,Rob Likens,1,Danny Gonzales,1,2018 Arizona State Sun Devils football team
12,Arizona Wildcats,2018,Kevin Sumlin,1,Noel Mazzone,1,Marcel Yates,3,2018 Arizona Wildcats football team
8,Arkansas Razorbacks,2018,Chad Morris,1,Joe Craddock,1,John Chavis,1,2018 Arkansas Razorbacks football team
2032,Arkansas State Red Wolves,2018,Blake Anderson,5,Buster Faulkner,3,Joe Cauthen,5,2018 Arkansas State Red Wolves football team
349,Army Black Knights,2018,Jeff Monken,5,Brent Davis,5,Jay Bateman,5,2018 Army Black Knights football team
2,Auburn Tigers,2018,Gus Malzahn,6,Chip Lindsey,2,Kevin Steele,3,2018 Auburn Tigers football team
252,BYU Cougars,2018,Kalani Sitake,3,Jeff Grimes,1,Ilaisa Tuiaki,3,2018 BYU Cougars football team
2050,Ball State Cardinals,2018,Mike Neu,3,Joey Lynch,5,David Elson,2,2018 Ball State Cardinals football team
239,Baylor Bears,2018,Matt Rhule,2,,,Phil Snow,2,2018 Baylor Bears football team
68,Boise State Broncos,2018,Bryan Harsin,5,Zak Hill,3,Andy Avalos,3,2018 Boise State Broncos football team
103,Boston College Eagles,2018,Steve Addazio,6,Scot Loeffler,3,,,2018 Boston College Eagles football team
189,Bowling Green Falcons,2018,Mike Jinks,3,,,Carl Pelini,1,2018 Bowling Green Falcons football team
2084,Buffalo Bulls,2018,Lance Leipold,4,Andy Kotelnicki,4,Brian Borland,4,2018 Buffalo Bulls football team
25,California Golden Bears,2018,Justin Wilcox,2,Beau Baldwin,2,Tim DeRuyter,2,2018 California Golden Bears football team
2117,Central Michigan Chippewas,2018,John Bonamego,4,Chris Ostrowsky,2,Greg Colby,4,2018 Central Michigan Chippewas football team
2429,Charlotte 49ers,2018,Brad Lambert,6,Shane Montgomery,1,,,2018 Charlotte 49ers football team
2132,Cincinnati Bearcats,2018,Luke Fickell,2,Mike Denbrock,2,Marcus Freeman,2,2018 Cincinnati Bearcats football team
228,Clemson Tigers,2018,Dabo Swinney,10,,,Brent Venables,7,2018 Clemson Tigers football team
324,Coastal Carolina Chanticleers,2018,Joe Moglia,6,Jamey Chadwell,2,Marvin Sanders,1,2018 Coastal Carolina Chanticleers football team
38,Colorado Buffaloes,2018,Mike MacIntyre,6,,,D. J. Eliot,2,2018 Colorado Buffaloes football team
36,Colorado State Rams,2018,Mike Bobo,4,Dave Johnson,1,John Jancek,1,2018 Colorado State Rams football team
150,Duke Blue Devils,2018,David Cutcliffe,11,Zac Roper,3,,,2018 Duke Blue Devils football team
151,East Carolina Pirates,2018,Scottie Montgomery,3,Tony Petersen,3,David Blackwell,1,2018 East Carolina Pirates football team
2199,Eastern Michigan Eagles,2018,Chris Creighton,5,Aaron Keen,2,Neal Neathery,3,2018 Eastern Michigan Eagles football team
2226,Florida Atlantic Owls,2018,Lane Kiffin,2,Charlie Weis Jr.,1,Tony Pecoraro,1,2018 Florida Atlantic Owls football team
57,Florida Gators,2018,Dan Mullen,1,,,Todd Grantham,1,2018 Florida Gators football team
2229,Florida International Panthers,2018,Butch Davis,2,Rich Skrosky,2,Brent Guy,2,2018 FIU Panthers football team
52,Florida State Seminoles,2018,Willie Taggart,1,Walt Bell,1,Harlon Barnett,1,2018 Florida State Seminoles football team
278,Fresno State Bulldogs,2018,Jeff Tedford,2,Kalen DeBoer,2,Bert Watts,1,2018 Fresno State Bulldogs football team
61,Georgia Bulldogs,2018,Kirby Smart,3,Jim Chaney,3,Mel Tucker,3,2018 Georgia Bulldogs football team
290,Georgia Southern Eagles,2018,Chad Lunsford,1,Bob DeBesse,1,Scot Sloan,1,2018 Georgia Southern Eagles football team
2247,Georgia State Panthers,2018,Shawn Elliott,2,Travis Trickett,2,Nate Fuqua,2,2018 Georgia State Panthers football team
59,Georgia Tech Yellow Jackets,2018,Paul Johnson,11,,,Nate Woody,1,2018 Georgia Tech Yellow Jackets football team
62,Hawai'i Rainbow Warriors,2018,Nick Rolovich,3,Brian Smith,3,Corey Batoon,1,2018 Hawaii Rainbow Warriors football team
248,Houston Cougars,2018,Major Applewhite,2,Kendal Briles,1,Mark D'Onofrio,2,2018 Houston Cougars football team
356,Illinois Fighting Illini,2018,Lovie Smith,3,Rod Smith,1,Hardy Nickerson,3,2018 Illinois Fighting Illini football team
84,Indiana Hoosiers,2018,Tom Allen,2,Mike DeBord,2,Mark Hagen,2,2018 Indiana Hoosiers football team
2294,Iowa Hawkeyes,2018,Kirk Ferentz,20,Brian Ferentz,2,Phil Parker,7,2018 Iowa Hawkeyes football team
66,Iowa State Cyclones,2018,Matt Campbell,3,,,Jon Heacock,3,2018 Iowa State Cyclones football team
2305,Kansas Jayhawks,2018,David Beaty,4,Doug Meacham,,Clint Bowen,5,2018 Kansas Jayhawks football team
2306,Kansas State Wildcats,2018,Bill Snyder,27,Andre Coleman,1,Blake Seiler,1,2018 Kansas State Wildcats football team
2309,Kent State Golden Flashes,2018,Sean Lewis,1,Andrew Sowder,1,Tom Kaufman,1,2018 Kent State Golden Flashes football team
96,Kentucky Wildcats,2018,Mark Stoops,6,Eddie Gran,3,Matt House,2,2018 Kentucky Wildcats football team
99,LSU Tigers,2018,Ed Orgeron,2,Steve Ensminger,1,Dave Aranda,3,2018 LSU Tigers football team
2335,Liberty Flames,2018,Turner Gill,7,Joe Dailey,3,,,2018 Liberty Flames football team
309,Louisiana Ragin' Cajuns,2018,Billy Napier,1,Rob Sale,1,Ron Roberts,1,2018 Louisiana Ragin' Cajuns football team
2348,Louisiana Tech Bulldogs,2018,Skip Holtz,6,Todd Fitch,3,Blake Baker,4,2018 Louisiana Tech Bulldogs football team
97,Louisville Cardinals,2018,Bobby Petrino,9,,,Brian VanGorder,1,2018 Louisville Cardinals football team
276,Marshall Thundering Herd,2018,Doc Holliday,9,Tim Cramsey,1,Adam Fuller,1,2018 Marshall Thundering Herd football team
120,Maryland Terrapins,2018,Matt Canada,,,,Andy Buh,3,2018 Maryland Terrapins football team
113,Massachusetts Minutemen,2018,Mark Whipple,11,,,Ed Pinkham,2,2018 UMass Minutemen football team
235,Memphis Tigers,2018,Mike Norvell,3,Kenny Dillingham,1,Chris Ball,3,2018 Memphis Tigers football team
193,Miami (OH) RedHawks,2018,Chuck Martin,5,,,,,2018 Miami RedHawks football team
2390,Miami Hurricanes,2018,Mark Richt,3,Thomas Brown,3,Manny Diaz,3,2018 Miami Hurricanes football team
127,Michigan State Spartans,2018,Mark Dantonio,12,,,Mike Tressel,4,2018 Michigan State Spartans football team
130,Michigan Wolverines,2018,Jim Harbaugh,4,,,Don Brown,3,2018 Michigan Wolverines football team
2393,Middle Tennessee Blue Raiders,2018,Rick Stockstill,13,Tony Franklin,3,Scott Shafer,2,2018 Middle Tennessee Blue Raiders football team
135,Minnesota Golden Gophers,2018,P. J. Fleck,2,Kirk Ciarrocca,2,Robb Smith / Joe Rossi,,2018 Minnesota Golden Gophers football team
344,Mississippi State Bulldogs,2018,Joe Moorhead,1,Luke Getsy,1,Bob Shoop,1,2018 Mississippi State Bulldogs football team
142,Missouri Tigers,2018,Barry Odom,3,Derek Dooley,1,Ryan Walters,3,2018 Missouri Tigers football team
152,NC State Wolfpack,2018,Dave Doeren,6,Eliah Drinkwitz,3,,,2018 NC State Wolfpack football team
2426,Navy Midshipmen,2018,Ken Niumatalolo,11,Ivin Jasper,11,Dale Pehrson,3,2018 Navy Midshipmen football team
158,Nebraska Cornhuskers,2018,Scott Frost,1,Troy Walters,1,Erik Chinander,1,2018 Nebraska Cornhuskers football team
2440,Nevada Wolf Pack,2018,Jay Norvell,2,Matt Mumme,2,Jeff Casteel,2,2018 Nevada Wolf Pack football team
167,New Mexico Lobos,2018,Bob Davie,7,Calvin Magee,1,Kevin Cosgrove,5,2018 New Mexico Lobos football team
166,New Mexico State Aggies,2018,Doug Martin,6,,,Frank Spaziani,3,2018 New Mexico State Aggies football team
153,North Carolina Tar Heels,2018,Larry Fedora,7,Chris Kapilovic,5,John Papuchis,2,2018 North Carolina Tar Heels football team
249,North Texas Mean Green,2018,Seth Littrell,3,Graham Harrell,3,Troy Reffett,3,2018 North Texas Mean Green football team
2459,Northern Illinois Huskies,2018,Rod Carey,6,Mike Uremovich,3,Jeff Knowles,1,2018 Northern Illinois Huskies football team
77,Northwestern Wildcats,2018,Pat Fitzgerald,13,Mick McCall,11,Mike Hankwitz,11,2018 Northwestern Wildcats football team
87,Notre Dame Fighting Irish,2018,Brian Kelly,9,Chip Long,2,Clark Lea,1,2018 Notre Dame Fighting Irish football team
195,Ohio Bobcats,2018,Frank Solich,14,Tim Albin,14,,,2018 Ohio Bobcats football team
194,Ohio State Buckeyes,2018,Urban Meyer,7,Ryan Day,2,Greg Schiano,3,2018 Ohio State Buckeyes football team
201,Oklahoma Sooners,2018,Lincoln Riley,2,,,Mike Stoops / Ruffin McNeill,,2018 Oklahoma Sooners football team
197,Oklahoma State Cowboys,2018,Mike Gundy,14,Mike Yurcich,6,Jim Knowles,1,2018 Oklahoma State Cowboys football team
295,Old Dominion Monarchs,2018,Bobby Wilder,10,Brian Scott,10,Rich Nagy,6,2018 Old Dominion Monarchs football team
145,Ole Miss Rebels,2018,Matt Luke,2,Phil Longo,2,Wesley McGriff,3,2018 Ole Miss Rebels football team
2483,Oregon Ducks,2018,Mario Cristobal,1,Marcus Arroyo,2,Jim Leavitt,2,2018 Oregon Ducks football team
204,Oregon State Beavers,2018,Jonathan Smith,1,Brian Lindgren,1,Tim Tibesar,1,2018 Oregon State Beavers football team
213,Penn State Nittany Lions,2018,James Franklin,5,Ricky Rahne,1,Brent Pry,3,2018 Penn State Nittany Lions football team
221,Pittsburgh Panthers,2018,Pat Narduzzi,4,Shawn Watson,2,Randy Bates,1,2018 Pittsburgh Panthers football team
2509,Purdue Boilermakers,2018,Jeff Brohm,2,,,,,2018 Purdue Boilermakers football team
242,Rice Owls,2018,Mike Bloomgren,1,Jerry Mack,1,Brian Smith,1,2018 Rice Owls football team
164,Rutgers Scarlet Knights,2018,Chris Ash,3,John McNulty,1,Jay Niemann,3,2018 Rutgers Scarlet Knights football team
2567,SMU Mustangs,2018,Sonny Dykes,1,Rhett Lashlee,1,Kevin Kane,1,2018 SMU Mustangs football team
21,San Diego State Aztecs,2018,Rocky Long,8,Jeff Horton,4,Zach Arnett,1,2018 San Diego State Aztecs football team
23,San José State Spartans,2018,Brent Brennan,2,Kevin McGiven,1,Derrick Odum,2,2018 San Jose State Spartans football team
6,South Alabama Jaguars,2018,Steve Campbell,1,Kenny Edenfield,1,Greg Stewart,1,2018 South Alabama Jaguars football team
2579,South Carolina Gamecocks,2018,Will Muschamp,3,Bryan McClendon,3,Travaris Robinson,3,2018 South Carolina Gamecocks football team
58,South Florida Bulls,2018,Charlie Strong,2,Sterlin Gilbert,2,Brian Jean-Mary,2,2018 South Florida Bulls football team
2572,Southern Miss Golden Eagles,2018,Jay Hopson,3,Shannon Dawson,3,,,2018 Southern Miss Golden Eagles football team
24,Stanford Cardinal,2018,David Shaw,8,Tavita Pritchard,1,Lance Anderson,5,2018 Stanford Cardinal football team
183,Syracuse Orange,2018,Dino Babers,3,Mike Lynch,1,Brian Ward,3,2018 Syracuse Orange football team
2628,TCU Horned Frogs,2018,Gary Patterson,18,,,Chad Glasgow,4,2018 TCU Horned Frogs football team
218,Temple Owls,2018,Geoff Collins,2,Dave Patenaude,2,Andrew Thacker,1,2018 Temple Owls football team
2633,Tennessee Volunteers,2018,Jeremy Pruitt,1,Tyson Helton,1,Kevin Sherrer,1,2018 Tennessee Volunteers football team
245,Texas A&M Aggies,2018,Jimbo Fisher,1,Darrell Dickey,1,Mike Elko,1,2018 Texas A&M Aggies football team
251,Texas Longhorns,2018,Tom Herman,2,Tim Beck,2,Todd Orlando,2,2018 Texas Longhorns football team
326,Texas State Bobcats,2018,Everett Withers,3,Zak Kuhr,2,Chris Woods,1,2018 Texas State Bobcats football team
2641,Texas Tech Red Raiders,2018,Kliff Kingsbury,6,Kevin Johns,1,David Gibbs,4,2018 Texas Tech Red Raiders football team
2649,Toledo Rockets,2018,Jason Candle,3,Brian Wright,3,Brian George,3,2018 Toledo Rockets football team
2653,Troy Trojans,2018,Neal Brown,4,,,Vic Koenning,6,2018 Troy Trojans football team
2655,Tulane Green Wave,2018,Willie Fritz,3,Doug Ruse,3,Jack Curtis,3,2018 Tulane Green Wave football team
202,Tulsa Golden Hurricane,2018,Philip Montgomery,4,,,Bill Young,6,2018 Tulsa Golden Hurricane football team
5,UAB Blazers,2018,Bill Clark,3,Bryant Vincent,2,David Reeves,2,2018 UAB Blazers football team
2116,UCF Knights,2018,Josh Heupel,1,,,Randy Shannon,1,2018 UCF Knights football team
26,UCLA Bruins,2018,Chip Kelly,1,,,Jerry Azzinaro,1,2018 UCLA Bruins football team
41,UConn Huskies,2018,Randy Edsall,14,John Dunn,1,Billy Crocker,2,2018 UConn Huskies football team
2433,UL Monroe Warhawks,2018,Matt Viator,3,Matt Kubik,3,Mike Collins,3,2018 Louisiana–Monroe Warhawks football team
2439,UNLV Rebels,2018,Tony Sanchez,4,Barney Cotton,4,Tim Skipper,1,2018 UNLV Rebels football team
30,USC Trojans,2018,Clay Helton,3,Tee Martin,4,Clancy Pendergast,4,2018 USC Trojans football team
2638,UTEP Miners,2018,Dana Dimel,1,Mike Canales,1,Mike Cox,1,2018 UTEP Miners football team
2636,UTSA Roadrunners,2018,Frank Wilson,3,Al Borges,1,Jason Rollins,1,2018 UTSA Roadrunners football team
328,Utah State Aggies,2018,Matt Wells,6,David Yost,2,,,2018 Utah State Aggies football team
254,Utah Utes,2018,Kyle Whittingham,14,Troy Taylor,2,Morgan Scalley,3,2018 Utah Utes football team
238,Vanderbilt Commodores,2018,Derek Mason,5,Andy Ludwig,4,Jason Tarver,1,2018 Vanderbilt Commodores football team
258,Virginia Cavaliers,2018,Bronco Mendenhall,3,Robert Anae,3,Nick Howell,3,2018 Virginia Cavaliers football team
259,Virginia Tech Hokies,2018,Justin Fuente,3,Brad Cornelsen,3,Bud Foster,24,2018 Virginia Tech Hokies football team
154,Wake Forest Demon Deacons,2018,Dave Clawson,5,Warren Ruggiero,5,Jay Sawvel / Lyle Hemphill,,2018 Wake Forest Demon Deacons football team
264,Washington Huskies,2018,Chris Petersen,5,Bush Hamdan,1,Jimmy Lake,3,2018 Washington Huskies football team
265,Washington State Cougars,2018,Mike Leach,7,,,Tracy Claeys,1,2018 Washington State Cougars football team
277,West Virginia Mountaineers,2018,Dana Holgorsen,8,Jake Spavital,2,Tony Gibson,5,2018 West Virginia Mountaineers football team
98,Western Kentucky Hilltoppers,2018,Mike Sanford Jr.,2,Junior Adams,2,Clayton White,2,2018 Western Kentucky Hilltoppers football team
2711,Western Michigan Broncos,2018,Tim Lester,2,Jake Moreland,2,Tim Daoust,2,2018 Western Michigan Broncos football team
275,Wisconsin Badgers,2018,Paul Chryst,4,Joe Rudolph,4,Jim Leonhard,2,2018 Wisconsin Badgers football team
2751,Wyoming Cowboys,2018,Craig Bohl,5,Brent Vigen,5,Scottie Hazelton,2,2018 Wyoming Cowboys football team
2005,Air Force Falcons,2019,Troy Calhoun,13,Mike Thiessen,11,John Rudzinski,2,2019 Air Force Falcons football team
2006,Akron Zips,2019,Tom Arth,1,Tommy Zagorski,1,Matt Feeney,1,2019 Akron Zips football team
333,Alabama Crimson Tide,2019,Nick Saban,13,Steve Sarkisian,1,Pete Golding,2,2019 Alabama Crimson Tide football team
2026,App State Mountaineers,2019,Eliah Drinkwitz,1,,,Ted Roof,1,2019 Appalachian State Mountaineers football team
9,Arizona State Sun Devils,2019,Herm Edwards,2,Rob Likens,2,Danny Gonzales,2,2019 Arizona State Sun Devils football team
12,Arizona Wildcats,2019,Kevin Sumlin,2,Noel Mazzone,2,Marcel Yates / Chuck Cecil,,2019 Arizona Wildcats football team
8,Arkansas Razorbacks,2019,Chad Morris,2,Joe Craddock,2,John Chavis,2,2019 Arkansas Razorbacks football team
2032,Arkansas State Red Wolves,2019,Blake Anderson,6,Keith Heckendorf,1,David Duggan,1,2019 Arkansas State Red Wolves football team
349,Army Black Knights,2019,Jeff Monken,6,Brent Davis,6,John Loose,1,2019 Army Black Knights football team
2,Auburn Tigers,2019,Gus Malzahn,7,Kenny Dillingham,1,Kevin Steele,4,2019 Auburn Tigers football team
252,BYU Cougars,2019,Kalani Sitake,4,Jeff Grimes,2,Ilaisa Tuiaki,4,2019 BYU Cougars football team
2050,Ball State Cardinals,2019,Mike Neu,4,Joey Lynch,6,David Elson,3,2019 Ball State Cardinals football team
239,Baylor Bears,2019,Matt Rhule,3,,,Phil Snow,3,2019 Baylor Bears football team
68,Boise State Broncos,2019,Bryan Harsin,6,,,,4,2019 Boise State Broncos football team
103,Boston College Eagles,2019,Steve Addazio,7,Mike Bajakian,1,Bill Sheridan,1,2019 Boston College Eagles football team
189,Bowling Green Falcons,2019,Scot Loeffler,1,Terry Malone,1,Brian VanGorder,1,2019 Bowling Green Falcons football team
2084,Buffalo Bulls,2019,Lance Leipold,5,Andy Kotelnicki,5,Brian Borland,5,2019 Buffalo Bulls football team
25,California Golden Bears,2019,Justin Wilcox,3,Beau Baldwin,3,Tim DeRuyter,3,2019 California Golden Bears football team
2117,Central Michigan Chippewas,2019,Jim McElwain,1,Charlie Frye,1,Robb Akey,1,2019 Central Michigan Chippewas football team
2429,Charlotte 49ers,2019,Will Healy,1,Alex Atkins,1,,,2019 Charlotte 49ers football team
2132,Cincinnati Bearcats,2019,Luke Fickell,3,Mike Denbrock,3,Marcus Freeman,3,2019 Cincinnati Bearcats football team
228,Clemson Tigers,2019,Dabo Swinney,11,,,Brent Venables,8,2019 Clemson Tigers football team
324,Coastal Carolina Chanticleers,2019,Jamey Chadwell,2,,,Chad Staggs,1,2019 Coastal Carolina Chanticleers football team
38,Colorado Buffaloes,2019,Mel Tucker,1,Jay Johnson,1,Tyson Summers,1,2019 Colorado Buffaloes football team
36,Colorado State Rams,2019,Mike Bobo,5,Dave Johnson,2,John Jancek,2,2019 Colorado State Rams football team
150,Duke Blue Devils,2019,David Cutcliffe,12,Zac Roper,4,,,2019 Duke Blue Devils football team
151,East Carolina Pirates,2019,Mike Houston,1,Donnie Kirkpatrick,1,Bob Trott,1,2019 East Carolina Pirates football team
2199,Eastern Michigan Eagles,2019,Chris Creighton,6,Aaron Keen,3,Neal Neathery,4,2019 Eastern Michigan Eagles football team
2226,Florida Atlantic Owls,2019,Lane Kiffin,3,Charlie Weis Jr.,2,Glenn Spencer,1,2019 Florida Atlantic Owls football team
57,Florida Gators,2019,Dan Mullen,2,,,Todd Grantham,2,2019 Florida Gators football team
2229,Florida International Panthers,2019,Butch Davis,3,Rich Skrosky,3,,,2019 FIU Panthers football team
52,Florida State Seminoles,2019,Willie Taggart,2,Kendal Briles,1,Harlon Barnett,2,2019 Florida State Seminoles football team
278,Fresno State Bulldogs,2019,Jeff Tedford,3,Ryan Grubb,1,Bert Watts,2,2019 Fresno State Bulldogs football team
61,Georgia Bulldogs,2019,Kirby Smart,4,James Coley,1,Dan Lanning,1,2019 Georgia Bulldogs football team
290,Georgia Southern Eagles,2019,Chad Lunsford,2,Bob DeBesse,2,Scot Sloan,2,2019 Georgia Southern Eagles football team
2247,Georgia State Panthers,2019,Shawn Elliott,3,Brad Glenn,1,Nate Fuqua,3,2019 Georgia State Panthers football team
59,Georgia Tech Yellow Jackets,2019,Geoff Collins,1,Dave Patenaude,1,Andrew Thacker,1,2019 Georgia Tech Yellow Jackets football team
62,Hawai'i Rainbow Warriors,2019,Nick Rolovich,4,Brian Smith,3,Corey Batoon,2,2019 Hawaii Rainbow Warriors football team
248,Houston Cougars,2019,Dana Holgorsen,1,,,Joe Cauthen,1,2019 Houston Cougars football team
356,Illinois Fighting Illini,2019,Lovie Smith,4,Rod Smith,2,,,2019 Illinois Fighting Illini football team
84,Indiana Hoosiers,2019,Tom Allen,3,Kalen DeBoer,1,Kane Wommack,1,2019 Indiana Hoosiers football team
2294,Iowa Hawkeyes,2019,Kirk Ferentz,21,Brian Ferentz,3,Phil Parker,8,2019 Iowa Hawkeyes football team
66,Iowa State Cyclones,2019,Matt Campbell,4,Tom Manning,3,Jon Heacock,4,2019 Iowa State Cyclones football team
2305,Kansas Jayhawks,2019,Les Miles,1,Les Koenning / Brent Dearmon,,D. J. Eliot,1,2019 Kansas Jayhawks football team
2306,Kansas State Wildcats,2019,Chris Klieman,1,Courtney Messingham,1,Scottie Hazelton,1,2019 Kansas State Wildcats football team
2309,Kent State Golden Flashes,2019,Sean Lewis,2,Andrew Sowder,2,Tom Kaufman,2,2019 Kent State Golden Flashes football team
96,Kentucky Wildcats,2019,Mark Stoops,7,Eddie Gran,4,Brad White,,2019 Kentucky Wildcats football team
99,LSU Tigers,2019,Ed Orgeron,3,Steve Ensminger,2,Dave Aranda,4,2019 LSU Tigers football team
2335,Liberty Flames,2019,Hugh Freeze,1,,,Scott Symons,1,2019 Liberty Flames football team
309,Louisiana Ragin' Cajuns,2019,Billy Napier,2,Rob Sale,2,Ron Roberts,2,2019 Louisiana Ragin' Cajuns football team
2348,Louisiana Tech Bulldogs,2019,Skip Holtz,7,Todd Fitch,4,Bob Diaco,1,2019 Louisiana Tech Bulldogs football team
97,Louisville Cardinals,2019,Scott Satterfield,1,Dwayne Ledford,1,Bryan Brown,1,2019 Louisville Cardinals football team
276,Marshall Thundering Herd,2019,Doc Holliday,10,Tim Cramsey,2,,,2019 Marshall Thundering Herd football team
120,Maryland Terrapins,2019,Mike Locksley,1,Scottie Montgomery,1,Jon Hoke,1,2019 Maryland Terrapins football team
113,Massachusetts Minutemen,2019,Walt Bell,1,,,,,2019 UMass Minutemen football team
235,Memphis Tigers,2019,Mike Norvell,4,Kevin Johns,1,Adam Fuller,1,2019 Memphis Tigers football team
193,Miami (OH) RedHawks,2019,Chuck Martin,6,,,,,2019 Miami RedHawks football team
2390,Miami Hurricanes,2019,Manny Diaz,1,Dan Enos,1,Blake Baker,1,2019 Miami Hurricanes football team
127,Michigan State Spartans,2019,Mark Dantonio,13,Brad Salem,1,Mike Tressel,5,2019 Michigan State Spartans football team
130,Michigan Wolverines,2019,Jim Harbaugh,5,Josh Gattis,1,Don Brown,4,2019 Michigan Wolverines football team
2393,Middle Tennessee Blue Raiders,2019,Rick Stockstill,14,Tony Franklin,4,Scott Shafer,3,2019 Middle Tennessee Blue Raiders football team
135,Minnesota Golden Gophers,2019,P. J. Fleck,3,Kirk Ciarrocca,3,Joe Rossi,2,2019 Minnesota Golden Gophers football team
344,Mississippi State Bulldogs,2019,Joe Moorhead,2,,,Bob Shoop,2,2019 Mississippi State Bulldogs football team
142,Missouri Tigers,2019,Barry Odom,4,Derek Dooley,2,Ryan Walters,4,2019 Missouri Tigers football team
152,NC State Wolfpack,2019,Dave Doeren,7,,,,,2019 NC State Wolfpack football team
2426,Navy Midshipmen,2019,Ken Niumatalolo,12,Ivin Jasper,12,Brian Newberry,1,2019 Navy Midshipmen football team
158,Nebraska Cornhuskers,2019,Scott Frost,2,Troy Walters,2,Erik Chinander,2,2019 Nebraska Cornhuskers football team
2440,Nevada Wolf Pack,2019,Jay Norvell,3,Matt Mumme,3,Jeff Casteel / Jody Sears,,2019 Nevada Wolf Pack football team
167,New Mexico Lobos,2019,Bob Davie,8,Joe Dailey,1,Jordan Peterson,1,2019 New Mexico Lobos football team
166,New Mexico State Aggies,2019,Doug Martin,7,,,Frank Spaziani,4,2019 New Mexico State Aggies football team
153,North Carolina Tar Heels,2019,Mack Brown,11,Phil Longo,1,,,2019 North Carolina Tar Heels football team
249,North Texas Mean Green,2019,Seth Littrell,4,Bodie Reeder,1,Troy Reffett,4,2019 North Texas Mean Green football team
2459,Northern Illinois Huskies,2019,Thomas Hammock,1,Eric Eidsness,1,Derrick Jackson,1,2019 Northern Illinois Huskies football team
77,Northwestern Wildcats,2019,Pat Fitzgerald,14,Mick McCall,12,Mike Hankwitz,12,2019 Northwestern Wildcats football team
87,Notre Dame Fighting Irish,2019,Brian Kelly,10,Chip Long,3,Clark Lea,2,2019 Notre Dame Fighting Irish football team
195,Ohio Bobcats,2019,Frank Solich,15,Tim Albin,15,,,2019 Ohio Bobcats football team
194,Ohio State Buckeyes,2019,Ryan Day,1,Kevin Wilson,3,Greg Mattison,1,2019 Ohio State Buckeyes football team
201,Oklahoma Sooners,2019,Lincoln Riley,3,,,Alex Grinch,1,2019 Oklahoma Sooners football team
197,Oklahoma State Cowboys,2019,Mike Gundy,15,Sean Gleeson,1,Jim Knowles,2,2019 Oklahoma State Cowboys football team
295,Old Dominion Monarchs,2019,Bobby Wilder,11,Brian Scott,11,,,2019 Old Dominion Monarchs football team
145,Ole Miss Rebels,2019,Matt Luke,3,Rich Rodriguez,1,Mike MacIntyre,1,2019 Ole Miss Rebels football team
2483,Oregon Ducks,2019,Mario Cristobal,2,Marcus Arroyo,3,Andy Avalos,1,2019 Oregon Ducks football team
204,Oregon State Beavers,2019,Jonathan Smith,2,Brian Lindgren,2,Tim Tibesar,2,2019 Oregon State Beavers football team
213,Penn State Nittany Lions,2019,James Franklin,6,Ricky Rahne / Tyler Bowen,,Brent Pry,4,2019 Penn State Nittany Lions football team
221,Pittsburgh Panthers,2019,Pat Narduzzi,5,Mark Whipple,1,Randy Bates,2,2019 Pittsburgh Panthers football team
2509,Purdue Boilermakers,2019,Jeff Brohm,3,,,,,2019 Purdue Boilermakers football team
242,Rice Owls,2019,Mike Bloomgren,2,Jerry Mack,2,Brian Smith,2,2019 Rice Owls football team
164,Rutgers Scarlet Knights,2019,Chris Ash,4,John McNulty / Nunzio Campanile,,Andy Buh,1,2019 Rutgers Scarlet Knights football team
2567,SMU Mustangs,2019,Sonny Dykes,2,Rhett Lashlee,2,Kevin Kane,2,2019 SMU Mustangs football team
21,San Diego State Aztecs,2019,Rocky Long,9,Jeff Horton,5,Zach Arnett,2,2019 San Diego State Aztecs football team
23,San José State Spartans,2019,Brent Brennan,3,Kevin McGiven,2,Derrick Odum,3,2019 San Jose State Spartans football team
6,South Alabama Jaguars,2019,Steve Campbell,2,Kenny Edenfield,2,Greg Stewart,2,2019 South Alabama Jaguars football team
2579,South Carolina Gamecocks,2019,Will Muschamp,4,Bryan McClendon,4,Travaris Robinson,4,2019 South Carolina Gamecocks football team
58,South Florida Bulls,2019,Charlie Strong,3,Kerwin Bell,1,Brian Jean-Mary,3,2019 South Florida Bulls football team
2572,Southern Miss Golden Eagles,2019,Jay Hopson,4,Buster Faulkner,1,,,2019 Southern Miss Golden Eagles football team
24,Stanford Cardinal,2019,David Shaw,9,Tavita Pritchard,2,Lance Anderson,6,2019 Stanford Cardinal football team
183,Syracuse Orange,2019,Dino Babers,4,Mike Lynch,2,Brian Ward / Steve Stanard,,2019 Syracuse Orange football team
2628,TCU Horned Frogs,2019,Gary Patterson,19,,,Chad Glasgow,5,2019 TCU Horned Frogs football team
218,Temple Owls,2019,Rod Carey,1,Mike Uremovich,1,Jeff Knowles,1,2019 Temple Owls football team
2633,Tennessee Volunteers,2019,Jeremy Pruitt,2,Jim Chaney,5,Derrick Ansley,1,2019 Tennessee Volunteers football team
245,Texas A&M Aggies,2019,Jimbo Fisher,2,Darrell Dickey,2,Mike Elko,2,2019 Texas A&M Aggies football team
251,Texas Longhorns,2019,Tom Herman,3,Tim Beck,3,Todd Orlando,3,2019 Texas Longhorns football team
326,Texas State Bobcats,2019,Jake Spavital,1,Bob Stitt,1,Zac Spavital,1,2019 Texas State Bobcats football team
2641,Texas Tech Red Raiders,2019,Matt Wells,1,David Yost,1,Keith Patterson,1,2019 Texas Tech Red Raiders football team
2649,Toledo Rockets,2019,Jason Candle,4,Brian Wright,4,Brian George,4,2019 Toledo Rockets football team
2653,Troy Trojans,2019,Chip Lindsey,1,Ryan Pugh,1,Brandon Hall,1,2019 Troy Trojans football team
2655,Tulane Green Wave,2019,Willie Fritz,4,Will Hall,1,Jack Curtis,4,2019 Tulane Green Wave football team
202,Tulsa Golden Hurricane,2019,Philip Montgomery,5,,,Joe Gillespie,1,2019 Tulsa Golden Hurricane football team
5,UAB Blazers,2019,Bill Clark,4,Bryant Vincent,3,David Reeves,3,2019 UAB Blazers football team
2116,UCF Knights,2019,Josh Heupel,2,Jeff Lebby,1,Randy Shannon,2,2019 UCF Knights football team
26,UCLA Bruins,2019,Chip Kelly,2,Justin Frye,1,Jerry Azzinaro,2,2019 UCLA Bruins football team
41,UConn Huskies,2019,Randy Edsall,15,Frank Giufre,1,Lou Spanos,1,2019 UConn Huskies football team
2433,UL Monroe Warhawks,2019,Matt Viator,4,Matt Kubik,4,Mike Collins,4,2019 Louisiana–Monroe Warhawks football team
2439,UNLV Rebels,2019,Tony Sanchez,5,Garin Justice,1,Tim Skipper,2,2019 UNLV Rebels football team
30,USC Trojans,2019,Clay Helton,4,Graham Harrell,1,Clancy Pendergast,5,2019 USC Trojans football team
2638,UTEP Miners,2019,Dana Dimel,2,Mike Canales,2,Mike Cox,2,2019 UTEP Miners football team
2636,UTSA Roadrunners,2019,Frank Wilson,4,Jeff Kastl,1,Jason Rollins,2,2019 UTSA Roadrunners football team
328,Utah State Aggies,2019,Gary Andersen,5,Mike Sanford Jr.,1,Justin Ena,1,2019 Utah State Aggies football team
254,Utah Utes,2019,Kyle Whittingham,15,Andy Ludwig,5,Morgan Scalley,4,2019 Utah Utes football team
238,Vanderbilt Commodores,2019,Derek Mason,6,Gerry Gdowski,1,Jason Tarver,2,2019 Vanderbilt Commodores football team
258,Virginia Cavaliers,2019,Bronco Mendenhall,4,Robert Anae,4,Nick Howell,4,2019 Virginia Cavaliers football team
259,Virginia Tech Hokies,2019,Justin Fuente,4,Brad Cornelsen,4,Bud Foster,25,2019 Virginia Tech Hokies football team
154,Wake Forest Demon Deacons,2019,Dave Clawson,6,Warren Ruggiero,6,Lyle Hemphill,1,2019 Wake Forest Demon Deacons football team
264,Washington Huskies,2019,Chris Petersen,6,Bush Hamdan,2,Jimmy Lake,4,2019 Washington Huskies football team
265,Washington State Cougars,2019,Mike Leach,8,,,Tracy Claeys,,2019 Washington State Cougars football team
277,West Virginia Mountaineers,2019,Neal Brown,1,Matt Moore,1,Vic Koenning,1,2019 West Virginia Mountaineers football team
98,Western Kentucky Hilltoppers,2019,Tyson Helton,1,Bryan Ellis,1,Clayton White,3,2019 Western Kentucky Hilltoppers football team
2711,Western Michigan Broncos,2019,Tim Lester,3,Jake Moreland,3,Lou Esposito,3,2019 Western Michigan Broncos football team
275,Wisconsin Badgers,2019,Paul Chryst,5,Joe Rudolph,5,Jim Leonhard,3,2019 Wisconsin Badgers football team
2751,Wyoming Cowboys,2019,Craig Bohl,6,Brent Vigen,6,Jake Dickert,1,2019 Wyoming Cowboys football team
2005,Air Force Falcons,2020,Troy Calhoun,14,Mike Thiessen,12,John Rudzinski,3,2020 Air Force Falcons football team
2006,Akron Zips,2020,Tom Arth,2,Tommy Zagorski,2,Matt Feeney,2,2020 Akron Zips football team
333,Alabama Crimson Tide,2020,Nick Saban,14,Steve Sarkisian,2,Pete Golding,3,2020 Alabama Crimson Tide football team
2026,App State Mountaineers,2020,Shawn Clark,1,Tony Petersen,1,Dale Jones,4,2020 Appalachian State Mountaineers football team
9,Arizona State Sun Devils,2020,Herm Edwards,3,Zak Hill,1,,,2020 Arizona State Sun Devils football team
12,Arizona Wildcats,2020,Kevin Sumlin,3,Noel Mazzone,3,Paul Rhoads,1,2020 Arizona Wildcats football team
8,Arkansas Razorbacks,2020,Sam Pittman,1,Kendal Briles,1,Barry Odom,1,2020 Arkansas Razorbacks football team
2032,Arkansas State Red Wolves,2020,Blake Anderson,7,Keith Heckendorf,2,David Duggan / Nick Paremski,,2020 Arkansas State Red Wolves football team
349,Army Black Knights,2020,Jeff Monken,7,Brent Davis,7,Nate Woody,1,2020 Army Black Knights football team
2,Auburn Tigers,2020,Gus Malzahn,8,Chad Morris,1,Kevin Steele,5,2020 Auburn Tigers football team
252,BYU Cougars,2020,Kalani Sitake,5,Jeff Grimes,3,Ilaisa Tuiaki,5,2020 BYU Cougars football team
2050,Ball State Cardinals,2020,Mike Neu,5,Kevin Lynch,1,Tyler Stockton,2,2020 Ball State Cardinals football team
239,Baylor Bears,2020,Dave Aranda,1,Larry Fedora,1,Ron Roberts,1,2020 Baylor Bears football team
68,Boise State Broncos,2020,Bryan Harsin,7,Eric Kiesau,2,,,2020 Boise State Broncos football team
103,Boston College Eagles,2020,Jeff Hafley,1,Frank Cignetti,1,Tem Lukabu,1,2020 Boston College Eagles football team
189,Bowling Green Falcons,2020,Scot Loeffler,2,Terry Malone,2,Brian VanGorder,2,2020 Bowling Green Falcons football team
2084,Buffalo Bulls,2020,Lance Leipold,6,Andy Kotelnicki,6,Brian Borland,6,2020 Buffalo Bulls football team
25,California Golden Bears,2020,Justin Wilcox,4,Bill Musgrave,1,Peter Sirmon,1,2020 California Golden Bears football team
2117,Central Michigan Chippewas,2020,Jim McElwain,2,Charlie Frye,2,Robb Akey,2,2020 Central Michigan Chippewas football team
2429,Charlotte 49ers,2020,Will Healy,2,Mark Carney,1,,,2020 Charlotte 49ers football team
2132,Cincinnati Bearcats,2020,Luke Fickell,4,Mike Denbrock,4,Marcus Freeman,4,2020 Cincinnati Bearcats football team
228,Clemson Tigers,2020,Dabo Swinney,12,Tony Elliott,6,Brent Venables,9,2020 Clemson Tigers football team
324,Coastal Carolina Chanticleers,2020,Jamey Chadwell,3,,,Chad Staggs,2,2020 Coastal Carolina Chanticleers football team
38,Colorado Buffaloes,2020,Karl Dorrell,1,Darrin Chiaverini,1,Tyson Summers,2,2020 Colorado Buffaloes football team
36,Colorado State Rams,2020,Steve Addazio,1,Joey Lynch,1,Chuck Heater,3,2020 Colorado State Rams football team
150,Duke Blue Devils,2020,David Cutcliffe,13,Zac Roper,5,,,2020 Duke Blue Devils football team
151,East Carolina Pirates,2020,Mike Houston,2,Donnie Kirkpatrick,2,Blake Harrell,1,2020 East Carolina Pirates football team
2199,Eastern Michigan Eagles,2020,Chris Creighton,7,,,Neal Neathery,5,2020 Eastern Michigan Eagles football team
2226,Florida Atlantic Owls,2020,Willie Taggart,1,,,Jim Leavitt,1,2020 Florida Atlantic Owls football team
57,Florida Gators,2020,Dan Mullen,3,Brian Johnson,1,Todd Grantham,3,2020 Florida Gators football team
2229,Florida International Panthers,2020,Butch Davis,4,Rich Skrosky,4,,,2020 FIU Panthers football team
52,Florida State Seminoles,2020,Mike Norvell,1,Kenny Dillingham,1,Adam Fuller,1,2020 Florida State Seminoles football team
278,Fresno State Bulldogs,2020,Kalen DeBoer,1,Ryan Grubb,2,William Inge,1,2020 Fresno State Bulldogs football team
61,Georgia Bulldogs,2020,Kirby Smart,5,Todd Monken,1,Dan Lanning,2,2020 Georgia Bulldogs football team
290,Georgia Southern Eagles,2020,Chad Lunsford,3,Bob DeBesse / Doug Ruse,,Scot Sloan,3,2020 Georgia Southern Eagles football team
2247,Georgia State Panthers,2020,Shawn Elliott,4,Brad Glenn,2,Nate Fuqua,4,2020 Georgia State Panthers football team
59,Georgia Tech Yellow Jackets,2020,Geoff Collins,2,Dave Patenaude,2,Andrew Thacker,2,2020 Georgia Tech Yellow Jackets football team
62,Hawai'i Rainbow Warriors,2020,Todd Graham,1,G. J. Kinne,1,Victor Santa Cruz,1,2020 Hawaii Rainbow Warriors football team
248,Houston Cougars,2020,Dana Holgorsen,2,Shannon Dawson,1,Joe Cauthen,2,2020 Houston Cougars football team
356,Illinois Fighting Illini,2020,Lovie Smith,5,Rod Smith,3,,,2020 Illinois Fighting Illini football team
84,Indiana Hoosiers,2020,Tom Allen,4,Nick Sheridan,1,Kane Wommack,2,2020 Indiana Hoosiers football team
2294,Iowa Hawkeyes,2020,Kirk Ferentz,22,Brian Ferentz,4,Phil Parker,9,2020 Iowa Hawkeyes football team
66,Iowa State Cyclones,2020,Matt Campbell,5,Tom Manning,4,Jon Heacock,5,2020 Iowa State Cyclones football team
2305,Kansas Jayhawks,2020,Les Miles,2,Brent Dearmon,2,D. J. Eliot,2,2020 Kansas Jayhawks football team
2306,Kansas State Wildcats,2020,Chris Klieman,2,Courtney Messingham,2,Joe Klanderman,1,2020 Kansas State Wildcats football team
2309,Kent State Golden Flashes,2020,Sean Lewis,3,Andrew Sowder,3,Tom Kaufman,3,2020 Kent State Golden Flashes football team
96,Kentucky Wildcats,2020,Mark Stoops,8,Eddie Gran,5,Brad White,2,2020 Kentucky Wildcats football team
99,LSU Tigers,2020,Ed Orgeron,4,Steve Ensminger,3,Bo Pelini,4,2020 LSU Tigers football team
2335,Liberty Flames,2020,Hugh Freeze,2,,,Scott Symons,2,2020 Liberty Flames football team
309,Louisiana Ragin' Cajuns,2020,Billy Napier,3,Rob Sale,3,Patrick Toney,1,2020 Louisiana Ragin' Cajuns football team
2348,Louisiana Tech Bulldogs,2020,Skip Holtz,8,Joe Sloan,1,David Blackwell,1,2020 Louisiana Tech Bulldogs football team
97,Louisville Cardinals,2020,Scott Satterfield,2,Dwayne Ledford,2,Bryan Brown,2,2020 Louisville Cardinals football team
276,Marshall Thundering Herd,2020,Doc Holliday,11,Tim Cramsey,3,Brad Lambert,2,2020 Marshall Thundering Herd football team
120,Maryland Terrapins,2020,Mike Locksley,2,Scottie Montgomery,2,Jon Hoke,2,2020 Maryland Terrapins football team
113,Massachusetts Minutemen,2020,Walt Bell,2,,,Tommy Restivo,2,2020 UMass Minutemen football team
235,Memphis Tigers,2020,Ryan Silverfield,1,Kevin Johns,2,Mike MacIntyre,1,2020 Memphis Tigers football team
193,Miami (OH) RedHawks,2020,Chuck Martin,7,,,,,2020 Miami RedHawks football team
2390,Miami Hurricanes,2020,Manny Diaz,2,Rhett Lashlee,1,Blake Baker,2,2020 Miami Hurricanes football team
127,Michigan State Spartans,2020,Mel Tucker,1,Jay Johnson,1,Scottie Hazelton,1,2020 Michigan State Spartans football team
130,Michigan Wolverines,2020,Jim Harbaugh,6,Josh Gattis,2,Don Brown,5,2020 Michigan Wolverines football team
2393,Middle Tennessee Blue Raiders,2020,Rick Stockstill,15,Tony Franklin,5,Scott Shafer,4,2020 Middle Tennessee Blue Raiders football team
135,Minnesota Golden Gophers,2020,P. J. Fleck,4,Mike Sanford Jr.,1,Joe Rossi,3,2020 Minnesota Golden Gophers football team
344,Mississippi State Bulldogs,2020,Mike Leach,1,,,Zach Arnett,1,2020 Mississippi State Bulldogs football team
142,Missouri Tigers,2020,Eliah Drinkwitz,1,,,Ryan Walters,5,2020 Missouri Tigers football team
152,NC State Wolfpack,2020,Dave Doeren,8,Tim Beck,1,Tony Gibson,2,2020 NC State Wolfpack football team
2426,Navy Midshipmen,2020,Ken Niumatalolo,13,Ivin Jasper,13,Brian Newberry,2,2020 Navy Midshipmen football team
158,Nebraska Cornhuskers,2020,Scott Frost,3,Matt Lubick,1,Erik Chinander,3,2020 Nebraska Cornhuskers football team
2440,Nevada Wolf Pack,2020,Jay Norvell,4,Matt Mumme,4,Brian Ward,1,2020 Nevada Wolf Pack football team
167,New Mexico Lobos,2020,Danny Gonzales,1,Derek Warehime,1,Rocky Long,1,2020 New Mexico Lobos football team
166,New Mexico State Aggies,2020,Doug Martin,8,,,Frank Spaziani,5,2020 New Mexico State Aggies football team
153,North Carolina Tar Heels,2020,Mack Brown,12,Phil Longo,2,,,2020 North Carolina Tar Heels football team
249,North Texas Mean Green,2020,Seth Littrell,5,,,Clint Bowen,2,2020 North Texas Mean Green football team
2459,Northern Illinois Huskies,2020,Thomas Hammock,2,Eric Eidsness,2,Derrick Jackson,2,2020 Northern Illinois Huskies football team
77,Northwestern Wildcats,2020,Pat Fitzgerald,15,Mike Bajakian,1,Mike Hankwitz,13,2020 Northwestern Wildcats football team
87,Notre Dame Fighting Irish,2020,Brian Kelly,11,Tommy Rees,1,Clark Lea,3,2020 Notre Dame Fighting Irish football team
195,Ohio Bobcats,2020,Frank Solich,16,Tim Albin,16,,,2020 Ohio Bobcats football team
194,Ohio State Buckeyes,2020,Ryan Day,2,Kevin Wilson,4,Kerry Coombs,1,2020 Ohio State Buckeyes football team
201,Oklahoma Sooners,2020,Lincoln Riley,4,,,Alex Grinch,2,2020 Oklahoma Sooners football team
197,Oklahoma State Cowboys,2020,Mike Gundy,16,Kasey Dunn,1,Jim Knowles,3,2020 Oklahoma State Cowboys football team
295,Old Dominion Monarchs,2020,Ricky Rahne,1,Kirk Campbell,1,Blake Seiler,1,2020 Old Dominion Monarchs football team
145,Ole Miss Rebels,2020,Lane Kiffin,1,Jeff Lebby,1,,,2020 Ole Miss Rebels football team
2483,Oregon Ducks,2020,Mario Cristobal,3,Joe Moorhead,1,Andy Avalos,2,2020 Oregon Ducks football team
204,Oregon State Beavers,2020,Jonathan Smith,3,Brian Lindgren,3,Tim Tibesar,3,2020 Oregon State Beavers football team
213,Penn State Nittany Lions,2020,James Franklin,7,Kirk Ciarrocca,1,Brent Pry,5,2020 Penn State Nittany Lions football team
221,Pittsburgh Panthers,2020,Pat Narduzzi,6,Mark Whipple,2,Randy Bates,3,2020 Pittsburgh Panthers football team
2509,Purdue Boilermakers,2020,Jeff Brohm,4,,,,,2020 Purdue Boilermakers football team
242,Rice Owls,2020,Mike Bloomgren,3,Jerry Mack,3,Brian Smith,3,2020 Rice Owls football team
164,Rutgers Scarlet Knights,2020,Greg Schiano,12,Sean Gleeson,1,Robb Smith,2,2020 Rutgers Scarlet Knights football team
2567,SMU Mustangs,2020,Sonny Dykes,3,,,Kevin Kane,3,2020 SMU Mustangs football team
21,San Diego State Aztecs,2020,Brady Hoke,3,Jeff Hecklinski,1,Kurt Mattix,1,2020 San Diego State Aztecs football team
23,San José State Spartans,2020,Brent Brennan,4,Kevin McGiven,3,Derrick Odum,4,2020 San Jose State Spartans football team
6,South Alabama Jaguars,2020,Steve Campbell,3,Kenny Edenfield,3,Greg Stewart,3,2020 South Alabama Jaguars football team
2579,South Carolina Gamecocks,2020,Will Muschamp,5,Mike Bobo,1,Travaris Robinson,5,2020 South Carolina Gamecocks football team
58,South Florida Bulls,2020,Jeff Scott,1,Charlie Weis Jr.,1,Glenn Spencer,1,2020 South Florida Bulls football team
2572,Southern Miss Golden Eagles,2020,Jay Hopson,5,Matt Kubik,1,Tony Pecoraro,1,2020 Southern Miss Golden Eagles football team
24,Stanford Cardinal,2020,David Shaw,10,Tavita Pritchard,3,Lance Anderson,7,2020 Stanford Cardinal football team
183,Syracuse Orange,2020,Dino Babers,5,Sterlin Gilbert,1,Tony White,1,2020 Syracuse Orange football team
2628,TCU Horned Frogs,2020,Gary Patterson,20,Sonny Cumbie,7,Chad Glasgow,6,2020 TCU Horned Frogs football team
218,Temple Owls,2020,Rod Carey,2,Mike Uremovich,2,Jeff Knowles,2,2020 Temple Owls football team
2633,Tennessee Volunteers,2020,Jeremy Pruitt,3,Jim Chaney,6,Derrick Ansley,2,2020 Tennessee Volunteers football team
245,Texas A&M Aggies,2020,Jimbo Fisher,3,Darrell Dickey,3,Mike Elko,3,2020 Texas A&M Aggies football team
251,Texas Longhorns,2020,Tom Herman,4,Mike Yurcich,1,Chris Ash,1,2020 Texas Longhorns football team
326,Texas State Bobcats,2020,Jake Spavital,2,Jacob Peeler,1,Zac Spavital,2,2020 Texas State Bobcats football team
2641,Texas Tech Red Raiders,2020,Matt Wells,2,David Yost,2,Keith Patterson,2,2020 Texas Tech Red Raiders football team
2649,Toledo Rockets,2020,Jason Candle,5,,,Vince Kehres,1,2020 Toledo Rockets football team
2653,Troy Trojans,2020,Chip Lindsey,2,Ryan Pugh,2,Brandon Hall,2,2020 Troy Trojans football team
2655,Tulane Green Wave,2020,Willie Fritz,5,Will Hall,2,Jack Curtis,5,2020 Tulane Green Wave football team
202,Tulsa Golden Hurricane,2020,Philip Montgomery,6,,,Joe Gillespie,2,2020 Tulsa Golden Hurricane football team
5,UAB Blazers,2020,Bill Clark,5,Bryant Vincent,4,David Reeves,4,2020 UAB Blazers football team
2116,UCF Knights,2020,Josh Heupel,3,,,Randy Shannon,3,2020 UCF Knights football team
26,UCLA Bruins,2020,Chip Kelly,3,Justin Frye,2,Jerry Azzinaro,3,2020 UCLA Bruins football team
41,UConn Huskies,2020,Randy Edsall,16,Frank Giufre,2,Lou Spanos,2,2020 UConn Huskies football team
2433,UL Monroe Warhawks,2020,Matt Viator,5,Eman Naghavi,1,Scott Stoker,,2020 Louisiana–Monroe Warhawks football team
2439,UNLV Rebels,2020,Marcus Arroyo,1,Glenn Thomas,1,Peter Hansen,1,2020 UNLV Rebels football team
30,USC Trojans,2020,Clay Helton,5,Graham Harrell,2,Todd Orlando,1,2020 USC Trojans football team
2638,UTEP Miners,2020,Dana Dimel,3,Mike Canales,3,Mike Cox,3,2020 UTEP Miners football team
2636,UTSA Roadrunners,2020,Jeff Traylor,1,Barry Lunney Jr.,1,Tyrone Nix,1,2020 UTSA Roadrunners football team
328,Utah State Aggies,2020,Gary Andersen,6,Bodie Reeder,1,,,2020 Utah State Aggies football team
254,Utah Utes,2020,Kyle Whittingham,16,Andy Ludwig,6,Morgan Scalley,5,2020 Utah Utes football team
238,Vanderbilt Commodores,2020,Derek Mason,7,Todd Fitch,1,Ted Roof,1,2020 Vanderbilt Commodores football team
258,Virginia Cavaliers,2020,Bronco Mendenhall,5,Robert Anae,5,Nick Howell,5,2020 Virginia Cavaliers football team
259,Virginia Tech Hokies,2020,Justin Fuente,5,Brad Cornelsen,5,Justin Hamilton,1,2020 Virginia Tech Hokies football team
154,Wake Forest Demon Deacons,2020,Dave Clawson,7,Warren Ruggiero,7,Lyle Hemphill,2,2020 Wake Forest Demon Deacons football team
264,Washington Huskies,2020,Jimmy Lake,1,John Donovan,1,Pete Kwiatkowski,7,2020 Washington Huskies football team
265,Washington State Cougars,2020,Nick Rolovich,1,Brian Smith,1,Jake Dickert,1,2020 Washington State Cougars football team
277,West Virginia Mountaineers,2020,Neal Brown,2,Gerad Parker,1,Jordan Lesley,1,2020 West Virginia Mountaineers football team
98,Western Kentucky Hilltoppers,2020,Tyson Helton,2,Bryan Ellis,2,Clayton White,4,2020 Western Kentucky Hilltoppers football team
2711,Western Michigan Broncos,2020,Tim Lester,4,Jake Moreland,4,Lou Esposito,4,2020 Western Michigan Broncos football team
275,Wisconsin Badgers,2020,Paul Chryst,6,Joe Rudolph,6,Jim Leonhard,4,2020 Wisconsin Badgers football team
2751,Wyoming Cowboys,2020,Craig Bohl,7,Brent Vigen,7,Jay Sawvel,1,2020 Wyoming Cowboys football team
2005,Air Force Falcons,2021,Troy Calhoun,15,Mike Thiessen,13,John Rudzinski,4,2021 Air Force Falcons football team
2006,Akron Zips,2021,Tom Arth,3,Tommy Zagorski,3,Matt Feeney,3,2021 Akron Zips football team
333,Alabama Crimson Tide,2021,Nick Saban,15,Bill O'Brien,1,Pete Golding,4,2021 Alabama Crimson Tide football team
2026,App State Mountaineers,2021,Shawn Clark,2,Frank Ponce,1,Dale Jones,5,2021 Appalachian State Mountaineers football team
9,Arizona State Sun Devils,2021,Herm Edwards,4,Zak Hill,2,Antonio Pierce,2,2021 Arizona State Sun Devils football team
12,Arizona Wildcats,2021,Jedd Fisch,1,Brennan Carroll,1,Don Brown,1,2021 Arizona Wildcats football team
8,Arkansas Razorbacks,2021,Sam Pittman,2,Kendal Briles,2,Barry Odom,2,2021 Arkansas Razorbacks football team
2032,Arkansas State Red Wolves,2021,Butch Jones,1,Keith Heckendorf,3,Rob Harley,1,2021 Arkansas State Red Wolves football team
349,Army Black Knights,2021,Jeff Monken,8,Brent Davis,8,Nate Woody,2,2021 Army Black Knights football team
2,Auburn Tigers,2021,Bryan Harsin,1,Mike Bobo,1,Derek Mason,1,2021 Auburn Tigers football team
252,BYU Cougars,2021,Kalani Sitake,6,Aaron Roderick,1,Ilaisa Tuiaki,6,2021 BYU Cougars football team
2050,Ball State Cardinals,2021,Mike Neu,6,Kevin Lynch,2,Tyler Stockton,3,2021 Ball State Cardinals football team
239,Baylor Bears,2021,Dave Aranda,2,Jeff Grimes,1,Ron Roberts,2,2021 Baylor Bears football team
68,Boise State Broncos,2021,Andy Avalos,1,Tim Plough,1,Spencer Danielson,1,2021 Boise State Broncos football team
103,Boston College Eagles,2021,Jeff Hafley,2,Frank Cignetti Jr.,2,Tem Lukabu,2,2021 Boston College Eagles football team
189,Bowling Green Falcons,2021,Scot Loeffler,3,Terry Malone,3,Eric Lewis,1,2021 Bowling Green Falcons football team
2084,Buffalo Bulls,2021,Maurice Linguist,1,Shane Montgomery,1,Joe Cauthen,1,2021 Buffalo Bulls football team
25,California Golden Bears,2021,Justin Wilcox,5,Bill Musgrave,2,Peter Sirmon,2,2021 California Golden Bears football team
2117,Central Michigan Chippewas,2021,Jim McElwain,3,Kevin Barbay,1,Robb Akey,3,2021 Central Michigan Chippewas football team
2429,Charlotte 49ers,2021,Will Healy,3,Mark Carney,2,,,2021 Charlotte 49ers football team
2132,Cincinnati Bearcats,2021,Luke Fickell,5,Mike Denbrock,5,Mike Tressel,1,2021 Cincinnati Bearcats football team
228,Clemson Tigers,2021,Dabo Swinney,13,Tony Elliott,7,Brent Venables,10,2021 Clemson Tigers football team
324,Coastal Carolina Chanticleers,2021,Jamey Chadwell,4,,,Chad Staggs,3,2021 Coastal Carolina Chanticleers football team
38,Colorado Buffaloes,2021,Karl Dorrell,2,Darrin Chiaverini,2,Chris Wilson,1,2021 Colorado Buffaloes football team
36,Colorado State Rams,2021,Steve Addazio,2,Jon Budmayr,1,Chuck Heater,4,2021 Colorado State Rams football team
150,Duke Blue Devils,2021,David Cutcliffe,14,,,,,2021 Duke Blue Devils football team
151,East Carolina Pirates,2021,Mike Houston,3,Donnie Kirkpatrick,3,Blake Harrell,2,2021 East Carolina Pirates football team
2199,Eastern Michigan Eagles,2021,Chris Creighton,8,,,Neal Neathery,6,2021 Eastern Michigan Eagles football team
2226,Florida Atlantic Owls,2021,Willie Taggart,2,Mike Johnson,1,Mike Stoops,1,2021 Florida Atlantic Owls football team
57,Florida Gators,2021,Dan Mullen,4,,,Todd Grantham / Christian Robinson,,2021 Florida Gators football team
2229,Florida International Panthers,2021,Butch Davis,5,Andrew Breiner,1,Everett Withers,1,2021 FIU Panthers football team
52,Florida State Seminoles,2021,Mike Norvell,2,Kenny Dillingham,2,Adam Fuller,2,2021 Florida State Seminoles football team
278,Fresno State Bulldogs,2021,Kalen DeBoer,2,Ryan Grubb,3,William Inge,2,2021 Fresno State Bulldogs football team
61,Georgia Bulldogs,2021,Kirby Smart,6,Todd Monken,2,,,2021 Georgia Bulldogs football team
290,Georgia Southern Eagles,2021,Chad Lunsford,4,Doug Ruse,3,Scot Sloan,4,2021 Georgia Southern Eagles football team
2247,Georgia State Panthers,2021,Shawn Elliott,5,Brad Glenn,3,Nate Fuqua,5,2021 Georgia State Panthers football team
59,Georgia Tech Yellow Jackets,2021,Geoff Collins,3,Dave Patenaude,3,Andrew Thacker,3,2021 Georgia Tech Yellow Jackets football team
62,Hawai'i Rainbow Warriors,2021,Todd Graham,2,Bo Graham,1,Trent Figg,1,2021 Hawaii Rainbow Warriors football team
248,Houston Cougars,2021,Dana Holgorsen,3,Shannon Dawson,2,Doug Belk,3,2021 Houston Cougars football team
356,Illinois Fighting Illini,2021,Bret Bielema,1,Tony Petersen,1,Ryan Walters,1,2021 Illinois Fighting Illini football team
84,Indiana Hoosiers,2021,Tom Allen,5,Nick Sheridan,2,Charlton Warren,1,2021 Indiana Hoosiers football team
2294,Iowa Hawkeyes,2021,Kirk Ferentz,23,Brian Ferentz,5,Phil Parker,10,2021 Iowa Hawkeyes football team
66,Iowa State Cyclones,2021,Matt Campbell,6,Tom Manning,5,Jon Heacock,6,2021 Iowa State Cyclones football team
2305,Kansas Jayhawks,2021,Lance Leipold,1,Andy Kotelnicki,1,Brian Borland,1,2021 Kansas Jayhawks football team
2306,Kansas State Wildcats,2021,Chris Klieman,3,Courtney Messingham,3,Joe Klanderman,2,2021 Kansas State Wildcats football team
2309,Kent State Golden Flashes,2021,Sean Lewis,4,Andrew Sowder,4,Tom Kaufman,4,2021 Kent State Golden Flashes football team
96,Kentucky Wildcats,2021,Mark Stoops,9,Liam Coen,1,Brad White,3,2021 Kentucky Wildcats football team
99,LSU Tigers,2021,Ed Orgeron,5,Jake Peetz,1,Daronte Jones,1,2021 LSU Tigers football team
2335,Liberty Flames,2021,Hugh Freeze,3,,,Scott Symons,3,2021 Liberty Flames football team
309,Louisiana Ragin' Cajuns,2021,Billy Napier,4,,,Patrick Toney,2,2021 Louisiana Ragin' Cajuns football team
2348,Louisiana Tech Bulldogs,2021,Skip Holtz,9,Joe Sloan,2,David Blackwell,2,2021 Louisiana Tech Bulldogs football team
97,Louisville Cardinals,2021,Scott Satterfield,3,,,Bryan Brown,3,2021 Louisville Cardinals football team
276,Marshall Thundering Herd,2021,Charles Huff,1,Tim Cramsey,4,Lance Guidry,1,2021 Marshall Thundering Herd football team
120,Maryland Terrapins,2021,Mike Locksley,3,Dan Enos,1,Brian Stewart,4,2021 Maryland Terrapins football team
113,Massachusetts Minutemen,2021,Walt Bell,3,,,Tommy Restivo,,2021 UMass Minutemen football team
235,Memphis Tigers,2021,Ryan Silverfield,2,Kevin Johns,3,Mike MacIntyre,2,2021 Memphis Tigers football team
193,Miami (OH) RedHawks,2021,Chuck Martin,8,Eric Koehler,8,,,2021 Miami RedHawks football team
2390,Miami Hurricanes,2021,Manny Diaz,3,Rhett Lashlee,2,,,2021 Miami Hurricanes football team
127,Michigan State Spartans,2021,Mel Tucker,2,Jay Johnson,2,Scottie Hazelton,2,2021 Michigan State Spartans football team
130,Michigan Wolverines,2021,Jim Harbaugh,7,Josh Gattis,3,Mike Macdonald,1,2021 Michigan Wolverines football team
2393,Middle Tennessee Blue Raiders,2021,Rick Stockstill,16,Brent Dearmon,1,Scott Shafer,5,2021 Middle Tennessee Blue Raiders football team
135,Minnesota Golden Gophers,2021,P. J. Fleck,5,Mike Sanford Jr.,2,Joe Rossi,4,2021 Minnesota Golden Gophers football team
344,Mississippi State Bulldogs,2021,Mike Leach,2,,,Zach Arnett,2,2021 Mississippi State Bulldogs football team
142,Missouri Tigers,2021,Eliah Drinkwitz,2,,,Steve Wilks,1,2021 Missouri Tigers football team
152,NC State Wolfpack,2021,Dave Doeren,9,Tim Beck,2,Tony Gibson,3,2021 NC State Wolfpack football team
2426,Navy Midshipmen,2021,Ken Niumatalolo,14,Ivin Jasper,14,Brian Newberry,3,2021 Navy Midshipmen football team
158,Nebraska Cornhuskers,2021,Scott Frost,4,Matt Lubick,2,Erik Chinander,4,2021 Nebraska Cornhuskers football team
2440,Nevada Wolf Pack,2021,Jay Norvell,5,Matt Mumme,5,Brian Ward,2,2021 Nevada Wolf Pack football team
167,New Mexico Lobos,2021,Danny Gonzales,2,Derek Warehime,2,Rocky Long,2,2021 New Mexico Lobos football team
166,New Mexico State Aggies,2021,Doug Martin,9,,,Frank Spaziani,6,2021 New Mexico State Aggies football team
153,North Carolina Tar Heels,2021,Mack Brown,13,Phil Longo,3,,,2021 North Carolina Tar Heels football team
249,North Texas Mean Green,2021,Seth Littrell,6,Mike Bloesch,2,Phil Bennett,1,2021 North Texas Mean Green football team
2459,Northern Illinois Huskies,2021,Thomas Hammock,3,Eric Eidsness,3,Derrick Jackson,3,2021 Northern Illinois Huskies football team
77,Northwestern Wildcats,2021,Pat Fitzgerald,16,Mike Bajakian,2,Jim O'Neil,1,2021 Northwestern Wildcats football team
87,Notre Dame Fighting Irish,2021,Brian Kelly,12,Tommy Rees,2,Marcus Freeman,1,2021 Notre Dame Fighting Irish football team
195,Ohio Bobcats,2021,Tim Albin,1,,,,,2021 Ohio Bobcats football team
194,Ohio State Buckeyes,2021,Ryan Day,3,Kevin Wilson,5,Kerry Coombs,2,2021 Ohio State Buckeyes football team
201,Oklahoma Sooners,2021,Lincoln Riley,5,,,Alex Grinch,3,2021 Oklahoma Sooners football team
197,Oklahoma State Cowboys,2021,Mike Gundy,17,Kasey Dunn,2,Jim Knowles,4,2021 Oklahoma State Cowboys football team
295,Old Dominion Monarchs,2021,Ricky Rahne,2,Kirk Campbell,2,Blake Seiler,2,2021 Old Dominion Monarchs football team
145,Ole Miss Rebels,2021,Lane Kiffin,2,Jeff Lebby,2,,,2021 Ole Miss Rebels football team
2483,Oregon Ducks,2021,Mario Cristobal,4,Joe Moorhead,2,Tim DeRuyter,1,2021 Oregon Ducks football team
204,Oregon State Beavers,2021,Jonathan Smith,4,Brian Lindgren,4,Tim Tibesar,4,2021 Oregon State Beavers football team
213,Penn State Nittany Lions,2021,James Franklin,8,Mike Yurcich,1,Brent Pry,8,2021 Penn State Nittany Lions football team
221,Pittsburgh Panthers,2021,Pat Narduzzi,7,Mark Whipple,3,Randy Bates,4,2021 Pittsburgh Panthers football team
2509,Purdue Boilermakers,2021,Jeff Brohm,5,,,Brad Lambert,1,2021 Purdue Boilermakers football team
242,Rice Owls,2021,Mike Bloomgren,4,Marques Tuiasosopo,1,Brian Smith,4,2021 Rice Owls football team
164,Rutgers Scarlet Knights,2021,Greg Schiano,13,Sean Gleeson,2,Robb Smith,3,2021 Rutgers Scarlet Knights football team
2567,SMU Mustangs,2021,Sonny Dykes,4,,,Jim Leavitt,1,2021 SMU Mustangs football team
21,San Diego State Aztecs,2021,Brady Hoke,4,Jeff Hecklinski,2,Kurt Mattix,2,2021 San Diego State Aztecs football team
23,San José State Spartans,2021,Brent Brennan,5,Kevin McGiven,4,Derrick Odum,5,2021 San Jose State Spartans football team
6,South Alabama Jaguars,2021,Kane Wommack,1,Major Applewhite,1,Corey Batoon,1,2021 South Alabama Jaguars football team
2579,South Carolina Gamecocks,2021,Shane Beamer,1,Marcus Satterfield,1,Clayton White,1,2021 South Carolina Gamecocks football team
58,South Florida Bulls,2021,Jeff Scott,2,Charlie Weis Jr.,2,Glenn Spencer,2,2021 South Florida Bulls football team
2572,Southern Miss Golden Eagles,2021,Will Hall,1,Sam Gregg,1,Austin Armstrong,1,2021 Southern Miss Golden Eagles football team
24,Stanford Cardinal,2021,David Shaw,11,Tavita Pritchard,4,Lance Anderson,8,2021 Stanford Cardinal football team
183,Syracuse Orange,2021,Dino Babers,6,Sterlin Gilbert,2,Tony White,2,2021 Syracuse Orange football team
2628,TCU Horned Frogs,2021,Gary Patterson,21,Doug Meacham,4,Chad Glasgow,7,2021 TCU Horned Frogs football team
218,Temple Owls,2021,Rod Carey,3,Mike Uremovich,3,Jeff Knowles,3,2021 Temple Owls football team
2633,Tennessee Volunteers,2021,Josh Heupel,1,Alex Golesh,1,Tim Banks,1,2021 Tennessee Volunteers football team
245,Texas A&M Aggies,2021,Jimbo Fisher,4,Darrell Dickey,4,Mike Elko,4,2021 Texas A&M Aggies football team
251,Texas Longhorns,2021,Steve Sarkisian,1,Kyle Flood,1,Pete Kwiatkowski,1,2021 Texas Longhorns football team
326,Texas State Bobcats,2021,Jake Spavital,3,Jacob Peeler,2,Zac Spavital,3,2021 Texas State Bobcats football team
2641,Texas Tech Red Raiders,2021,Matt Wells,3,Sonny Cumbie,2,Keith Patterson,3,2021 Texas Tech Red Raiders football team
2649,Toledo Rockets,2021,Jason Candle,6,,,Vince Kehres,2,2021 Toledo Rockets football team
2653,Troy Trojans,2021,Chip Lindsey,3,Luke Meadows,1,Brandon Hall,3,2021 Troy Trojans football team
2655,Tulane Green Wave,2021,Willie Fritz,6,Chip Long,1,Chris Hampton,1,2021 Tulane Green Wave football team
202,Tulsa Golden Hurricane,2021,Philip Montgomery,7,,3,Joe Gillespie,3,2021 Tulsa Golden Hurricane football team
5,UAB Blazers,2021,Bill Clark,6,Bryant Vincent,5,David Reeves,5,2021 UAB Blazers football team
2116,UCF Knights,2021,Gus Malzahn,1,,,Travis Williams,1,2021 UCF Knights football team
26,UCLA Bruins,2021,Chip Kelly,4,Justin Frye,3,Jerry Azzinaro,4,2021 UCLA Bruins football team
41,UConn Huskies,2021,Randy Edsall,16,Frank Giufre,2,Lou Spanos / Jarren Horton,1,2021 UConn Huskies football team
2433,UL Monroe Warhawks,2021,Terry Bowden,1,Rich Rodriguez,1,Zac Alley,1,2021 Louisiana–Monroe Warhawks football team
2439,UNLV Rebels,2021,Marcus Arroyo,2,Glenn Thomas,2,Peter Hansen,2,2021 UNLV Rebels football team
30,USC Trojans,2021,Clay Helton,6,Graham Harrell,3,Todd Orlando,2,2021 USC Trojans football team
2638,UTEP Miners,2021,Dana Dimel,4,Dave Warner,1,Bradley Dale Peveto,1,2021 UTEP Miners football team
2636,UTSA Roadrunners,2021,Jeff Traylor,2,Barry Lunney Jr.,2,Rod Wright,1,2021 UTSA Roadrunners football team
328,Utah State Aggies,2021,Blake Anderson,1,Anthony Tucker,1,Ephraim Banda,1,2021 Utah State Aggies football team
254,Utah Utes,2021,Kyle Whittingham,17,Andy Ludwig,7,Morgan Scalley,6,2021 Utah Utes football team
238,Vanderbilt Commodores,2021,Clark Lea,1,David Raih,1,Jesse Minter,1,2021 Vanderbilt Commodores football team
258,Virginia Cavaliers,2021,Bronco Mendenhall,6,Robert Anae,6,Nick Howell,6,2021 Virginia Cavaliers football team
259,Virginia Tech Hokies,2021,Justin Fuente,6,Brad Cornelsen,6,Justin Hamilton,2,2021 Virginia Tech Hokies football team
154,Wake Forest Demon Deacons,2021,Dave Clawson,8,Warren Ruggiero,8,Lyle Hemphill,3,2021 Wake Forest Demon Deacons football team
264,Washington Huskies,2021,Jimmy Lake,2,John Donovan,2,Bob Gregory,1,2021 Washington Huskies football team
265,Washington State Cougars,2021,Nick Rolovich,2,Brian Smith,2,Jake Dickert,2,2021 Washington State Cougars football team
277,West Virginia Mountaineers,2021,Neal Brown,3,Gerad Parker,2,Jordan Lesley,2,2021 West Virginia Mountaineers football team
98,Western Kentucky Hilltoppers,2021,Tyson Helton,3,Zach Kittley,1,Maurice Crum Jr.,2,2021 Western Kentucky Hilltoppers football team
2711,Western Michigan Broncos,2021,Tim Lester,5,,,Lou Esposito,5,2021 Western Michigan Broncos football team
275,Wisconsin Badgers,2021,Paul Chryst,7,Joe Rudolph,7,Jim Leonhard,5,2021 Wisconsin Badgers football team
2751,Wyoming Cowboys,2021,Craig Bohl,8,Tim Polasek,1,Jay Sawvel,2,2021 Wyoming Cowboys football team
2005,Air Force Falcons,2022,Troy Calhoun,16,Mike Thiessen,14,Brian Knorr,1,2022 Air Force Falcons football team
2006,Akron Zips,2022,Joe Moorhead,1,,,Tim Tibesar,1,2022 Akron Zips football team
333,Alabama Crimson Tide,2022,Nick Saban,16,Bill O'Brien,2,Pete Golding,5,2022 Alabama Crimson Tide football team
2026,App State Mountaineers,2022,Shawn Clark,3,Kevin Barbay,1,Dale Jones,6,2022 Appalachian State Mountaineers football team
9,Arizona State Sun Devils,2022,Herm Edwards,5,Glenn Thomas,1,Donnie Henderson,1,2022 Arizona State Sun Devils football team
12,Arizona Wildcats,2022,Jedd Fisch,2,Brennan Carroll,2,Johnny Nansen,1,2022 Arizona Wildcats football team
8,Arkansas Razorbacks,2022,Sam Pittman,3,Kendal Briles,3,Barry Odom,3,2022 Arkansas Razorbacks football team
2032,Arkansas State Red Wolves,2022,Butch Jones,2,Keith Heckendorf,4,Rob Harley,2,2022 Arkansas State Red Wolves football team
349,Army Black Knights,2022,Jeff Monken,9,Brent Davis,9,Nate Woody,3,2022 Army Black Knights football team
2,Auburn Tigers,2022,Bryan Harsin,2,Eric Kiesau / Ike Hilliard,,Jeff Schmedding,1,2022 Auburn Tigers football team
252,BYU Cougars,2022,Kalani Sitake,7,Aaron Roderick,2,Ilaisa Tuiaki,7,2022 BYU Cougars football team
2050,Ball State Cardinals,2022,Mike Neu,7,Kevin Lynch,3,Tyler Stockton,4,2022 Ball State Cardinals football team
239,Baylor Bears,2022,Dave Aranda,3,Jeff Grimes,2,Ron Roberts,3,2022 Baylor Bears football team
68,Boise State Broncos,2022,Andy Avalos,2,Tim Plough / Dirk Koetter,,Spencer Danielson,2,2022 Boise State Broncos football team
103,Boston College Eagles,2022,Jeff Hafley,3,John McNulty,1,Tem Lukabu,3,2022 Boston College Eagles football team
189,Bowling Green Falcons,2022,Scot Loeffler,4,,,Eric Lewis,2,2022 Bowling Green Falcons football team
2084,Buffalo Bulls,2022,Maurice Linguist,2,Shane Montgomery,2,Brandon Bailey,1,2022 Buffalo Bulls football team
25,California Golden Bears,2022,Justin Wilcox,6,Bill Musgrave,,Peter Sirmon,3,2022 California Golden Bears football team
2117,Central Michigan Chippewas,2022,Jim McElwain,4,Paul Petrino,1,Robb Akey,4,2022 Central Michigan Chippewas football team
2429,Charlotte 49ers,2022,Will Healy,4,Mark Carney,3,Greg Brown,1,2022 Charlotte 49ers football team
2132,Cincinnati Bearcats,2022,Luke Fickell,6,Gino Guidugli,1,Mike Tressel,2,2022 Cincinnati Bearcats football team
228,Clemson Tigers,2022,Dabo Swinney,14,Brandon Streeter,1,Wes Goodwin,1,2022 Clemson Tigers football team
324,Coastal Carolina Chanticleers,2022,Jamey Chadwell,5,,,Chad Staggs,4,2022 Coastal Carolina Chanticleers football team
38,Colorado Buffaloes,2022,Karl Dorrell,3,Mike Sanford Jr. / Clay Patterson,,Chris Wilson / Gerald Chatman,,2022 Colorado Buffaloes football team
36,Colorado State Rams,2022,Jay Norvell,1,Matt Mumme,1,Freddie Banks,1,2022 Colorado State Rams football team
150,Duke Blue Devils,2022,Mike Elko,1,Kevin Johns,1,Robb Smith,1,2022 Duke Blue Devils football team
151,East Carolina Pirates,2022,Mike Houston,4,Donnie Kirkpatrick,4,Blake Harrell,3,2022 East Carolina Pirates football team
2199,Eastern Michigan Eagles,2022,Chris Creighton,9,,,Neal Neathery,7,2022 Eastern Michigan Eagles football team
2226,Florida Atlantic Owls,2022,Willie Taggart,3,Brent Dearmon,1,Todd Orlando,1,2022 Florida Atlantic Owls football team
57,Florida Gators,2022,Billy Napier,1,Rob Sale,1,,,2022 Florida Gators football team
2229,Florida International Panthers,2022,Mike MacIntyre,1,David Yost,1,Jovan Dewitt,1,2022 FIU Panthers football team
52,Florida State Seminoles,2022,Mike Norvell,3,Alex Atkins,1,Adam Fuller,3,2022 Florida State Seminoles football team
278,Fresno State Bulldogs,2022,Jeff Tedford,4,Kirby Moore,1,Kevin Coyle,5,2022 Fresno State Bulldogs football team
61,Georgia Bulldogs,2022,Kirby Smart,7,Todd Monken,3,,,2022 Georgia Bulldogs football team
290,Georgia Southern Eagles,2022,Clay Helton,1,Bryan Ellis,1,Will Harris,1,2022 Georgia Southern Eagles football team
2247,Georgia State Panthers,2022,Shawn Elliott,6,Trent McKnight,1,Nate Fuqua,6,2022 Georgia State Panthers football team
59,Georgia Tech Yellow Jackets,2022,Geoff Collins,4,Chip Long,1,Andrew Thacker,4,2022 Georgia Tech Yellow Jackets football team
62,Hawai'i Rainbow Warriors,2022,Timmy Chang,1,Ian Shoemaker,1,Jacob Yoro,2,2022 Hawaii Rainbow Warriors football team
248,Houston Cougars,2022,Dana Holgorsen,4,Shannon Dawson,3,Doug Belk,4,2022 Houston Cougars football team
356,Illinois Fighting Illini,2022,Bret Bielema,2,Barry Lunney Jr.,1,Ryan Walters,2,2022 Illinois Fighting Illini football team
84,Indiana Hoosiers,2022,Tom Allen,6,,,Chad Wilt,1,2022 Indiana Hoosiers football team
2294,Iowa Hawkeyes,2022,Kirk Ferentz,24,Brian Ferentz,6,Phil Parker,11,2022 Iowa Hawkeyes football team
66,Iowa State Cyclones,2022,Matt Campbell,7,Tom Manning,6,Jon Heacock,7,2022 Iowa State Cyclones football team
256,James Madison Dukes,2022,Curt Cignetti,4,Mike Shanahan,2,Bryant Haines,1,2022 James Madison Dukes football team
2305,Kansas Jayhawks,2022,Lance Leipold,2,Andy Kotelnicki,2,Brian Borland,2,2022 Kansas Jayhawks football team
2306,Kansas State Wildcats,2022,Chris Klieman,4,Collin Klein,1,Joe Klanderman,3,2022 Kansas State Wildcats football team
2309,Kent State Golden Flashes,2022,Sean Lewis,5,Andrew Sowder,5,Jeremiah Johnson,1,2022 Kent State Golden Flashes football team
96,Kentucky Wildcats,2022,Mark Stoops,10,Rich Scangarello,1,Brad White,4,2022 Kentucky Wildcats football team
99,LSU Tigers,2022,Brian Kelly,1,Mike Denbrock,1,Matt House,1,2022 LSU Tigers football team
2335,Liberty Flames,2022,Hugh Freeze,4,Kent Austin,4,,,2022 Liberty Flames football team
309,Louisiana Ragin' Cajuns,2022,Michael Desormeaux,1,Tim Leger,2,LaMar Morgan,1,2022 Louisiana Ragin' Cajuns football team
2348,Louisiana Tech Bulldogs,2022,Sonny Cumbie,1,,,Scott Power,1,2022 Louisiana Tech Bulldogs football team
97,Louisville Cardinals,2022,Scott Satterfield,4,Lance Taylor,1,Bryan Brown,4,2022 Louisville Cardinals football team
276,Marshall Thundering Herd,2022,Charles Huff,2,Clint Trickett,1,Lance Guidry,2,2022 Marshall Thundering Herd football team
120,Maryland Terrapins,2022,Mike Locksley,4,Dan Enos,2,Brian Williams,1,2022 Maryland Terrapins football team
113,Massachusetts Minutemen,2022,Don Brown,6,Steve Casula,1,Keith Dudzinski,8,2022 UMass Minutemen football team
235,Memphis Tigers,2022,Ryan Silverfield,3,Tim Cramsey,1,Matt Barnes,1,2022 Memphis Tigers football team
193,Miami (OH) RedHawks,2022,Chuck Martin,9,Eric Koehler,9,Bill Brechin,1,2022 Miami RedHawks football team
2390,Miami Hurricanes,2022,Mario Cristobal,1,Josh Gattis,1,Kevin Steele,1,2022 Miami Hurricanes football team
127,Michigan State Spartans,2022,Mel Tucker,3,Jay Johnson,3,Scottie Hazelton,3,2022 Michigan State Spartans football team
130,Michigan Wolverines,2022,Jim Harbaugh,8,,,Jesse Minter,1,2022 Michigan Wolverines football team
2393,Middle Tennessee Blue Raiders,2022,Rick Stockstill,17,Mitch Stewart,1,Scott Shafer,6,2022 Middle Tennessee Blue Raiders football team
135,Minnesota Golden Gophers,2022,P. J. Fleck,6,Kirk Ciarrocca,4,Joe Rossi,5,2022 Minnesota Golden Gophers football team
344,Mississippi State Bulldogs,2022,Mike Leach,3,,,Zach Arnett,3,2022 Mississippi State Bulldogs football team
142,Missouri Tigers,2022,Eliah Drinkwitz,3,,,Blake Baker,1,2022 Missouri Tigers football team
152,NC State Wolfpack,2022,Dave Doeren,10,Tim Beck,3,Tony Gibson,4,2022 NC State Wolfpack football team
2426,Navy Midshipmen,2022,Ken Niumatalolo,15,,,Brian Newberry,4,2022 Navy Midshipmen football team
158,Nebraska Cornhuskers,2022,Scott Frost,5,Mark Whipple,1,Erik Chinander / Bill Busch,,2022 Nebraska Cornhuskers football team
2440,Nevada Wolf Pack,2022,Ken Wilson,1,Derek Sage,1,,,2022 Nevada Wolf Pack football team
167,New Mexico Lobos,2022,Danny Gonzales,3,Derek Warehime,3,Rocky Long,3,2022 New Mexico Lobos football team
166,New Mexico State Aggies,2022,Jerry Kill,1,Tim Beck,1,,,2022 New Mexico State Aggies football team
153,North Carolina Tar Heels,2022,Mack Brown,14,Phil Longo,4,Gene Chizik,3,2022 North Carolina Tar Heels football team
249,North Texas Mean Green,2022,Seth Littrell,7,Mike Bloesch,3,Phil Bennett,2,2022 North Texas Mean Green football team
2459,Northern Illinois Huskies,2022,Thomas Hammock,4,Eric Eidsness,4,Derrick Jackson,4,2022 Northern Illinois Huskies football team
77,Northwestern Wildcats,2022,Pat Fitzgerald,17,Mike Bajakian,3,Jim O'Neil,2,2022 Northwestern Wildcats football team
87,Notre Dame Fighting Irish,2022,Marcus Freeman,1,Tommy Rees,3,Al Golden,1,2022 Notre Dame Fighting Irish football team
195,Ohio Bobcats,2022,Tim Albin,2,,,Spence Nowinsky,1,2022 Ohio Bobcats football team
194,Ohio State Buckeyes,2022,Ryan Day,4,Kevin Wilson,6,Jim Knowles,1,2022 Ohio State Buckeyes football team
201,Oklahoma Sooners,2022,Brent Venables,1,Jeff Lebby,1,Ted Roof,1,2022 Oklahoma Sooners football team
197,Oklahoma State Cowboys,2022,Mike Gundy,18,Kasey Dunn,3,Derek Mason,1,2022 Oklahoma State Cowboys football team
295,Old Dominion Monarchs,2022,Ricky Rahne,3,Kevin Reihner,1,Blake Seiler,3,2022 Old Dominion Monarchs football team
145,Ole Miss Rebels,2022,Lane Kiffin,3,,,,,2022 Ole Miss Rebels football team
2483,Oregon Ducks,2022,Dan Lanning,1,Kenny Dillingham,1,Tosh Lupoi,1,2022 Oregon Ducks football team
204,Oregon State Beavers,2022,Jonathan Smith,5,Brian Lindgren,5,Trent Bray,1,2022 Oregon State Beavers football team
213,Penn State Nittany Lions,2022,James Franklin,9,Mike Yurcich,2,Manny Diaz,1,2022 Penn State Nittany Lions football team
221,Pittsburgh Panthers,2022,Pat Narduzzi,8,Frank Cignetti Jr.,1,Randy Bates,5,2022 Pittsburgh Panthers football team
2509,Purdue Boilermakers,2022,Jeff Brohm,6,Brian Brohm,6,,,2022 Purdue Boilermakers football team
242,Rice Owls,2022,Mike Bloomgren,5,Marques Tuiasosopo,2,Brian Smith,5,2022 Rice Owls football team
164,Rutgers Scarlet Knights,2022,Greg Schiano,14,Sean Gleeson,3,Joe Harasymiak,1,2022 Rutgers Scarlet Knights football team
2567,SMU Mustangs,2022,Rhett Lashlee,1,Casey Woods,1,Scott Symons,1,2022 SMU Mustangs football team
21,San Diego State Aztecs,2022,Brady Hoke,5,Jeff Hecklinski,3,Kurt Mattix,3,2022 San Diego State Aztecs football team
23,San José State Spartans,2022,Brent Brennan,6,Kevin McGiven,5,Derrick Odum,6,2022 San Jose State Spartans football team
6,South Alabama Jaguars,2022,Kane Wommack,2,Major Applewhite,2,Corey Batoon,2,2022 South Alabama Jaguars football team
2579,South Carolina Gamecocks,2022,Shane Beamer,2,Marcus Satterfield,2,Clayton White,2,2022 South Carolina Gamecocks football team
58,South Florida Bulls,2022,Jeff Scott,3,Travis Trickett,1,Ernie Sims,,2022 South Florida Bulls football team
2572,Southern Miss Golden Eagles,2022,Will Hall,2,Sam Gregg,2,Austin Armstrong,2,2022 Southern Miss Golden Eagles football team
24,Stanford Cardinal,2022,David Shaw,12,Tavita Pritchard,5,Lance Anderson,9,2022 Stanford Cardinal football team
183,Syracuse Orange,2022,Dino Babers,7,Robert Anae,1,Tony White,3,2022 Syracuse Orange football team
2628,TCU Horned Frogs,2022,Sonny Dykes,1,Garrett Riley,1,Joe Gillespie,1,2022 TCU Horned Frogs football team
218,Temple Owls,2022,Stan Drayton,1,Danny Langsdorf,1,D. J. Eliot,1,2022 Temple Owls football team
2633,Tennessee Volunteers,2022,Josh Heupel,2,Alex Golesh,2,Tim Banks,2,2022 Tennessee Volunteers football team
245,Texas A&M Aggies,2022,Jimbo Fisher,5,Darrell Dickey,5,D. J. Durkin,1,2022 Texas A&M Aggies football team
251,Texas Longhorns,2022,Steve Sarkisian,2,Kyle Flood,2,Pete Kwiatkowski,2,2022 Texas Longhorns football team
326,Texas State Bobcats,2022,Jake Spavital,4,,,Zac Spavital,4,2022 Texas State Bobcats football team
2641,Texas Tech Red Raiders,2022,Joey McGuire,1,Zach Kittley,1,Tim DeRuyter,1,2022 Texas Tech Red Raiders football team
2649,Toledo Rockets,2022,Jason Candle,7,,,Vince Kehres,3,2022 Toledo Rockets football team
2653,Troy Trojans,2022,Jon Sumrall,1,Joe Craddock,1,Shiel Wood,1,2022 Troy Trojans football team
2655,Tulane Green Wave,2022,Willie Fritz,7,Jim Svoboda,1,Chris Hampton,2,2022 Tulane Green Wave football team
202,Tulsa Golden Hurricane,2022,Philip Montgomery,8,,,Luke Olson,1,2022 Tulsa Golden Hurricane football team
5,UAB Blazers,2022,Bryant Vincent,,Darin Hinshaw,1,David Reeves,6,2022 UAB Blazers football team
2116,UCF Knights,2022,Gus Malzahn,2,Chip Lindsey,1,Travis Williams,2,2022 UCF Knights football team
26,UCLA Bruins,2022,Chip Kelly,5,,,Bill McGovern,1,2022 UCLA Bruins football team
41,UConn Huskies,2022,Jim L. Mora,1,Nick Charlton,1,,,2022 UConn Huskies football team
2433,UL Monroe Warhawks,2022,Terry Bowden,2,Matt Kubik,5,Vic Koenning,1,2022 Louisiana–Monroe Warhawks football team
2439,UNLV Rebels,2022,Marcus Arroyo,3,Nick Holz,1,Keith Heyward,1,2022 UNLV Rebels football team
30,USC Trojans,2022,Lincoln Riley,1,Josh Henson,1,Alex Grinch,1,2022 USC Trojans football team
2638,UTEP Miners,2022,Dana Dimel,5,Dave Warner,2,Bradley Dale Peveto,2,2022 UTEP Miners football team
2636,UTSA Roadrunners,2022,Jeff Traylor,3,,,Jess Loepp,2,2022 UTSA Roadrunners football team
328,Utah State Aggies,2022,Blake Anderson,2,Anthony Tucker,2,Ephraim Banda,2,2022 Utah State Aggies football team
254,Utah Utes,2022,Kyle Whittingham,18,Andy Ludwig,8,Morgan Scalley,7,2022 Utah Utes football team
238,Vanderbilt Commodores,2022,Clark Lea,2,Joey Lynch,1,Nick Howell,1,2022 Vanderbilt Commodores football team
258,Virginia Cavaliers,2022,Tony Elliott,1,Desmond Kitchings,1,John Rudzinski,1,2022 Virginia Cavaliers football team
259,Virginia Tech Hokies,2022,Brent Pry,1,Tyler Bowen,1,Chris Marve,1,2022 Virginia Tech Hokies football team
154,Wake Forest Demon Deacons,2022,Dave Clawson,9,Warren Ruggiero,9,Brad Lambert,4,2022 Wake Forest Demon Deacons football team
264,Washington Huskies,2022,Kalen DeBoer,1,Ryan Grubb,1,,,2022 Washington Huskies football team
265,Washington State Cougars,2022,Jake Dickert,2,Eric Morris,1,Brian Ward,1,2022 Washington State Cougars football team
277,West Virginia Mountaineers,2022,Neal Brown,4,Graham Harrell,1,Jordan Lesley,3,2022 West Virginia Mountaineers football team
98,Western Kentucky Hilltoppers,2022,Tyson Helton,4,,,Tyson Summers,1,2022 Western Kentucky Hilltoppers football team
2711,Western Michigan Broncos,2022,Tim Lester,6,Jeff Thorne,1,Lou Esposito,6,2022 Western Michigan Broncos football team
275,Wisconsin Badgers,2022,Paul Chryst,8,Bobby Engram,1,Jim Leonhard,6,2022 Wisconsin Badgers football team
2751,Wyoming Cowboys,2022,Craig Bohl,9,Tim Polasek,2,Jay Sawvel,3,2022 Wyoming Cowboys football team
2005,Air Force Falcons,2023,Troy Calhoun,17,Mike Thiessen,15,Brian Knorr,2,2023 Air Force Falcons football team
2006,Akron Zips,2023,Joe Moorhead,2,Billy Fessler,1,Tim Tibesar,2,2023 Akron Zips football team
333,Alabama Crimson Tide,2023,Nick Saban,17,Tommy Rees,1,Kevin Steele,2,2023 Alabama Crimson Tide football team
2026,App State Mountaineers,2023,Shawn Clark,4,Frank Ponce,2,Scot Sloan,1,2023 Appalachian State Mountaineers football team
9,Arizona State Sun Devils,2023,Kenny Dillingham,1,Beau Baldwin,1,Brian Ward,1,2023 Arizona State Sun Devils football team
12,Arizona Wildcats,2023,Jedd Fisch,3,Brennan Carroll,3,Johnny Nansen,2,2023 Arizona Wildcats football team
8,Arkansas Razorbacks,2023,Sam Pittman,4,Dan Enos / Kenny Guiton,,Travis Williams,1,2023 Arkansas Razorbacks football team
2032,Arkansas State Red Wolves,2023,Butch Jones,3,Keith Heckendorf,5,Rob Harley,3,2023 Arkansas State Red Wolves football team
349,Army Black Knights,2023,Jeff Monken,10,Drew Thatcher,1,Nate Woody,4,2023 Army Black Knights football team
2,Auburn Tigers,2023,Hugh Freeze,1,Philip Montgomery,1,Ron Roberts,1,2023 Auburn Tigers football team
252,BYU Cougars,2023,Kalani Sitake,8,Aaron Roderick,3,Jay Hill,1,2023 BYU Cougars football team
2050,Ball State Cardinals,2023,Mike Neu,8,Kevin Lynch,4,Tyler Stockton,5,2023 Ball State Cardinals football team
239,Baylor Bears,2023,Dave Aranda,4,Jeff Grimes,3,Matt Powledge,1,2023 Baylor Bears football team
68,Boise State Broncos,2023,Andy Avalos,3,Bush Hamdan,1,Spencer Danielson,3,2023 Boise State Broncos football team
103,Boston College Eagles,2023,Jeff Hafley,4,Steve Shimko,1,,,2023 Boston College Eagles football team
189,Bowling Green Falcons,2023,Scot Loeffler,5,,,,,2023 Bowling Green Falcons football team
2084,Buffalo Bulls,2023,Maurice Linguist,3,DJ Mangas,1,Robert Wright,1,2023 Buffalo Bulls football team
25,California Golden Bears,2023,Justin Wilcox,7,Jake Spavital,2,Peter Sirmon,4,2023 California Golden Bears football team
2117,Central Michigan Chippewas,2023,Jim McElwain,5,Paul Petrino,2,Robb Akey,5,2023 Central Michigan Chippewas football team
2429,Charlotte 49ers,2023,Biff Poggi,1,Mike Miller,1,Ryan Osborn,1,2023 Charlotte 49ers football team
2132,Cincinnati Bearcats,2023,Scott Satterfield,1,Brad Glenn,1,Bryan Brown,1,2023 Cincinnati Bearcats football team
228,Clemson Tigers,2023,Dabo Swinney,15,Garrett Riley,1,Wes Goodwin,2,2023 Clemson Tigers football team
324,Coastal Carolina Chanticleers,2023,Tim Beck,1,Travis Trickett,1,Craig Naivar,1,2023 Coastal Carolina Chanticleers football team
38,Colorado Buffaloes,2023,Deion Sanders,1,Sean Lewis,1,Charles Kelly,1,2023 Colorado Buffaloes football team
36,Colorado State Rams,2023,Jay Norvell,2,Matt Mumme,2,Freddie Banks,2,2023 Colorado State Rams football team
150,Duke Blue Devils,2023,Mike Elko,2,Kevin Johns,2,,,2023 Duke Blue Devils football team
151,East Carolina Pirates,2023,Mike Houston,5,Donnie Kirkpatrick,5,Blake Harrell,4,2023 East Carolina Pirates football team
2199,Eastern Michigan Eagles,2023,Chris Creighton,10,Mike Piatkowski,1,Ben Needham,1,2023 Eastern Michigan Eagles football team
2226,Florida Atlantic Owls,2023,Tom Herman,1,Charlie Frye,1,Roc Bellantoni,1,2023 Florida Atlantic Owls football team
57,Florida Gators,2023,Billy Napier,2,Rob Sale,2,Austin Armstrong,1,2023 Florida Gators football team
2229,Florida International Panthers,2023,Mike MacIntyre,2,David Yost,2,Jovan Dewitt,2,2023 FIU Panthers football team
52,Florida State Seminoles,2023,Mike Norvell,4,Alex Atkins,2,Adam Fuller,4,2023 Florida State Seminoles football team
278,Fresno State Bulldogs,2023,Jeff Tedford,5,Pat McCann,1,Kevin Coyle,6,2023 Fresno State Bulldogs football team
61,Georgia Bulldogs,2023,Kirby Smart,8,Mike Bobo,9,,,2023 Georgia Bulldogs football team
290,Georgia Southern Eagles,2023,Clay Helton,2,Bryan Ellis,2,Brandon Bailey,1,2023 Georgia Southern Eagles football team
2247,Georgia State Panthers,2023,Shawn Elliott,7,Trent McKnight,2,Chad Staggs,1,2023 Georgia State Panthers football team
59,Georgia Tech Yellow Jackets,2023,Brent Key,1,Buster Faulkner,1,Kevin Sherrer,1,2023 Georgia Tech Yellow Jackets football team
62,Hawai'i Rainbow Warriors,2023,Timmy Chang,2,Ian Shoemaker,2,Jacob Yoro,3,2023 Hawaii Rainbow Warriors football team
248,Houston Cougars,2023,Dana Holgorsen,5,Eman Naghavi,1,Doug Belk,5,2023 Houston Cougars football team
356,Illinois Fighting Illini,2023,Bret Bielema,3,Barry Lunney Jr.,2,Aaron Henry,1,2023 Illinois Fighting Illini football team
84,Indiana Hoosiers,2023,Tom Allen,7,Walt Bell / Rod Carey,,Chad Wilt,2,2023 Indiana Hoosiers football team
2294,Iowa Hawkeyes,2023,Kirk Ferentz,25,Brian Ferentz,7,Phil Parker,12,2023 Iowa Hawkeyes football team
66,Iowa State Cyclones,2023,Matt Campbell,8,Nathan Scheelhaase,1,Jon Heacock,8,2023 Iowa State Cyclones football team
55,Jacksonville State Gamecocks,2023,Rich Rodriguez,2,Rod Smith,2,Zac Alley,2,2023 Jacksonville State Gamecocks football team
256,James Madison Dukes,2023,Curt Cignetti,5,Mike Shanahan,3,Bryant Haines,2,2023 James Madison Dukes football team
2305,Kansas Jayhawks,2023,Lance Leipold,3,Andy Kotelnicki,3,Brian Borland,3,2023 Kansas Jayhawks football team
2306,Kansas State Wildcats,2023,Chris Klieman,5,Collin Klein,2,Joe Klanderman,4,2023 Kansas State Wildcats football team
2309,Kent State Golden Flashes,2023,Kenni Burns,1,Matt Johnson,1,Dave Duggan,1,2023 Kent State Golden Flashes football team
96,Kentucky Wildcats,2023,Mark Stoops,11,Liam Coen,2,Brad White,5,2023 Kentucky Wildcats football team
99,LSU Tigers,2023,Brian Kelly,2,Mike Denbrock,2,Matt House,2,2023 LSU Tigers football team
2335,Liberty Flames,2023,Jamey Chadwell,1,,,,,2023 Liberty Flames football team
309,Louisiana Ragin' Cajuns,2023,Michael Desormeaux,2,Tim Leger,3,LaMar Morgan,2,2023 Louisiana Ragin' Cajuns football team
2348,Louisiana Tech Bulldogs,2023,Sonny Cumbie,2,,,Scott Power,2,2023 Louisiana Tech Bulldogs football team
97,Louisville Cardinals,2023,Jeff Brohm,1,Brian Brohm,1,,,2023 Louisville Cardinals football team
276,Marshall Thundering Herd,2023,Charles Huff,3,Clint Trickett,2,Jason Semore,1,2023 Marshall Thundering Herd football team
120,Maryland Terrapins,2023,Mike Locksley,5,Josh Gattis,1,Brian Williams,2,2023 Maryland Terrapins football team
113,Massachusetts Minutemen,2023,Don Brown,7,Steve Casula,2,Keith Dudzinski,9,2023 UMass Minutemen football team
235,Memphis Tigers,2023,Ryan Silverfield,4,Tim Cramsey,2,Matt Barnes,2,2023 Memphis Tigers football team
193,Miami (OH) RedHawks,2023,Chuck Martin,10,Pat Welsh,1,Bill Brechin,2,2023 Miami RedHawks football team
2390,Miami Hurricanes,2023,Mario Cristobal,2,Shannon Dawson,1,Lance Guidry,1,2023 Miami Hurricanes football team
127,Michigan State Spartans,2023,Mel Tucker,4,Jay Johnson,4,Scottie Hazelton,4,2023 Michigan State Spartans football team
130,Michigan Wolverines,2023,Jim Harbaugh,9,Sherrone Moore,3,Jesse Minter,2,2023 Michigan Wolverines football team
2393,Middle Tennessee Blue Raiders,2023,Rick Stockstill,18,Mitch Stewart,2,Scott Shafer,7,2023 Middle Tennessee Blue Raiders football team
135,Minnesota Golden Gophers,2023,P. J. Fleck,7,,,Joe Rossi,6,2023 Minnesota Golden Gophers football team
344,Mississippi State Bulldogs,2023,Zach Arnett,1,Kevin Barbay,1,Matt Brock,1,2023 Mississippi State Bulldogs football team
142,Missouri Tigers,2023,Eliah Drinkwitz,4,Kirby Moore,1,Blake Baker,2,2023 Missouri Tigers football team
152,NC State Wolfpack,2023,Dave Doeren,11,Robert Anae,1,Tony Gibson,5,2023 NC State Wolfpack football team
2426,Navy Midshipmen,2023,Brian Newberry,1,Grant Chesnut,1,P. J. Volker,1,2023 Navy Midshipmen football team
158,Nebraska Cornhuskers,2023,Matt Rhule,1,Marcus Satterfield,1,Tony White,1,2023 Nebraska Cornhuskers football team
2440,Nevada Wolf Pack,2023,Ken Wilson,2,Derek Sage,2,,,2023 Nevada Wolf Pack football team
167,New Mexico Lobos,2023,Danny Gonzales,4,Bryant Vincent,1,Troy Reffett,2,2023 New Mexico Lobos football team
166,New Mexico State Aggies,2023,Jerry Kill,2,Tim Beck,2,,,2023 New Mexico State Aggies football team
153,North Carolina Tar Heels,2023,Mack Brown,15,Chip Lindsey,1,Gene Chizik,4,2023 North Carolina Tar Heels football team
249,North Texas Mean Green,2023,Eric Morris,1,Jordan Davis,1,Matt Caponi,1,2023 North Texas Mean Green football team
2459,Northern Illinois Huskies,2023,Thomas Hammock,5,Eric Eidsness,5,Derrick Jackson,5,2023 Northern Illinois Huskies football team
77,Northwestern Wildcats,2023,David Braun,1,Mike Bajakian,4,,,2023 Northwestern Wildcats football team
87,Notre Dame Fighting Irish,2023,Marcus Freeman,2,Gerad Parker,1,Al Golden,2,2023 Notre Dame Fighting Irish football team
195,Ohio Bobcats,2023,Tim Albin,3,,,Spence Nowinsky,2,2023 Ohio Bobcats football team
194,Ohio State Buckeyes,2023,Ryan Day,5,Brian Hartline,1,Jim Knowles,2,2023 Ohio State Buckeyes football team
201,Oklahoma Sooners,2023,Brent Venables,2,Jeff Lebby,2,Ted Roof,2,2023 Oklahoma Sooners football team
197,Oklahoma State Cowboys,2023,Mike Gundy,19,Kasey Dunn,4,Bryan Nardo,1,2023 Oklahoma State Cowboys football team
295,Old Dominion Monarchs,2023,Ricky Rahne,4,Kevin Decker,1,Blake Seiler,4,2023 Old Dominion Monarchs football team
145,Ole Miss Rebels,2023,Lane Kiffin,4,,,Pete Golding,1,2023 Ole Miss Rebels football team
2483,Oregon Ducks,2023,Dan Lanning,2,Will Stein,1,Tosh Lupoi,2,2023 Oregon Ducks football team
204,Oregon State Beavers,2023,Jonathan Smith,6,Brian Lindgren,6,Trent Bray,2,2023 Oregon State Beavers football team
213,Penn State Nittany Lions,2023,James Franklin,10,Mike Yurcich,,Manny Diaz,2,2023 Penn State Nittany Lions football team
221,Pittsburgh Panthers,2023,Pat Narduzzi,9,Frank Cignetti Jr.,2,Randy Bates,6,2023 Pittsburgh Panthers football team
2509,Purdue Boilermakers,2023,Ryan Walters,1,Graham Harrell,1,Kevin Kane,1,2023 Purdue Boilermakers football team
242,Rice Owls,2023,Mike Bloomgren,6,Marques Tuiasosopo,3,Brian Smith,6,2023 Rice Owls football team
164,Rutgers Scarlet Knights,2023,Greg Schiano,15,Kirk Ciarrocca,3,Joe Harasymiak,2,2023 Rutgers Scarlet Knights football team
2567,SMU Mustangs,2023,Rhett Lashlee,2,Casey Woods,2,Scott Symons,2,2023 SMU Mustangs football team
2534,Sam Houston Bearkats,2023,K. C. Keeler,10,Brad Cornelsen,1,,,2023 Sam Houston Bearkats football team
21,San Diego State Aztecs,2023,Brady Hoke,6,Ryan Lindley,1,Kurt Mattix,4,2023 San Diego State Aztecs football team
23,San José State Spartans,2023,Brent Brennan,7,Kevin McGiven,6,Derrick Odum,7,2023 San Jose State Spartans football team
6,South Alabama Jaguars,2023,Kane Wommack,3,Major Applewhite,3,Corey Batoon,3,2023 South Alabama Jaguars football team
2579,South Carolina Gamecocks,2023,Shane Beamer,3,Dowell Loggains,1,Clayton White,3,2023 South Carolina Gamecocks football team
58,South Florida Bulls,2023,Alex Golesh,1,Joel Gordon,1,Todd Orlando,1,2023 South Florida Bulls football team
2572,Southern Miss Golden Eagles,2023,Will Hall,3,Sam Gregg,3,Dan O'Brien,1,2023 Southern Miss Golden Eagles football team
24,Stanford Cardinal,2023,Troy Taylor,1,,,Bobby April,1,2023 Stanford Cardinal football team
183,Syracuse Orange,2023,Dino Babers,8,Jason Beck,1,Rocky Long,1,2023 Syracuse Orange football team
2628,TCU Horned Frogs,2023,Sonny Dykes,2,Kendal Briles,1,Joe Gillespie,2,2023 TCU Horned Frogs football team
218,Temple Owls,2023,Stan Drayton,2,Danny Langsdorf,2,Everett Withers,1,2023 Temple Owls football team
2633,Tennessee Volunteers,2023,Josh Heupel,3,Joey Halzle,1,Tim Banks,3,2023 Tennessee Volunteers football team
245,Texas A&M Aggies,2023,Jimbo Fisher,6,Bobby Petrino,1,D. J. Durkin,2,2023 Texas A&M Aggies football team
251,Texas Longhorns,2023,Steve Sarkisian,3,Kyle Flood,3,Pete Kwiatkowski,3,2023 Texas Longhorns football team
326,Texas State Bobcats,2023,G. J. Kinne,1,Mack Leftwich,1,Jonathan Patke,1,2023 Texas State Bobcats football team
2641,Texas Tech Red Raiders,2023,Joey McGuire,2,Zach Kittley,2,Tim DeRuyter,2,2023 Texas Tech Red Raiders football team
2649,Toledo Rockets,2023,Jason Candle,8,,,Vince Kehres,4,2023 Toledo Rockets football team
2653,Troy Trojans,2023,Jon Sumrall,2,Joe Craddock,2,Greg Gasparato,1,2023 Troy Trojans football team
2655,Tulane Green Wave,2023,Willie Fritz,8,Slade Nagle,1,Shiel Wood,1,2023 Tulane Green Wave football team
202,Tulsa Golden Hurricane,2023,Kevin Wilson,1,Steve Spurrier Jr.,1,Chris Polizzi,1,2023 Tulsa Golden Hurricane football team
5,UAB Blazers,2023,Trent Dilfer,1,Alex Mortensen,1,Sione Ta'ufo'ou,1,2023 UAB Blazers football team
2116,UCF Knights,2023,Gus Malzahn,3,Darin Hinshaw,1,Addison Williams,1,2023 UCF Knights football team
26,UCLA Bruins,2023,Chip Kelly,6,,,D'Anton Lynn,1,2023 UCLA Bruins football team
41,UConn Huskies,2023,Jim L. Mora,2,Nick Charlton,2,,,2023 UConn Huskies football team
2433,UL Monroe Warhawks,2023,Terry Bowden,3,Matt Kubik,6,Vic Koenning,2,2023 Louisiana–Monroe Warhawks football team
2439,UNLV Rebels,2023,Barry Odom,1,Brennan Marion,1,Mike Scherer,1,2023 UNLV Rebels football team
30,USC Trojans,2023,Lincoln Riley,2,Josh Henson,2,Alex Grinch,,2023 USC Trojans football team
2638,UTEP Miners,2023,Dana Dimel,6,Scotty Ohara,1,Bradley Dale Peveto,3,2023 UTEP Miners football team
2636,UTSA Roadrunners,2023,Jeff Traylor,4,Justin Burke,1,Jess Loepp,3,2023 UTSA Roadrunners football team
328,Utah State Aggies,2023,Blake Anderson,3,Kyle Cefalo,1,Joe Cauthen,1,2023 Utah State Aggies football team
254,Utah Utes,2023,Kyle Whittingham,19,Andy Ludwig,9,Morgan Scalley,8,2023 Utah Utes football team
238,Vanderbilt Commodores,2023,Clark Lea,3,Joey Lynch,2,Nick Howell,2,2023 Vanderbilt Commodores football team
258,Virginia Cavaliers,2023,Tony Elliott,2,Desmond Kitchings,2,John Rudzinski,2,2023 Virginia Cavaliers football team
259,Virginia Tech Hokies,2023,Brent Pry,2,Tyler Bowen,2,Chris Marve,2,2023 Virginia Tech Hokies football team
154,Wake Forest Demon Deacons,2023,Dave Clawson,10,Warren Ruggiero,10,Brad Lambert,5,2023 Wake Forest Demon Deacons football team
264,Washington Huskies,2023,Kalen DeBoer,2,Ryan Grubb,2,,,2023 Washington Huskies football team
265,Washington State Cougars,2023,Jake Dickert,3,Ben Arbuckle,1,Jeff Schmedding,1,2023 Washington State Cougars football team
277,West Virginia Mountaineers,2023,Neal Brown,5,Chad Scott,1,Jordan Lesley,4,2023 West Virginia Mountaineers football team
98,Western Kentucky Hilltoppers,2023,Tyson Helton,5,Drew Hollingshead,1,Tyson Summers,2,2023 Western Kentucky Hilltoppers football team
2711,Western Michigan Broncos,2023,Lance Taylor,1,Billy Cosh,1,Lou Esposito,7,2023 Western Michigan Broncos football team
275,Wisconsin Badgers,2023,Luke Fickell,1,Phil Longo,1,Mike Tressel,1,2023 Wisconsin Badgers football team
2751,Wyoming Cowboys,2023,Craig Bohl,10,Tim Polasek,3,Jay Sawvel,4,2023 Wyoming Cowboys football team
2005,Air Force Falcons,2024,Troy Calhoun,18,Mike Thiessen,16,Brian Knorr,3,2024 Air Force Falcons football team
2006,Akron Zips,2024,Joe Moorhead,3,,,Tim Tibesar,3,2024 Akron Zips football team
333,Alabama Crimson Tide,2024,Kalen DeBoer,1,Nick Sheridan,1,Kane Wommack,1,2024 Alabama Crimson Tide football team
2026,App State Mountaineers,2024,Shawn Clark,5,Frank Ponce,3,Scot Sloan,2,2024 Appalachian State Mountaineers football team
9,Arizona State Sun Devils,2024,Kenny Dillingham,2,Marcus Arroyo,1,Brian Ward,2,2024 Arizona State Sun Devils football team
12,Arizona Wildcats,2024,Brent Brennan,1,Dino Babers,1,Duane Akina,1,2024 Arizona Wildcats football team
8,Arkansas Razorbacks,2024,Sam Pittman,5,Bobby Petrino,1,Travis Williams,2,2024 Arkansas Razorbacks football team
2032,Arkansas State Red Wolves,2024,Butch Jones,4,Keith Heckendorf,6,Rob Harley,4,2024 Arkansas State Red Wolves football team
349,Army Black Knights,2024,Jeff Monken,11,Cody Worley,1,Nate Woody,5,2024 Army Black Knights football team
2,Auburn Tigers,2024,Hugh Freeze,2,Derrick Nix,1,D. J. Durkin,1,2024 Auburn Tigers football team
252,BYU Cougars,2024,Kalani Sitake,9,Aaron Roderick,4,Jay Hill,2,2024 BYU Cougars football team
2050,Ball State Cardinals,2024,Mike Neu,9,Jared Elliott,2,Jeff Knowles,1,2024 Ball State Cardinals football team
239,Baylor Bears,2024,Dave Aranda,5,Jake Spavital,1,Matt Powledge,2,2024 Baylor Bears football team
68,Boise State Broncos,2024,Spencer Danielson,1,Dirk Koetter,1,Erik Chinander,1,2024 Boise State Broncos football team
103,Boston College Eagles,2024,Bill O'Brien,1,Will Lawing,1,Tim Lewis,1,2024 Boston College Eagles football team
189,Bowling Green Falcons,2024,Scot Loeffler,6,,,,,2024 Bowling Green Falcons football team
2084,Buffalo Bulls,2024,Pete Lembo,1,Dave Patenaude,1,Joe Bowen,1,2024 Buffalo Bulls football team
25,California Golden Bears,2024,Justin Wilcox,8,Mike Bloesch / responsibilities split among committee for bowl game,,Peter Sirmon,5,2024 California Golden Bears football team
2117,Central Michigan Chippewas,2024,Jim McElwain,6,,,Robb Akey,6,2024 Central Michigan Chippewas football team
2429,Charlotte 49ers,2024,Biff Poggi,2,Mike Miller,2,Ryan Osborn,2,2024 Charlotte 49ers football team
2132,Cincinnati Bearcats,2024,Scott Satterfield,2,Brad Glenn,2,Tyson Veidt,1,2024 Cincinnati Bearcats football team
228,Clemson Tigers,2024,Dabo Swinney,16,Garrett Riley,2,Wes Goodwin,3,2024 Clemson Tigers football team
324,Coastal Carolina Chanticleers,2024,Tim Beck,2,Travis Trickett,2,Craig Naivar,2,2024 Coastal Carolina Chanticleers football team
38,Colorado Buffaloes,2024,Deion Sanders,2,Pat Shurmur,2,Robert Livingston,1,2024 Colorado Buffaloes football team
36,Colorado State Rams,2024,Jay Norvell,3,Matt Mumme,3,Freddie Banks,3,2024 Colorado State Rams football team
150,Duke Blue Devils,2024,Manny Diaz,1,Jonathan Brewer,1,Jonathan Patke,1,2024 Duke Blue Devils football team
151,East Carolina Pirates,2024,Mike Houston,6,John David Baker,1,Blake Harrell,5,2024 East Carolina Pirates football team
2199,Eastern Michigan Eagles,2024,Chris Creighton,11,Mike Piatkowski,2,Ben Needham,2,2024 Eastern Michigan Eagles football team
2226,Florida Atlantic Owls,2024,Tom Herman,2,Charlie Frye,2,Roc Bellantoni,2,2024 Florida Atlantic Owls football team
57,Florida Gators,2024,Billy Napier,3,,,Austin Armstrong,2,2024 Florida Gators football team
2229,Florida International Panthers,2024,Mike MacIntyre,3,David Yost,3,Jovan Dewitt,3,2024 FIU Panthers football team
52,Florida State Seminoles,2024,Mike Norvell,5,Alex Atkins / Gabe Fertitta,,Adam Fuller,,2024 Florida State Seminoles football team
278,Fresno State Bulldogs,2024,Tim Skipper,,Pat McCann,2,Kevin Coyle,7,2024 Fresno State Bulldogs football team
61,Georgia Bulldogs,2024,Kirby Smart,9,Mike Bobo,10,Glenn Schumann,6,2024 Georgia Bulldogs football team
290,Georgia Southern Eagles,2024,Clay Helton,3,Ryan Aplin,1,Brandon Bailey,2,2024 Georgia Southern Eagles football team
2247,Georgia State Panthers,2024,Dell McGee,1,Jim Chaney,1,Kevin Sherrer,1,2024 Georgia State Panthers football team
59,Georgia Tech Yellow Jackets,2024,Brent Key,2,Buster Faulkner,2,Tyler Santucci,1,2024 Georgia Tech Yellow Jackets football team
62,Hawai'i Rainbow Warriors,2024,Timmy Chang,3,,,Dennis Thurman,1,2024 Hawaii Rainbow Warriors football team
248,Houston Cougars,2024,Willie Fritz,1,Kevin Barbay / Shawn Bell,,Shiel Wood,1,2024 Houston Cougars football team
356,Illinois Fighting Illini,2024,Bret Bielema,4,Barry Lunney Jr.,3,Aaron Henry,2,2024 Illinois Fighting Illini football team
84,Indiana Hoosiers,2024,Curt Cignetti,1,Mike Shanahan,1,Bryant Haines,1,2024 Indiana Hoosiers football team
2294,Iowa Hawkeyes,2024,Kirk Ferentz,26,Tim Lester,1,Phil Parker,13,2024 Iowa Hawkeyes football team
66,Iowa State Cyclones,2024,Matt Campbell,9,Taylor Mouser,1,Jon Heacock,9,2024 Iowa State Cyclones football team
55,Jacksonville State Gamecocks,2024,Rich Rodriguez,3,Rod Smith,3,Luke Olson,1,2024 Jacksonville State Gamecocks football team
256,James Madison Dukes,2024,Bob Chesney,1,Dean Kennedy,1,Lyle Hemphill,1,2024 James Madison Dukes football team
2305,Kansas Jayhawks,2024,Lance Leipold,4,Jeff Grimes,1,Brian Borland,4,2024 Kansas Jayhawks football team
2306,Kansas State Wildcats,2024,Chris Klieman,6,,,Joe Klanderman,5,2024 Kansas State Wildcats football team
338,Kennesaw State Owls,2024,Brian Bohannon,10,,,Greg Harris,1,2024 Kennesaw State Owls football team
2309,Kent State Golden Flashes,2024,Kenni Burns,2,Mark Carney,1,Kody Morgan,1,2024 Kent State Golden Flashes football team
96,Kentucky Wildcats,2024,Mark Stoops,12,Bush Hamdan,1,Brad White,6,2024 Kentucky Wildcats football team
99,LSU Tigers,2024,Brian Kelly,3,Joe Sloan,1,Blake Baker,1,2024 LSU Tigers football team
2335,Liberty Flames,2024,Jamey Chadwell,2,,,,,2024 Liberty Flames football team
309,Louisiana Ragin' Cajuns,2024,Michael Desormeaux,3,Tim Leger,4,Jim Salgado,1,2024 Louisiana Ragin' Cajuns football team
2348,Louisiana Tech Bulldogs,2024,Sonny Cumbie,3,,,Jeremiah Johnson,1,2024 Louisiana Tech Bulldogs football team
97,Louisville Cardinals,2024,Jeff Brohm,2,Brian Brohm,2,,,2024 Louisville Cardinals football team
276,Marshall Thundering Herd,2024,Charles Huff,4,Seth Doege,1,Jason Semore,2,2024 Marshall Thundering Herd football team
120,Maryland Terrapins,2024,Mike Locksley,6,Josh Gattis,2,Brian Williams,3,2024 Maryland Terrapins football team
113,Massachusetts Minutemen,2024,Don Brown,8,Shane Montgomery,1,Keith Dudzinski,10,2024 UMass Minutemen football team
235,Memphis Tigers,2024,Ryan Silverfield,5,Tim Cramsey,3,Jordon Hankins,1,2024 Memphis Tigers football team
193,Miami (OH) RedHawks,2024,Chuck Martin,11,Pat Welsh,2,Bill Brechin,3,2024 Miami RedHawks football team
2390,Miami Hurricanes,2024,Mario Cristobal,3,Shannon Dawson,2,Lance Guidry,2,2024 Miami Hurricanes football team
127,Michigan State Spartans,2024,Jonathan Smith,1,Brian Lindgren,1,Joe Rossi,1,2024 Michigan State Spartans football team
130,Michigan Wolverines,2024,Sherrone Moore,1,Kirk Campbell / Steve Casula,,Don Martindale,1,2024 Michigan Wolverines football team
2393,Middle Tennessee Blue Raiders,2024,Derek Mason,1,Bodie Reeder,1,Brian Stewart,1,2024 Middle Tennessee Blue Raiders football team
135,Minnesota Golden Gophers,2024,P. J. Fleck,8,,,Corey Hetherman,1,2024 Minnesota Golden Gophers football team
344,Mississippi State Bulldogs,2024,Jeff Lebby,1,,,Coleman Hutzler,1,2024 Mississippi State Bulldogs football team
142,Missouri Tigers,2024,Eliah Drinkwitz,5,Kirby Moore,2,Corey Batoon,1,2024 Missouri Tigers football team
152,NC State Wolfpack,2024,Dave Doeren,12,Robert Anae,2,Tony Gibson / Freddie Aughtry-Lindsay,,2024 NC State Wolfpack football team
2426,Navy Midshipmen,2024,Brian Newberry,2,Drew Cronic,1,P. J. Volker,2,2024 Navy Midshipmen football team
158,Nebraska Cornhuskers,2024,Matt Rhule,2,Marcus Satterfield / Dana Holgorsen,,Tony White,2,2024 Nebraska Cornhuskers football team
2440,Nevada Wolf Pack,2024,Jeff Choate,1,Matt Lubick,1,Kane Ioane,1,2024 Nevada Wolf Pack football team
167,New Mexico Lobos,2024,Bronco Mendenhall,1,Jason Beck,1,Nick Howell,1,2024 New Mexico Lobos football team
166,New Mexico State Aggies,2024,Tony Sanchez,1,Tyler Wright / Andrew Mitchell,,Joe Morris,1,2024 New Mexico State Aggies football team
153,North Carolina Tar Heels,2024,Mack Brown,16,Chip Lindsey,2,Geoff Collins,1,2024 North Carolina Tar Heels football team
249,North Texas Mean Green,2024,Eric Morris,2,Jordan Davis,2,Matt Caponi / Brian Odom,,2024 North Texas Mean Green football team
2459,Northern Illinois Huskies,2024,Thomas Hammock,6,Wesley Beschorner,1,Nick Benedetto,3,2024 Northern Illinois Huskies football team
77,Northwestern Wildcats,2024,David Braun,2,Zach Lujan,1,Tim McGarigle,1,2024 Northwestern Wildcats football team
87,Notre Dame Fighting Irish,2024,Marcus Freeman,3,Mike Denbrock,1,Al Golden,3,2024 Notre Dame Fighting Irish football team
195,Ohio Bobcats,2024,Tim Albin,4,Brian Smith,1,John Hauser,1,2024 Ohio Bobcats football team
194,Ohio State Buckeyes,2024,Ryan Day,6,Chip Kelly,1,Jim Knowles,3,2024 Ohio State Buckeyes football team
201,Oklahoma Sooners,2024,Brent Venables,3,Seth Littrell,,Zac Alley,1,2024 Oklahoma Sooners football team
197,Oklahoma State Cowboys,2024,Mike Gundy,20,Kasey Dunn,5,Bryan Nardo,2,2024 Oklahoma State Cowboys football team
295,Old Dominion Monarchs,2024,Ricky Rahne,5,Kevin Decker,2,Blake Seiler,5,2024 Old Dominion Monarchs football team
145,Ole Miss Rebels,2024,Lane Kiffin,5,Charlie Weis Jr.,3,Pete Golding,2,2024 Ole Miss Rebels football team
2483,Oregon Ducks,2024,Dan Lanning,3,Will Stein,2,Tosh Lupoi,3,2024 Oregon Ducks football team
204,Oregon State Beavers,2024,Trent Bray,1,Ryan Gunderson,1,Keith Heyward,1,2024 Oregon State Beavers football team
213,Penn State Nittany Lions,2024,James Franklin,11,Andy Kotelnicki,1,Tom Allen,1,2024 Penn State Nittany Lions football team
221,Pittsburgh Panthers,2024,Pat Narduzzi,10,Kade Bell,1,Randy Bates,7,2024 Pittsburgh Panthers football team
2509,Purdue Boilermakers,2024,Ryan Walters,2,Graham Harrell / Jason Simmons,,Kevin Kane,2,2024 Purdue Boilermakers football team
242,Rice Owls,2024,Mike Bloomgren,7,Marques Tuiasosopo,4,Brian Smith,7,2024 Rice Owls football team
164,Rutgers Scarlet Knights,2024,Greg Schiano,16,Kirk Ciarrocca,4,Joe Harasymiak,3,2024 Rutgers Scarlet Knights football team
2567,SMU Mustangs,2024,Rhett Lashlee,3,Casey Woods,3,Scott Symons,3,2024 SMU Mustangs football team
2534,Sam Houston Bearkats,2024,K. C. Keeler,11,Brad Cornelsen,2,Skyler Cassity,1,2024 Sam Houston Bearkats football team
21,San Diego State Aztecs,2024,Sean Lewis,1,,,Eric Schmidt,1,2024 San Diego State Aztecs football team
23,San José State Spartans,2024,Ken Niumatalolo,1,Craig Stutzmann,1,Derrick Odum,8,2024 San Jose State Spartans football team
6,South Alabama Jaguars,2024,Major Applewhite,1,Rob Ezell,1,Will Windham,1,2024 South Alabama Jaguars football team
2579,South Carolina Gamecocks,2024,Shane Beamer,4,Dowell Loggains,2,Clayton White,4,2024 South Carolina Gamecocks football team
58,South Florida Bulls,2024,Alex Golesh,2,Joel Gordon,2,Todd Orlando,2,2024 South Florida Bulls football team
2572,Southern Miss Golden Eagles,2024,Will Hall,4,Chip Long,1,Clay Bignell,1,2024 Southern Miss Golden Eagles football team
24,Stanford Cardinal,2024,Troy Taylor,2,,,Bobby April,2,2024 Stanford Cardinal football team
183,Syracuse Orange,2024,Fran Brown,1,Jeff Nixon,1,Elijah Robinson,1,2024 Syracuse Orange football team
2628,TCU Horned Frogs,2024,Sonny Dykes,3,Kendal Briles,2,Andy Avalos,1,2024 TCU Horned Frogs football team
218,Temple Owls,2024,Stan Drayton,3,Danny Langsdorf,3,Everett Withers,2,2024 Temple Owls football team
2633,Tennessee Volunteers,2024,Josh Heupel,4,Joey Halzle,2,Tim Banks,4,2024 Tennessee Volunteers football team
245,Texas A&M Aggies,2024,Mike Elko,1,Collin Klein,1,Jay Bateman,1,2024 Texas A&M Aggies football team
251,Texas Longhorns,2024,Steve Sarkisian,4,Kyle Flood,4,Pete Kwiatkowski,4,2024 Texas Longhorns football team
326,Texas State Bobcats,2024,G. J. Kinne,2,Mack Leftwich,2,Dexter McCoil,1,2024 Texas State Bobcats football team
2641,Texas Tech Red Raiders,2024,Joey McGuire,3,Zach Kittley / Justin Johnson,,Tim DeRuyter / C. J. Ah You,,2024 Texas Tech Red Raiders football team
2649,Toledo Rockets,2024,Jason Candle,9,,,Vince Kehres,5,2024 Toledo Rockets football team
2653,Troy Trojans,2024,Gerad Parker,1,Sean Reagan,1,Dontae Wright,1,2024 Troy Trojans football team
2655,Tulane Green Wave,2024,Jon Sumrall,1,Joe Craddock,1,Greg Gasparato,1,2024 Tulane Green Wave football team
202,Tulsa Golden Hurricane,2024,Kevin Wilson,2,Steve Spurrier Jr.,2,Chris Polizzi,2,2024 Tulsa Golden Hurricane football team
5,UAB Blazers,2024,Trent Dilfer,2,Alex Mortensen,2,Sione Ta'ufo'ou,2,2024 UAB Blazers football team
2116,UCF Knights,2024,Gus Malzahn,4,Tim Harris Jr.,1,Ted Roof,,2024 UCF Knights football team
26,UCLA Bruins,2024,DeShaun Foster,1,Eric Bieniemy,1,Ikaika Malloe,1,2024 UCLA Bruins football team
41,UConn Huskies,2024,Jim L. Mora,3,Gordon Sammis,1,Matt Brock,1,2024 UConn Huskies football team
2433,UL Monroe Warhawks,2024,Bryant Vincent,1,,,Earnest Hill,1,2024 Louisiana–Monroe Warhawks football team
2439,UNLV Rebels,2024,Barry Odom,2,Brennan Marion,2,Mike Scherer,2,2024 UNLV Rebels football team
30,USC Trojans,2024,Lincoln Riley,3,Josh Henson,3,D'Anton Lynn,1,2024 USC Trojans football team
2638,UTEP Miners,2024,Scotty Walden,1,Jake Brown,1,J. J. Clark,1,2024 UTEP Miners football team
2636,UTSA Roadrunners,2024,Jeff Traylor,5,Justin Burke,2,Jess Loepp,4,2024 UTSA Roadrunners football team
328,Utah State Aggies,2024,Nate Dreiling,,Kyle Cefalo,2,,,2024 Utah State Aggies football team
254,Utah Utes,2024,Kyle Whittingham,20,Andy Ludwig / Mike Bajakian,,Morgan Scalley,9,2024 Utah Utes football team
238,Vanderbilt Commodores,2024,Clark Lea,4,Tim Beck,1,,,2024 Vanderbilt Commodores football team
258,Virginia Cavaliers,2024,Tony Elliott,3,Desmond Kitchings,3,John Rudzinski,3,2024 Virginia Cavaliers football team
259,Virginia Tech Hokies,2024,Brent Pry,3,Tyler Bowen,3,Chris Marve,3,2024 Virginia Tech Hokies football team
154,Wake Forest Demon Deacons,2024,Dave Clawson,11,Warren Ruggiero,11,Brad Lambert,6,2024 Wake Forest Demon Deacons football team
264,Washington Huskies,2024,Jedd Fisch,1,Brennan Carroll,1,Stephen Belichick,1,2024 Washington Huskies football team
265,Washington State Cougars,2024,Jake Dickert,4,Ben Arbuckle,2,Jeff Schmedding,,2024 Washington State Cougars football team
277,West Virginia Mountaineers,2024,Neal Brown,6,Chad Scott,2,Jordan Lesley,,2024 West Virginia Mountaineers football team
98,Western Kentucky Hilltoppers,2024,Tyson Helton,6,Will Friend,1,Tyson Summers,3,2024 Western Kentucky Hilltoppers football team
2711,Western Michigan Broncos,2024,Lance Taylor,2,Walt Bell,1,Scott Power,1,2024 Western Michigan Broncos football team
275,Wisconsin Badgers,2024,Luke Fickell,2,Phil Longo / None,,Mike Tressel,2,2024 Wisconsin Badgers football team
2751,Wyoming Cowboys,2024,Jay Sawvel,1,Jay Johnson,1,Aaron Bohl,1,2024 Wyoming Cowboys football team
2005,Air Force Falcons,2025,Troy Calhoun,19,Mike Thiessen,17,Brian Knorr,4,2025 Air Force Falcons football team
2006,Akron Zips,2025,Joe Moorhead,4,,,Tim Tibesar,4,2025 Akron Zips football team
333,Alabama Crimson Tide,2025,Kalen DeBoer,2,Ryan Grubb,1,Kane Wommack,2,2025 Alabama Crimson Tide football team
2026,App State Mountaineers,2025,Dowell Loggains,1,,,D. J. Smith,1,2025 Appalachian State Mountaineers football team
9,Arizona State Sun Devils,2025,Kenny Dillingham,3,Marcus Arroyo,2,Brian Ward,3,2025 Arizona State Sun Devils football team
12,Arizona Wildcats,2025,Brent Brennan,2,Seth Doege,1,Danny Gonzales,1,2025 Arizona Wildcats football team
8,Arkansas Razorbacks,2025,Sam Pittman,6,Bobby Petrino / Kolby Smith,,Travis Williams / Chris Wilson,,2025 Arkansas Razorbacks football team
2032,Arkansas State Red Wolves,2025,Butch Jones,5,Keith Heckendorf,7,Griff McCarley,1,2025 Arkansas State Red Wolves football team
349,Army Black Knights,2025,Jeff Monken,12,Cody Worley,2,Nate Woody,6,2025 Army Black Knights football team
2,Auburn Tigers,2025,Hugh Freeze,3,Derrick Nix,2,D. J. Durkin,2,2025 Auburn Tigers football team
252,BYU Cougars,2025,Kalani Sitake,10,Aaron Roderick,5,Jay Hill,3,2025 BYU Cougars football team
2050,Ball State Cardinals,2025,Mike Uremovich,1,,,Jeff Knowles,2,2025 Ball State Cardinals football team
239,Baylor Bears,2025,Dave Aranda,6,Jake Spavital,2,Matt Powledge,3,2025 Baylor Bears football team
68,Boise State Broncos,2025,Spencer Danielson,2,Nate Potter,2,Erik Chinander,2,2025 Boise State Broncos football team
103,Boston College Eagles,2025,Bill O'Brien,2,Will Lawing,2,Tim Lewis,2,2025 Boston College Eagles football team
189,Bowling Green Falcons,2025,Eddie George,1,Travis Partridge,1,Brandon Fisher,1,2025 Bowling Green Falcons football team
2084,Buffalo Bulls,2025,Pete Lembo,2,Dave Patenaude,2,Joe Bowen,2,2025 Buffalo Bulls football team
25,California Golden Bears,2025,Justin Wilcox,9,Bryan Harsin,1,,,2025 California Golden Bears football team
2117,Central Michigan Chippewas,2025,Matt Drinkall,1,Jim Chapin,1,Sean Cronin,1,2025 Central Michigan Chippewas football team
2429,Charlotte 49ers,2025,Tim Albin,1,Todd Fitch,1,Nate Faanes,1,2025 Charlotte 49ers football team
2132,Cincinnati Bearcats,2025,Scott Satterfield,3,Brad Glenn,3,Tyson Veidt,2,2025 Cincinnati Bearcats football team
228,Clemson Tigers,2025,Dabo Swinney,17,Garrett Riley,3,Tom Allen,1,2025 Clemson Tigers football team
324,Coastal Carolina Chanticleers,2025,Tim Beck,3,Drew Hollingshead,1,Jeremiah Johnson,1,2025 Coastal Carolina Chanticleers football team
38,Colorado Buffaloes,2025,Deion Sanders,3,Pat Shurmur,3,Robert Livingston,2,2025 Colorado Buffaloes football team
36,Colorado State Rams,2025,Jay Norvell,4,Matt Mumme,4,Tyson Summers,2,2025 Colorado State Rams football team
48,Delaware Blue Hens,2025,Ryan Carty,4,Terence Archer,2,Manny Rojas,6,2025 Delaware Fightin' Blue Hens football team
150,Duke Blue Devils,2025,Manny Diaz,2,Jonathan Brewer,2,Jonathan Patke,2,2025 Duke Blue Devils football team
151,East Carolina Pirates,2025,Blake Harrell,1,John David Baker,2,Josh Aldridge,1,2025 East Carolina Pirates football team
2199,Eastern Michigan Eagles,2025,Chris Creighton,12,Mike Piatkowski,3,Ben Needham,3,2025 Eastern Michigan Eagles football team
2226,Florida Atlantic Owls,2025,Zach Kittley,1,,,Brett Dewhurst,1,2025 Florida Atlantic Owls football team
57,Florida Gators,2025,Billy Napier,4,Russ Callaway,2,Ron Roberts,2,2025 Florida Gators football team
2229,Florida International Panthers,2025,Willie Simmons,1,Nick Coleman,1,Jovan Dewitt,4,2025 FIU Panthers football team
52,Florida State Seminoles,2025,Mike Norvell,6,Gus Malzahn,1,Tony White,1,2025 Florida State Seminoles football team
278,Fresno State Bulldogs,2025,Matt Entz,1,Josh Davis,1,Nick Benedetto,1,2025 Fresno State Bulldogs football team
61,Georgia Bulldogs,2025,Kirby Smart,10,Mike Bobo,11,Glenn Schumann,7,2025 Georgia Bulldogs football team
290,Georgia Southern Eagles,2025,Clay Helton,4,Ryan Aplin,2,Brandon Bailey,3,2025 Georgia Southern Eagles football team
2247,Georgia State Panthers,2025,Dell McGee,2,Hue Jackson,1,Travis Pearson,1,2025 Georgia State Panthers football team
59,Georgia Tech Yellow Jackets,2025,Brent Key,3,Buster Faulkner,3,Blake Gideon,1,2025 Georgia Tech Yellow Jackets football team
62,Hawai'i Rainbow Warriors,2025,Timmy Chang,4,Anthony Arceneaux,1,Dennis Thurman,2,2025 Hawaii Rainbow Warriors football team
248,Houston Cougars,2025,Willie Fritz,2,Slade Nagle,1,Austin Armstrong,1,2025 Houston Cougars football team
356,Illinois Fighting Illini,2025,Bret Bielema,5,Barry Lunney Jr.,4,Aaron Henry,3,2025 Illinois Fighting Illini football team
84,Indiana Hoosiers,2025,Curt Cignetti,2,Mike Shanahan,2,Bryant Haines,2,2025 Indiana Hoosiers football team
2294,Iowa Hawkeyes,2025,Kirk Ferentz,27,Tim Lester,2,Phil Parker,14,2025 Iowa Hawkeyes football team
66,Iowa State Cyclones,2025,Matt Campbell,10,Taylor Mouser,2,Jon Heacock,10,2025 Iowa State Cyclones football team
55,Jacksonville State Gamecocks,2025,Charles Kelly,1,Clint Trickett,1,Brian Williams,1,2025 Jacksonville State Gamecocks football team
256,James Madison Dukes,2025,Bob Chesney,2,Dean Kennedy,2,Colin Hitschler,1,2025 James Madison Dukes football team
2305,Kansas Jayhawks,2025,Lance Leipold,5,Jim Zebrowski,1,D. K. McDonald,1,2025 Kansas Jayhawks football team
2306,Kansas State Wildcats,2025,Chris Klieman,7,Matt Wells,2,Joe Klanderman,6,2025 Kansas State Wildcats football team
338,Kennesaw State Owls,2025,Jerry Mack,1,Mitch Militello,1,Marc Mattioli,1,2025 Kennesaw State Owls football team
2309,Kent State Golden Flashes,2025,Mark Carney,1,Clay Patterson,2,Cherokee Valeria,1,2025 Kent State Golden Flashes football team
96,Kentucky Wildcats,2025,Mark Stoops,13,Bush Hamdan,2,Brad White,7,2025 Kentucky Wildcats football team
99,LSU Tigers,2025,Brian Kelly,4,Joe Sloan / Alex Atkins,,Blake Baker,2,2025 LSU Tigers football team
2335,Liberty Flames,2025,Jamey Chadwell,3,,,,,2025 Liberty Flames football team
309,Louisiana Ragin' Cajuns,2025,Michael Desormeaux,4,Tim Leger,5,Jim Salgado,2,2025 Louisiana Ragin' Cajuns football team
2348,Louisiana Tech Bulldogs,2025,Sonny Cumbie,4,Tony Franklin,4,Luke Olson,1,2025 Louisiana Tech Bulldogs football team
97,Louisville Cardinals,2025,Jeff Brohm,3,Brian Brohm,3,,,2025 Louisville Cardinals football team
276,Marshall Thundering Herd,2025,Tony Gibson,1,Rod Smith,1,Shannon Morrison,1,2025 Marshall Thundering Herd football team
120,Maryland Terrapins,2025,Mike Locksley,7,Pep Hamilton,1,Ted Monachino,1,2025 Maryland Terrapins football team
113,Massachusetts Minutemen,2025,Joe Harasymiak,1,Mike Bajakian,1,Jared Keyte,1,2025 UMass Minutemen football team
235,Memphis Tigers,2025,Ryan Silverfield,6,Tim Cramsey,4,Jordon Hankins,2,2025 Memphis Tigers football team
193,Miami (OH) RedHawks,2025,Chuck Martin,12,Pat Welsh,3,Bill Brechin,4,2025 Miami RedHawks football team
2390,Miami Hurricanes,2025,Mario Cristobal,4,Shannon Dawson,3,Corey Hetherman,1,2025 Miami Hurricanes football team
127,Michigan State Spartans,2025,Jonathan Smith,2,Brian Lindgren,2,Joe Rossi,2,2025 Michigan State Spartans football team
130,Michigan Wolverines,2025,Sherrone Moore,2,Chip Lindsey,1,Don Martindale,2,2025 Michigan Wolverines football team
2393,Middle Tennessee Blue Raiders,2025,Derek Mason,2,Bodie Reeder,2,Brian Stewart,2,2025 Middle Tennessee Blue Raiders football team
135,Minnesota Golden Gophers,2025,P. J. Fleck,9,Greg Harbaugh Jr.,3,Danny Collins,1,2025 Minnesota Golden Gophers football team
344,Mississippi State Bulldogs,2025,Jeff Lebby,2,,,Coleman Hutzler,2,2025 Mississippi State Bulldogs football team
2623,Missouri State Bears,2025,Ryan Beard,3,Nick Petrino,6,L. D. Scott,3,2025 Missouri State Bears football team
142,Missouri Tigers,2025,Eliah Drinkwitz,6,Kirby Moore,3,Corey Batoon,2,2025 Missouri Tigers football team
152,NC State Wolfpack,2025,Dave Doeren,13,Kurt Roper,1,D. J. Eliot,1,2025 NC State Wolfpack football team
2426,Navy Midshipmen,2025,Brian Newberry,3,Drew Cronic,2,P. J. Volker,3,2025 Navy Midshipmen football team
158,Nebraska Cornhuskers,2025,Matt Rhule,3,Dana Holgorsen,1,John Butler,1,2025 Nebraska Cornhuskers football team
2440,Nevada Wolf Pack,2025,Jeff Choate,2,David Gilbertson,1,Kane Ioane,2,2025 Nevada Wolf Pack football team
167,New Mexico Lobos,2025,Jason Eck,1,Luke Schleusner,1,Spence Nowinsky,1,2025 New Mexico Lobos football team
166,New Mexico State Aggies,2025,Tony Sanchez,2,David Yost,1,Joe Morris,2,2025 New Mexico State Aggies football team
153,North Carolina Tar Heels,2025,Bill Belichick,1,Freddie Kitchens,1,Stephen Belichick,1,2025 North Carolina Tar Heels football team
249,North Texas Mean Green,2025,Eric Morris,3,Jordan Davis,3,Skyler Cassity,1,2025 North Texas Mean Green football team
2459,Northern Illinois Huskies,2025,Thomas Hammock,7,Quinn Sanders,1,Rob Harley,1,2025 Northern Illinois Huskies football team
77,Northwestern Wildcats,2025,David Braun,3,Zach Lujan,2,Tim McGarigle,2,2025 Northwestern Wildcats football team
87,Notre Dame Fighting Irish,2025,Marcus Freeman,4,Mike Denbrock,2,Chris Ash,1,2025 Notre Dame Fighting Irish football team
195,Ohio Bobcats,2025,Brian Smith,1,Scott Isphording,4,John Hauser,2,2025 Ohio Bobcats football team
194,Ohio State Buckeyes,2025,Ryan Day,7,Brian Hartline,3,Matt Patricia,1,2025 Ohio State Buckeyes football team
201,Oklahoma Sooners,2025,Brent Venables,4,Ben Arbuckle,1,,,2025 Oklahoma Sooners football team
197,Oklahoma State Cowboys,2025,Mike Gundy,21,Doug Meacham,1,Todd Grantham / Clint Bowen,,2025 Oklahoma State Cowboys football team
295,Old Dominion Monarchs,2025,Ricky Rahne,6,Kevin Decker,3,Blake Seiler,6,2025 Old Dominion Monarchs football team
145,Ole Miss Rebels,2025,Lane Kiffin,6,Charlie Weis Jr.,4,Pete Golding,3,2025 Ole Miss Rebels football team
2483,Oregon Ducks,2025,Dan Lanning,4,Will Stein,3,Tosh Lupoi,4,2025 Oregon Ducks football team
204,Oregon State Beavers,2025,Trent Bray,2,Ryan Gunderson,2,,,2025 Oregon State Beavers football team
213,Penn State Nittany Lions,2025,James Franklin,12,Andy Kotelnicki,2,Jim Knowles,1,2025 Penn State Nittany Lions football team
221,Pittsburgh Panthers,2025,Pat Narduzzi,11,Kade Bell,2,Randy Bates,8,2025 Pittsburgh Panthers football team
2509,Purdue Boilermakers,2025,Barry Odom,1,Josh Henson,1,Michael Scherer,1,2025 Purdue Boilermakers football team
242,Rice Owls,2025,Scott Abell,1,Vince Munch,1,Jon Kay,1,2025 Rice Owls football team
164,Rutgers Scarlet Knights,2025,Greg Schiano,17,Kirk Ciarrocca,5,,,2025 Rutgers Scarlet Knights football team
2567,SMU Mustangs,2025,Rhett Lashlee,4,Casey Woods,4,Scott Symons,4,2025 SMU Mustangs football team
2534,Sam Houston Bearkats,2025,Phil Longo,1,Zack Patterson,1,Freddie Aughtry-Lindsay,1,2025 Sam Houston Bearkats football team
21,San Diego State Aztecs,2025,Sean Lewis,2,,,Rob Aurich,1,2025 San Diego State Aztecs football team
23,San José State Spartans,2025,Ken Niumatalolo,2,Craig Stutzmann,2,Derrick Odum / Bojay Filimoeatu,,2025 San Jose State Spartans football team
6,South Alabama Jaguars,2025,Major Applewhite,2,Paul Petrino,1,Will Windham,2,2025 South Alabama Jaguars football team
2579,South Carolina Gamecocks,2025,Shane Beamer,5,Mike Shula,,Clayton White,5,2025 South Carolina Gamecocks football team
58,South Florida Bulls,2025,Alex Golesh,3,Joel Gordon,3,Todd Orlando,3,2025 South Florida Bulls football team
2572,Southern Miss Golden Eagles,2025,Charles Huff,1,Blake Anderson,3,Jason Semore,1,2025 Southern Miss Golden Eagles football team
24,Stanford Cardinal,2025,Frank Reich,1,Nate Byham,1,Bobby April,3,2025 Stanford Cardinal football team
183,Syracuse Orange,2025,Fran Brown,2,Jeff Nixon,2,Elijah Robinson,2,2025 Syracuse Orange football team
2628,TCU Horned Frogs,2025,Sonny Dykes,4,Kendal Briles,3,Andy Avalos,2,2025 TCU Horned Frogs football team
218,Temple Owls,2025,K. C. Keeler,1,Tyler Walker,1,Brian Smith,1,2025 Temple Owls football team
2633,Tennessee Volunteers,2025,Josh Heupel,5,Joey Halzle,3,Tim Banks,5,2025 Tennessee Volunteers football team
245,Texas A&M Aggies,2025,Mike Elko,2,Collin Klein,2,Jay Bateman,2,2025 Texas A&M Aggies football team
251,Texas Longhorns,2025,Steve Sarkisian,5,Kyle Flood,5,Pete Kwiatkowski,5,2025 Texas Longhorns football team
326,Texas State Bobcats,2025,G. J. Kinne,3,Landon Keopple,1,Dexter McCoil / Matthew Gregg,,2025 Texas State Bobcats football team
2641,Texas Tech Red Raiders,2025,Joey McGuire,4,Mack Leftwich,1,Shiel Wood,1,2025 Texas Tech Red Raiders football team
2649,Toledo Rockets,2025,Jason Candle,10,,,Vince Kehres,6,2025 Toledo Rockets football team
2653,Troy Trojans,2025,Gerad Parker,2,Sean Reagan,2,Dontae Wright,2,2025 Troy Trojans football team
2655,Tulane Green Wave,2025,Jon Sumrall,2,Joe Craddock,2,Greg Gasparato,2,2025 Tulane Green Wave football team
202,Tulsa Golden Hurricane,2025,Tre Lamb,1,Brad Robbins,1,Josh Reardon,1,2025 Tulsa Golden Hurricane football team
5,UAB Blazers,2025,Trent Dilfer,3,Alex Mortensen,3,Steve Russ,1,2025 UAB Blazers football team
2116,UCF Knights,2025,Scott Frost,3,Steve Cooper,1,Alex Grinch,1,2025 UCF Knights football team
26,UCLA Bruins,2025,DeShaun Foster,2,Tino Sunseri / Jerry Neuheisel,,Ikaika Malloe / Kevin Coyle,,2025 UCLA Bruins football team
41,UConn Huskies,2025,Jim L. Mora,4,Gordon Sammis,2,Matt Brock,2,2025 UConn Huskies football team
2433,UL Monroe Warhawks,2025,Bryant Vincent,2,,,Earnest Hill,2,2025 Louisiana–Monroe Warhawks football team
2439,UNLV Rebels,2025,Dan Mullen,1,Corey Dennis,1,Paul Guenther,,2025 UNLV Rebels football team
30,USC Trojans,2025,Lincoln Riley,4,Luke Huard,1,D'Anton Lynn,2,2025 USC Trojans football team
2638,UTEP Miners,2025,Scotty Walden,2,Mark Cala,1,Bobby Daly,1,2025 UTEP Miners football team
2636,UTSA Roadrunners,2025,Jeff Traylor,6,Justin Burke,3,Jess Loepp,5,2025 UTSA Roadrunners football team
328,Utah State Aggies,2025,Bronco Mendenhall,1,Kevin McGiven,1,Nick Howell,1,2025 Utah State Aggies football team
254,Utah Utes,2025,Kyle Whittingham,21,Jason Beck,1,Morgan Scalley,10,2025 Utah Utes football team
238,Vanderbilt Commodores,2025,Clark Lea,5,Tim Beck,2,Steve Gregory,2,2025 Vanderbilt Commodores football team
258,Virginia Cavaliers,2025,Tony Elliott,4,Desmond Kitchings,4,John Rudzinski,4,2025 Virginia Cavaliers football team
259,Virginia Tech Hokies,2025,Brent Pry,4,Philip Montgomery,1,Sam Siefkes,1,2025 Virginia Tech Hokies football team
154,Wake Forest Demon Deacons,2025,Jake Dickert,1,Rob Ezell,1,Scottie Hazelton,1,2025 Wake Forest Demon Deacons football team
264,Washington Huskies,2025,Jedd Fisch,2,Jimmie Dougherty,1,Ryan Walters,1,2025 Washington Huskies football team
265,Washington State Cougars,2025,Jimmy Rogers,1,Danny Freund,1,Jesse Bobbit,1,2025 Washington State Cougars football team
277,West Virginia Mountaineers,2025,Rich Rodriguez,8,,,Zac Alley,1,2025 West Virginia Mountaineers football team
98,Western Kentucky Hilltoppers,2025,Tyson Helton,7,Rick Bowie,1,Da'Von Brown,1,2025 Western Kentucky Hilltoppers football team
2711,Western Michigan Broncos,2025,Lance Taylor,3,Walt Bell,2,Chris O'Leary,1,2025 Western Michigan Broncos football team
275,Wisconsin Badgers,2025,Luke Fickell,3,Jeff Grimes,1,Mike Tressel,3,2025 Wisconsin Badgers football team
2751,Wyoming Cowboys,2025,Jay Sawvel,2,Jay Johnson / Jovon Bouknight,,Aaron Bohl,2,2025 Wyoming Cowboys football team
2005,Air Force Falcons,2026,Troy Calhoun,20,Mike Thiessen,18,Steve Russ,7,2026 Air Force Falcons football team
2006,Akron Zips,2026,Joe Moorhead,5,,,Tim Tibesar,5,2026 Akron Zips football team
333,Alabama Crimson Tide,2026,Kalen DeBoer,3,Ryan Grubb,2,Kane Wommack,3,2026 Alabama Crimson Tide football team
2026,App State Mountaineers,2026,Dowell Loggains,2,Mike Anthony,1,D. J. Smith,2,2026 Appalachian State Mountaineers football team
9,Arizona State Sun Devils,2026,Kenny Dillingham,4,Marcus Arroyo,3,Brian Ward,4,2026 Arizona State Sun Devils football team
12,Arizona Wildcats,2026,Brent Brennan,3,Seth Doege,2,Danny Gonzales,2,2026 Arizona Wildcats football team
8,Arkansas Razorbacks,2026,Ryan Silverfield,1,Tim Cramsey,1,Ron Roberts,1,2026 Arkansas Razorbacks football team
2032,Arkansas State Red Wolves,2026,Butch Jones,6,Garrett Altman,1,Griff McCarley,2,2026 Arkansas State Red Wolves football team
349,Army Black Knights,2026,Jeff Monken,13,Cody Worley,3,Daryl Dixon,1,2026 Army Black Knights football team
2,Auburn Tigers,2026,Alex Golesh,1,Joel Gordon,1,D. J. Durkin,3,2026 Auburn Tigers football team
252,BYU Cougars,2026,Kalani Sitake,11,Aaron Roderick,6,Kelly Poppinga,1,2026 BYU Cougars football team
2050,Ball State Cardinals,2026,Mike Uremovich,2,,,Jeff Knowles,3,2026 Ball State Cardinals football team
239,Baylor Bears,2026,Dave Aranda,7,Jake Spavital,3,Joe Klanderman,1,2026 Baylor Bears football team
68,Boise State Broncos,2026,Spencer Danielson,3,Nate Potter,3,Erik Chinander,3,2026 Boise State Broncos football team
103,Boston College Eagles,2026,Bill O'Brien,3,,,Ted Roof,1,2026 Boston College Eagles football team
189,Bowling Green Falcons,2026,Eddie George,2,Greg Nosal,5,Joe Bowden,1,2026 Bowling Green Falcons football team
2084,Buffalo Bulls,2026,Pete Lembo,3,Tony Tokarz,1,Brian Dougherty,1,2026 Buffalo Bulls football team
25,California Golden Bears,2026,Tosh Lupoi,1,Jordan Somerville,1,Michael Hutchings,1,2026 California Golden Bears football team
2117,Central Michigan Chippewas,2026,Matt Drinkall,2,Jim Chapin,2,Sean Cronin,2,2026 Central Michigan Chippewas football team
2429,Charlotte 49ers,2026,Tim Albin,2,Todd Fitch,2,Nate Faanes,2,2026 Charlotte 49ers football team
2132,Cincinnati Bearcats,2026,Scott Satterfield,4,Pete Thomas,1,Nate Woody,1,2026 Cincinnati Bearcats football team
228,Clemson Tigers,2026,Dabo Swinney,18,Chad Morris,5,Tom Allen,2,2026 Clemson Tigers football team
324,Coastal Carolina Chanticleers,2026,Ryan Beard,1,Nick Petrino,1,L. D. Scott,1,2026 Coastal Carolina Chanticleers football team
38,Colorado Buffaloes,2026,Deion Sanders,4,Brennan Marion,1,Chris Marve,1,2026 Colorado Buffaloes football team
36,Colorado State Rams,2026,Jim L. Mora,1,Pryce Tracy,1,Tyson Summers,3,2026 Colorado State Rams football team
48,Delaware Blue Hens,2026,Ryan Carty,5,Terence Archer,3,Manny Rojas,7,2026 Delaware Fightin' Blue Hens football team
150,Duke Blue Devils,2026,Manny Diaz,3,Jonathan Brewer,3,Jonathan Patke,3,2026 Duke Blue Devils football team
151,East Carolina Pirates,2026,Blake Harrell,2,Jordan Davis,1,Jordon Hankins,1,2026 East Carolina Pirates football team
2199,Eastern Michigan Eagles,2026,Chris Creighton,13,Mike Piatkowski,4,Tate Omli,1,2026 Eastern Michigan Eagles football team
2226,Florida Atlantic Owls,2026,Zach Kittley,2,,,Brett Dewhurst,2,2026 Florida Atlantic Owls football team
57,Florida Gators,2026,Jon Sumrall,1,Buster Faulkner,1,Brad White,1,2026 Florida Gators football team
2229,Florida International Panthers,2026,Willie Simmons,2,Nick Coleman,2,Jovan Dewitt,5,2026 FIU Panthers football team
52,Florida State Seminoles,2026,Mike Norvell,7,Tim Harris Jr.,1,Tony White,2,2026 Florida State Seminoles football team
278,Fresno State Bulldogs,2026,Matt Entz,2,Josh Davis,2,Nick Benedetto,2,2026 Fresno State Bulldogs football team
61,Georgia Bulldogs,2026,Kirby Smart,11,Mike Bobo,12,Glenn Schumann,8,2026 Georgia Bulldogs football team
290,Georgia Southern Eagles,2026,Clay Helton,5,Ryan Aplin,3,Mike Mutz,1,2026 Georgia Southern Eagles football team
2247,Georgia State Panthers,2026,Dell McGee,3,Hue Jackson,2,,,2026 Georgia State Panthers football team
59,Georgia Tech Yellow Jackets,2026,Brent Key,4,George Godsey,1,Jason Semore,1,2026 Georgia Tech Yellow Jackets football team
62,Hawai'i Rainbow Warriors,2026,Timmy Chang,5,Anthony Arceneaux,2,Dennis Thurman,3,2026 Hawaii Rainbow Warriors football team
248,Houston Cougars,2026,Willie Fritz,3,Slade Nagle,2,Austin Armstrong,2,2026 Houston Cougars football team
356,Illinois Fighting Illini,2026,Bret Bielema,6,Barry Lunney Jr.,5,Bobby Hauck,1,2026 Illinois Fighting Illini football team
84,Indiana Hoosiers,2026,Curt Cignetti,3,Mike Shanahan,3,Bryant Haines,3,2026 Indiana Hoosiers football team
2294,Iowa Hawkeyes,2026,Kirk Ferentz,28,Tim Lester,3,Phil Parker,15,2026 Iowa Hawkeyes football team
66,Iowa State Cyclones,2026,Jimmy Rogers,1,Tyler Roehl,1,Jesse Bobbit,1,2026 Iowa State Cyclones football team
55,Jacksonville State Gamecocks,2026,Charles Kelly,2,Taylor Housewright,1,Brian Williams,2,2026 Jacksonville State Gamecocks football team
256,James Madison Dukes,2026,Billy Napier,1,Cam Aiken,1,Robert Bala,1,2026 James Madison Dukes football team
2305,Kansas Jayhawks,2026,Lance Leipold,6,Andy Kotelnicki,4,D. K. McDonald,2,2026 Kansas Jayhawks football team
2306,Kansas State Wildcats,2026,Collin Klein,1,Sean Gleeson,1,Jordan Peterson,1,2026 Kansas State Wildcats football team
338,Kennesaw State Owls,2026,Jerry Mack,2,Mitch Militello,2,Marc Mattioli,2,2026 Kennesaw State Owls football team
2309,Kent State Golden Flashes,2026,Mark Carney,2,Clay Patterson,3,Cherokee Valeria,2,2026 Kent State Golden Flashes football team
96,Kentucky Wildcats,2026,Will Stein,1,Joe Sloan,1,Jay Bateman,1,2026 Kentucky Wildcats football team
99,LSU Tigers,2026,Lane Kiffin,1,Charlie Weis Jr.,1,Blake Baker,3,2026 LSU Tigers football team
2335,Liberty Flames,2026,Jamey Chadwell,4,Newland Isaac,4,Shawn Quinn,1,2026 Liberty Flames football team
309,Louisiana Ragin' Cajuns,2026,Michael Desormeaux,5,Tim Leger,6,Jim Salgado,3,2026 Louisiana Ragin' Cajuns football team
2348,Louisiana Tech Bulldogs,2026,Sonny Cumbie,5,Nathan Young,1,Luke Olson,2,2026 Louisiana Tech Bulldogs football team
97,Louisville Cardinals,2026,Jeff Brohm,4,Brian Brohm,4,,,2026 Louisville Cardinals football team
276,Marshall Thundering Herd,2026,Tony Gibson,2,Rod Smith,2,Brad Lambert,1,2026 Marshall Thundering Herd football team
120,Maryland Terrapins,2026,Mike Locksley,8,Clint Trickett,1,Ted Monachino,2,2026 Maryland Terrapins football team
113,Massachusetts Minutemen,2026,Joe Harasymiak,2,Max Warner,1,Jared Keyte,2,2026 UMass Minutemen football team
235,Memphis Tigers,2026,Charles Huff,1,Kevin Decker,1,Lance Guidry,1,2026 Memphis Tigers football team
193,Miami (OH) RedHawks,2026,Chuck Martin,13,,,Bill Brechin,5,2026 Miami RedHawks football team
2390,Miami Hurricanes,2026,Mario Cristobal,5,Shannon Dawson,4,Corey Hetherman,2,2026 Miami Hurricanes football team
127,Michigan State Spartans,2026,Pat Fitzgerald,1,Nick Sheridan,1,Joe Rossi,3,2026 Michigan State Spartans football team
130,Michigan Wolverines,2026,Kyle Whittingham,1,Jason Beck,1,Jay Hill,1,2026 Michigan Wolverines football team
2393,Middle Tennessee Blue Raiders,2026,Derek Mason,3,Anthony Scelfo,1,Brian Stewart,3,2026 Middle Tennessee Blue Raiders football team
135,Minnesota Golden Gophers,2026,P. J. Fleck,10,Greg Harbaugh Jr.,4,Danny Collins,2,2026 Minnesota Golden Gophers football team
344,Mississippi State Bulldogs,2026,Jeff Lebby,3,,,Zach Arnett,4,2026 Mississippi State Bulldogs football team
2623,Missouri State Bears,2026,Casey Woods,1,Mark Cala,1,Jack Curtis,1,2026 Missouri State Bears football team
142,Missouri Tigers,2026,Eliah Drinkwitz,7,Chip Lindsey,1,Corey Batoon,3,2026 Missouri Tigers football team
152,NC State Wolfpack,2026,Dave Doeren,14,Kurt Roper,2,D. J. Eliot,2,2026 NC State Wolfpack football team
2426,Navy Midshipmen,2026,Brian Newberry,4,Drew Cronic,3,Eric Lewis,1,2026 Navy Midshipmen football team
158,Nebraska Cornhuskers,2026,Matt Rhule,4,Dana Holgorsen,2,Rob Aurich,1,2026 Nebraska Cornhuskers football team
2440,Nevada Wolf Pack,2026,Jeff Choate,3,Brett Bartolone,1,Kane Ioane,3,2026 Nevada Wolf Pack football team
167,New Mexico Lobos,2026,Jason Eck,2,Luke Schleusner,2,Spence Nowinsky,2,2026 New Mexico Lobos football team
166,New Mexico State Aggies,2026,Tony Sanchez,3,David Yost,2,Joe Morris,3,2026 New Mexico State Aggies football team
153,North Carolina Tar Heels,2026,Bill Belichick,2,Bobby Petrino,1,Stephen Belichick / Brian Belichick,,2026 North Carolina Tar Heels football team
249,North Texas Mean Green,2026,Neal Brown,1,,,Matt Powledge,1,2026 North Texas Mean Green football team
2459,Northern Illinois Huskies,2026,Rob Harley,1,Quinn Sanders,2,,,2026 Northern Illinois Huskies football team
77,Northwestern Wildcats,2026,David Braun,4,Chip Kelly,1,Tim McGarigle,3,2026 Northwestern Wildcats football team
87,Notre Dame Fighting Irish,2026,Marcus Freeman,5,Mike Denbrock,3,Chris Ash,2,2026 Notre Dame Fighting Irish football team
195,Ohio Bobcats,2026,John Hauser,1,Scott Isphording,5,Kurt Mattix,1,2026 Ohio Bobcats football team
194,Ohio State Buckeyes,2026,Ryan Day,8,Arthur Smith,1,Matt Patricia,2,2026 Ohio State Buckeyes football team
201,Oklahoma Sooners,2026,Brent Venables,5,Ben Arbuckle,2,Todd Bates,5,2026 Oklahoma Sooners football team
197,Oklahoma State Cowboys,2026,Eric Morris,1,Sean Brophy,1,Skyler Cassity,1,2026 Oklahoma State Cowboys football team
295,Old Dominion Monarchs,2026,Ricky Rahne,7,Kody Cook,1,Blake Seiler,7,2026 Old Dominion Monarchs football team
145,Ole Miss Rebels,2026,Pete Golding,1,John David Baker,1,Bryan Brown,3,2026 Ole Miss Rebels football team
2483,Oregon Ducks,2026,Dan Lanning,5,Drew Mehringer,1,Chris Hampton,1,2026 Oregon Ducks football team
204,Oregon State Beavers,2026,JaMarcus Shephard,1,Mitch Dahlen,1,Mike MacIntyre,1,2026 Oregon State Beavers football team
213,Penn State Nittany Lions,2026,Matt Campbell,1,Taylor Mouser,1,D'Anton Lynn,1,2026 Penn State Nittany Lions football team
221,Pittsburgh Panthers,2026,Pat Narduzzi,12,Kade Bell,3,Cory Sanders,1,2026 Pittsburgh Panthers football team
2509,Purdue Boilermakers,2026,Barry Odom,2,Josh Henson,2,Kevin Kane,3,2026 Purdue Boilermakers football team
242,Rice Owls,2026,Scott Abell,2,Vince Munch,2,Jon Kay,2,2026 Rice Owls football team
164,Rutgers Scarlet Knights,2026,Greg Schiano,18,Kirk Ciarrocca,6,Travis Johansen,1,2026 Rutgers Scarlet Knights football team
2567,SMU Mustangs,2026,Rhett Lashlee,5,,,,,2026 SMU Mustangs football team
2534,Sam Houston Bearkats,2026,Phil Longo,2,Zack Patterson,2,Freddie Aughtry-Lindsay,2,2026 Sam Houston Bearkats football team
21,San Diego State Aztecs,2026,Sean Lewis,3,Matt Johnson,2,Demetrius Sumler,1,2026 San Diego State Aztecs football team
23,San José State Spartans,2026,Ken Niumatalolo,3,Craig Stutzmann,3,Bojay Filimoeatu,1,2026 San Jose State Spartans football team
6,South Alabama Jaguars,2026,Major Applewhite,3,,,Todd Orlando,1,2026 South Alabama Jaguars football team
2579,South Carolina Gamecocks,2026,Shane Beamer,6,Kendal Briles,1,Clayton White,6,2026 South Carolina Gamecocks football team
58,South Florida Bulls,2026,Brian Hartline,1,Tim Beck,1,Josh Aldridge,1,2026 South Florida Bulls football team
2572,Southern Miss Golden Eagles,2026,Blake Anderson,1,Kyle Cefalo,1,Joe Bolden,1,2026 Southern Miss Golden Eagles football team
24,Stanford Cardinal,2026,Tavita Pritchard,1,Terry Heffernan,1,Kris Richard,1,2026 Stanford Cardinal football team
183,Syracuse Orange,2026,Fran Brown,3,Jeff Nixon,3,Vince Kehres,1,2026 Syracuse Orange football team
2628,TCU Horned Frogs,2026,Sonny Dykes,5,Gordon Sammis,1,Andy Avalos,3,2026 TCU Horned Frogs football team
218,Temple Owls,2026,K. C. Keeler,2,Tyler Walker,2,Brian Smith,2,2026 Temple Owls football team
2633,Tennessee Volunteers,2026,Josh Heupel,6,Joey Halzle,4,Jim Knowles,1,2026 Tennessee Volunteers football team
245,Texas A&M Aggies,2026,Mike Elko,3,Holmon Wiggins,3,Lyle Hemphill,1,2026 Texas A&M Aggies football team
251,Texas Longhorns,2026,Steve Sarkisian,6,Kyle Flood,6,Will Muschamp,1,2026 Texas Longhorns football team
326,Texas State Bobcats,2026,G. J. Kinne,4,Landon Keopple,2,Will Windham,1,2026 Texas State Bobcats football team
2641,Texas Tech Red Raiders,2026,Joey McGuire,5,Mack Leftwich,2,Shiel Wood,2,2026 Texas Tech Red Raiders football team
2649,Toledo Rockets,2026,Mike Jacobs,1,,,Jahmal Brown,1,2026 Toledo Rockets football team
2653,Troy Trojans,2026,Gerad Parker,3,Adam Austin,1,Dontae Wright,3,2026 Troy Trojans football team
2655,Tulane Green Wave,2026,Will Hall,1,Russ Callaway,1,Tayler Polk,1,2026 Tulane Green Wave football team
202,Tulsa Golden Hurricane,2026,Tre Lamb,2,Kevin Barbay,1,Josh Reardon,2,2026 Tulsa Golden Hurricane football team
5,UAB Blazers,2026,Alex Mortensen,1,,,Todd Grantham,1,2026 UAB Blazers football team
2116,UCF Knights,2026,Scott Frost,4,Steve Cooper,2,Alex Grinch,2,2026 UCF Knights football team
26,UCLA Bruins,2026,Bob Chesney,1,Dean Kennedy,1,Colin Hitschler,1,2026 UCLA Bruins football team
41,UConn Huskies,2026,Jason Candle,1,Nunzio Campanile,1,Ryan Manalac,1,2026 UConn Huskies football team
2433,UL Monroe Warhawks,2026,Bryant Vincent,3,Jesse Montalto,1,Troy Reffett,2,2026 Louisiana–Monroe Warhawks football team
2439,UNLV Rebels,2026,Dan Mullen,2,Corey Dennis,2,Paul Guenther,2,2026 UNLV Rebels football team
30,USC Trojans,2026,Lincoln Riley,5,Luke Huard,2,Gary Patterson,1,2026 USC Trojans football team
2638,UTEP Miners,2026,Scotty Walden,3,Lanear Sampson,1,Kyle Beyer,1,2026 UTEP Miners football team
2636,UTSA Roadrunners,2026,Jeff Traylor,7,Rick Bowie,1,Jess Loepp,6,2026 UTSA Roadrunners football team
328,Utah State Aggies,2026,Bronco Mendenhall,2,Robert Anae,1,Nick Howell,2,2026 Utah State Aggies football team
254,Utah Utes,2026,Morgan Scalley,1,Kevin McGiven,1,Colton Swan,1,2026 Utah Utes football team
238,Vanderbilt Commodores,2026,Clark Lea,6,Tim Beck,3,Steve Gregory,3,2026 Vanderbilt Commodores football team
258,Virginia Cavaliers,2026,Tony Elliott,5,Desmond Kitchings,5,John Rudzinski,5,2026 Virginia Cavaliers football team
259,Virginia Tech Hokies,2026,James Franklin,1,Ty Howle,1,Brent Pry,1,2026 Virginia Tech Hokies football team
154,Wake Forest Demon Deacons,2026,Jake Dickert,2,Rob Ezell,2,Scottie Hazelton,2,2026 Wake Forest Demon Deacons football team
264,Washington Huskies,2026,Jedd Fisch,3,,,Ryan Walters,2,2026 Washington Huskies football team
265,Washington State Cougars,2026,Kirby Moore,1,Matt Miller,1,Trent Bray,1,2026 Washington State Cougars football team
277,West Virginia Mountaineers,2026,Rich Rodriguez,9,,,Zac Alley,2,2026 West Virginia Mountaineers football team
98,Western Kentucky Hilltoppers,2026,Tyson Helton,8,Bodie Reeder,1,Davis Merritt,2,2026 Western Kentucky Hilltoppers football team
2711,Western Michigan Broncos,2026,Lance Taylor,4,Walt Bell,3,Greer Martini,1,2026 Western Michigan Broncos football team
275,Wisconsin Badgers,2026,Luke Fickell,4,Jeff Grimes,2,Mike Tressel,4,2026 Wisconsin Badgers football team
2751,Wyoming Cowboys,2026,Jay Sawvel,3,Christian Taylor,1,Aaron Bohl,3,2026 Wyoming Cowboys football team
