espn_id,team,season,player,player_key,starts,started_week_one,attempts,epa,source
2000,Abilene Christian Wildcats,2013,John David Baker,baker j,9,true,,,espn-pbp
2005,Air Force Falcons,2013,Nate Romine,romine n,5,false,,,espn-pbp
2005,Air Force Falcons,2013,Jaleel Awini,awini j,3,false,,,espn-pbp
2005,Air Force Falcons,2013,Karson Roberts,roberts k,2,false,,,espn-pbp
2005,Air Force Falcons,2013,Cole Gautsche,gautsche c,1,false,,,espn-pbp
2005,Air Force Falcons,2013,Kale Pearson,pearson k,1,true,,,espn-pbp
2006,Akron Zips,2013,Kyle Pohl,pohl k,12,true,,,espn-pbp
2010,Alabama A&M Bulldogs,2013,Brandon Wells,wells b,6,true,,,espn-pbp
2010,Alabama A&M Bulldogs,2013,Jaymason Lee,lee j,4,false,,,espn-pbp
2010,Alabama A&M Bulldogs,2013,Clayton Moore,moore c,1,false,,,espn-pbp
333,Alabama Crimson Tide,2013,AJ McCarron,mccarron a,12,false,,,espn-pbp
333,Alabama Crimson Tide,2013,Logan Thomas,thomas l,1,true,,,espn-pbp
2011,Alabama State Hornets,2013,Daniel Duhart,duhart d,7,true,,,espn-pbp
2011,Alabama State Hornets,2013,Arsenio Favor,favor a,1,false,,,espn-pbp
2016,Alcorn State Braves,2013,John Gibbs Jr.,gibbs j,5,true,,,espn-pbp
2025,Angelo State Rams,2013,Kyle Washington,washington k,1,true,,,espn-pbp
2026,App State Mountaineers,2013,Kameron Bryant,bryant k,7,false,,,espn-pbp
2026,App State Mountaineers,2013,Jamal Londry-Jackson,londry-jackson j,4,true,,,espn-pbp
2026,App State Mountaineers,2013,Kevin Ellison,ellison k,1,false,,,espn-pbp
9,Arizona State Sun Devils,2013,Taylor Kelly,kelly t,10,true,,,espn-pbp
9,Arizona State Sun Devils,2013,Kevin Hogan,hogan k,1,false,,,espn-pbp
9,Arizona State Sun Devils,2013,Brett Hundley,hundley b,1,false,,,espn-pbp
9,Arizona State Sun Devils,2013,Tommy Rees,rees t,1,false,,,espn-pbp
9,Arizona State Sun Devils,2013,Connor Wood,wood c,1,false,,,espn-pbp
12,Arizona Wildcats,2013,B.J. Denker,j. denker b,12,true,,,espn-pbp
12,Arizona Wildcats,2013,Keith Price,price k,1,false,,,espn-pbp
8,Arkansas Razorbacks,2013,Brandon Allen,allen b,10,true,,,espn-pbp
8,Arkansas Razorbacks,2013,Gary Nova,nova g,1,false,,,espn-pbp
2032,Arkansas State Red Wolves,2013,Adam Kennedy,kennedy a,13,true,,,espn-pbp
2033,Arkansas Tech Wonder Boys,2013,Luke Halpin,halpin l,1,true,,,espn-pbp
2029,Arkansas-Pine Bluff Golden Lions,2013,Benjamin Anderson,anderson b,4,true,,,espn-pbp
349,Army Black Knights,2013,Angel Santiago,santiago a,11,true,,,espn-pbp
349,Army Black Knights,2013,Keenan Reynolds,reynolds k,1,false,,,espn-pbp
2038,Assumption Greyhounds,2013,Sean Mayo,mayo s,1,true,,,espn-pbp
2,Auburn Tigers,2013,Nick Marshall,marshall n,12,true,,,espn-pbp
2,Auburn Tigers,2013,Jeremy Johnson,johnson j,1,false,,,espn-pbp
2,Auburn Tigers,2013,Jeremy Johnson middle,middle j,1,false,,,espn-pbp
2046,Austin Peay Governors,2013,Andrew Spivey,spivey a,6,true,,,espn-pbp
2046,Austin Peay Governors,2013,Timarious Mitchell,mitchell t,3,false,,,espn-pbp
2046,Austin Peay Governors,2013,Jacob Sexton,sexton j,1,false,,,espn-pbp
2046,Austin Peay Governors,2013,Andrew Spivey sideline,sideline a,1,false,,,espn-pbp
252,BYU Cougars,2013,Taysom Hill,hill t,11,false,,,espn-pbp
252,BYU Cougars,2013,Keith Price,price k,1,false,,,espn-pbp
252,BYU Cougars,2013,David Watford,watford d,1,true,,,espn-pbp
487,Bacone College Warriors,2013,Karl Birkenfield,birkenfield k,1,true,,,espn-pbp
2050,Ball State Cardinals,2013,Keith Wenning,wenning k,12,true,,,espn-pbp
239,Baylor Bears,2013,Bryce Petty,petty b,11,true,,,espn-pbp
239,Baylor Bears,2013,Clint Chelf,chelf c,1,false,,,espn-pbp
239,Baylor Bears,2013,Sam B. Richardson,richardson s,1,false,,,espn-pbp
2757,Berry College Vikings,2013,Adam Sandin,sandin a,1,true,,,espn-pbp
2065,Bethune-Cookman Wildcats,2013,Quentin Williams,williams q,6,false,,,espn-pbp
2065,Bethune-Cookman Wildcats,2013,Jackie Wilson,wilson j,3,false,,,espn-pbp
2065,Bethune-Cookman Wildcats,2013,Richard Cue,cue r,1,false,,,espn-pbp
2065,Bethune-Cookman Wildcats,2013,Brodrick Waters,waters b,1,true,,,espn-pbp
3,Birmingham-Southern Panthers,2013,Tyson Beacham,beacham t,1,true,,,espn-pbp
68,Boise State Broncos,2013,Grant Hedrick,hedrick g,7,false,,,espn-pbp
68,Boise State Broncos,2013,Joe Southwick,southwick j,6,true,,,espn-pbp
103,Boston College Eagles,2013,Chase Rettig,rettig c,12,true,,,espn-pbp
103,Boston College Eagles,2013,Bryn Renner,renner b,1,false,,,espn-pbp
189,Bowling Green Falcons,2013,Matt Johnson,johnson m,12,false,,,espn-pbp
189,Bowling Green Falcons,2013,Cody Green,green c,1,true,,,espn-pbp
189,Bowling Green Falcons,2013,Joe Licata,licata j,1,false,,,espn-pbp
2913,Brevard College Tornados,2013,Kevin Herbst sideline,sideline k,1,false,,,espn-pbp
2913,Brevard College Tornados,2013,Tanner Wright,wright t,1,true,,,espn-pbp
225,Brown Bears,2013,Patrick Donnelly,donnelly p,9,true,,,espn-pbp
2803,Bryant Bulldogs,2013,Mike Westerhaus,westerhaus m,12,true,,,espn-pbp
2083,Bucknell Bison,2013,Brandon Wesley,wesley b,6,true,,,espn-pbp
2083,Bucknell Bison,2013,Rj Nitti,nitti r,3,false,,,espn-pbp
2083,Bucknell Bison,2013,Trey Lauletta,lauletta t,1,false,,,espn-pbp
2084,Buffalo Bulls,2013,Joe Licata,licata j,10,false,,,espn-pbp
2084,Buffalo Bulls,2013,Austin Gearing,gearing a,1,false,,,espn-pbp
2084,Buffalo Bulls,2013,Matt Johnson,johnson m,1,false,,,espn-pbp
2084,Buffalo Bulls,2013,Braxton Miller,miller b,1,true,,,espn-pbp
2086,Butler Bulldogs,2013,Matt Lancaster,lancaster m,11,true,,,espn-pbp
2086,Butler Bulldogs,2013,Wade Markley,markley w,1,false,,,espn-pbp
13,Cal Poly Mustangs,2013,Chris Brown,brown c,3,false,,,espn-pbp
13,Cal Poly Mustangs,2013,Dano Graves,graves d,3,false,,,espn-pbp
13,Cal Poly Mustangs,2013,Vince Moraga,moraga v,2,true,,,espn-pbp
13,Cal Poly Mustangs,2013,Seth Lobato,lobato s,1,false,,,espn-pbp
13,Cal Poly Mustangs,2013,Chris Brown screen,screen c,1,false,,,espn-pbp
13,Cal Poly Mustangs,2013,Dano Graves screen,screen d,1,false,,,espn-pbp
13,Cal Poly Mustangs,2013,Chris Brown sideline,sideline c,1,false,,,espn-pbp
25,California Golden Bears,2013,Jared Goff,goff j,10,true,,,espn-pbp
25,California Golden Bears,2013,Cody Kessler,kessler c,1,false,,,espn-pbp
25,California Golden Bears,2013,Sean Mannion,mannion s,1,false,,,espn-pbp
2097,Campbell Fighting Camels,2013,Brian Hudson,hudson b,9,true,,,espn-pbp
2097,Campbell Fighting Camels,2013,John Russ,russ j,1,false,,,espn-pbp
2097,Campbell Fighting Camels,2013,Brian Hudson sideline,sideline b,1,false,,,espn-pbp
2097,Campbell Fighting Camels,2013,Dakota Wolf,wolf d,1,false,,,espn-pbp
2098,Campbellsville Tigers,2013,Bryan Parnes,parnes b,1,true,,,espn-pbp
2102,Carnegie Mellon Tartans,2013,Andrew Hearon,hearon a,1,true,,,espn-pbp
2110,Central Arkansas Bears,2013,Ryan Howard,howard r,6,false,,,espn-pbp
2110,Central Arkansas Bears,2013,Wynrick Smothers,smothers w,6,true,,,espn-pbp
2115,Central Connecticut Blue Devils,2013,Nick SanGiacomo,sangiacomo n,9,false,,,espn-pbp
2115,Central Connecticut Blue Devils,2013,Andrew Clements,clements a,3,true,,,espn-pbp
2117,Central Michigan Chippewas,2013,Cooper Rush,rush c,9,false,,,espn-pbp
2117,Central Michigan Chippewas,2013,Cody Kater,kater c,1,true,,,espn-pbp
2117,Central Michigan Chippewas,2013,Alex Niznak,niznak a,1,false,,,espn-pbp
2119,Central State (OH) Marauders,2013,Deandre Williams,williams d,1,true,,,espn-pbp
2127,Charleston Southern Buccaneers,2013,Daniel Croghan III,croghan d,7,false,,,espn-pbp
2127,Charleston Southern Buccaneers,2013,Malcolm Dixon,dixon m,4,true,,,espn-pbp
2127,Charleston Southern Buccaneers,2013,Kyle Copeland,copeland k,1,false,,,espn-pbp
2127,Charleston Southern Buccaneers,2013,Eric Dodson,dodson e,1,false,,,espn-pbp
2429,Charlotte 49ers,2013,Matt Johnson,johnson m,10,true,,,espn-pbp
2429,Charlotte 49ers,2013,Alex Ross,ross a,1,false,,,espn-pbp
236,Chattanooga Mocs,2013,Jacob Huesman,huesman j,6,true,,,espn-pbp
236,Chattanooga Mocs,2013,Jacob Huesman screen,screen j,2,false,,,espn-pbp
236,Chattanooga Mocs,2013,Jacob Huesman sideline,sideline j,2,false,,,espn-pbp
236,Chattanooga Mocs,2013,Jacob Huesman middle,middle j,1,false,,,espn-pbp
236,Chattanooga Mocs,2013,Terrell Robinson,robinson t,1,false,,,espn-pbp
2804,Chowan Hawks,2013,Cameron Stover,stover c,2,true,,,espn-pbp
2132,Cincinnati Bearcats,2013,Brendon Kay,kay b,7,false,,,espn-pbp
2132,Cincinnati Bearcats,2013,Austin Boucher,boucher a,1,false,,,espn-pbp
2132,Cincinnati Bearcats,2013,Rob Henry,henry r,1,true,,,espn-pbp
2132,Cincinnati Bearcats,2013,P.J. Walker,j. walker p,1,false,,,espn-pbp
2132,Cincinnati Bearcats,2013,Munchie Legaux,legaux m,1,false,,,espn-pbp
2132,Cincinnati Bearcats,2013,Brendon Kay middle,middle b,1,false,,,espn-pbp
2132,Cincinnati Bearcats,2013,John O'Korn middle,middle j,1,false,,,espn-pbp
2805,Clark Atlanta Panthers,2013,Aaron Hayward,hayward a,1,true,,,espn-pbp
228,Clemson Tigers,2013,Tajh Boyd,boyd t,12,true,,,espn-pbp
228,Clemson Tigers,2013,Jameis Winston,winston j,1,false,,,espn-pbp
324,Coastal Carolina Chanticleers,2013,Alex Ross,ross a,11,true,,,espn-pbp
324,Coastal Carolina Chanticleers,2013,Michael Church,church m,1,false,,,espn-pbp
324,Coastal Carolina Chanticleers,2013,Matt Johnson,johnson m,1,false,,,espn-pbp
324,Coastal Carolina Chanticleers,2013,Alex Ross sideline,sideline a,1,false,,,espn-pbp
2142,Colgate Raiders,2013,Gavin McCarney,mccarney g,8,true,,,espn-pbp
2142,Colgate Raiders,2013,Jake Melville,melville j,2,false,,,espn-pbp
2142,Colgate Raiders,2013,Dylan Finelli,finelli d,1,false,,,espn-pbp
38,Colorado Buffaloes,2013,Sefo Liufau,liufau s,5,false,,,espn-pbp
38,Colorado Buffaloes,2013,Connor Wood,wood c,4,true,,,espn-pbp
38,Colorado Buffaloes,2013,Taylor Kelly,kelly t,1,false,,,espn-pbp
38,Colorado Buffaloes,2013,Cody Kessler,kessler c,1,false,,,espn-pbp
38,Colorado Buffaloes,2013,Keith Price,price k,1,false,,,espn-pbp
11,Colorado Mesa Mavericks,2013,Kyle Duran,duran k,1,true,,,espn-pbp
36,Colorado State Rams,2013,Garrett Grayson,grayson g,14,true,,,espn-pbp
2570,Colorado State-Pueblo Thunderwolves,2013,Chris Bonner,bonner c,1,true,,,espn-pbp
171,Columbia Lions,2013,Trevor McDonagh,mcdonagh t,6,false,,,espn-pbp
171,Columbia Lions,2013,Kelly Hilinski,hilinski k,3,false,,,espn-pbp
171,Columbia Lions,2013,B Nottingham,nottingham b,1,true,,,espn-pbp
3099,Concordia (AL) Hornets,2013,Cameron Mayfield,mayfield c,1,true,,,espn-pbp
172,Cornell Big Red,2013,Jeff Mathews,mathews j,6,true,,,espn-pbp
172,Cornell Big Red,2013,James Few,few j,1,false,,,espn-pbp
2161,Cumberland (TN) Bulldogs,2013,Reed Gurchiek,gurchiek r,1,true,,,espn-pbp
159,Dartmouth Big Green,2013,Dalyn Williams,williams d,10,true,,,espn-pbp
2166,Davidson Wildcats,2013,Jonathan Carkhuff,carkhuff j,6,true,,,espn-pbp
2166,Davidson Wildcats,2013,Jonathan Carkhuff deep out,out j,1,false,,,espn-pbp
2168,Dayton Flyers,2013,Will Bardo,bardo w,10,true,,,espn-pbp
2168,Dayton Flyers,2013,Luke Johnson,johnson l,1,false,,,espn-pbp
48,Delaware Blue Hens,2013,Trent Hurley,hurley t,10,true,,,espn-pbp
48,Delaware Blue Hens,2013,Trevor Sasek,sasek t,2,false,,,espn-pbp
2169,Delaware State Hornets,2013,Cory Murphy,murphy c,8,true,,,espn-pbp
2169,Delaware State Hornets,2013,Peter Athens,athens p,1,false,,,espn-pbp
2169,Delaware State Hornets,2013,Brock Jensen,jensen b,1,false,,,espn-pbp
2254,Des Moines Vikings,2013,Derek Fulton,fulton d,1,true,,,espn-pbp
2181,Drake Bulldogs,2013,Andy Rice,rice a,11,true,,,espn-pbp
150,Duke Blue Devils,2013,Anthony Boone,boone a,11,true,,,espn-pbp
150,Duke Blue Devils,2013,Brandon Connette,connette b,3,false,,,espn-pbp
2184,Duquesne Dukes,2013,Dillon Buechel,buechel d,10,true,,,espn-pbp
2184,Duquesne Dukes,2013,Tyler Tucci,tucci t,1,false,,,espn-pbp
151,East Carolina Pirates,2013,Shane Carden,carden s,9,true,,,espn-pbp
151,East Carolina Pirates,2013,Shane Carden middle,middle s,2,false,,,espn-pbp
151,East Carolina Pirates,2013,Shane Carden screen,screen s,2,false,,,espn-pbp
2837,East Texas A&M Lions,2013,Harrison Stewart,stewart h,1,true,,,espn-pbp
2197,Eastern Illinois Panthers,2013,Jimmy Garoppolo,garoppolo j,14,true,,,espn-pbp
2198,Eastern Kentucky Colonels,2013,Jared McClain,mcclain j,11,true,,,espn-pbp
2198,Eastern Kentucky Colonels,2013,Teddy Bridgewater,bridgewater t,1,false,,,espn-pbp
2199,Eastern Michigan Eagles,2013,Tyler Benz,benz t,7,true,,,espn-pbp
2199,Eastern Michigan Eagles,2013,Brogan Roback,roback b,4,false,,,espn-pbp
2199,Eastern Michigan Eagles,2013,Gary Nova,nova g,1,false,,,espn-pbp
2201,Eastern New Mexico Greyhounds,2013,Jeremy Buurma,buurma j,1,true,,,espn-pbp
2202,Eastern Oregon,2013,Zach Bartlow,bartlow z,1,true,,,espn-pbp
331,Eastern Washington Eagles,2013,Vernon Adams,adams v,13,true,,,espn-pbp
331,Eastern Washington Eagles,2013,Peter Athens,athens p,1,false,,,espn-pbp
2210,Elon Phoenix,2013,Mike Quinn,quinn m,12,true,,,espn-pbp
2222,Ferris State Bulldogs,2013,Jason Vander Laan,vander laan j,1,true,,,espn-pbp
50,Florida A&M Rattlers,2013,Damien Fleming,fleming d,4,true,,,espn-pbp
2226,Florida Atlantic Owls,2013,Jaquez Johnson,johnson j,8,false,,,espn-pbp
2226,Florida Atlantic Owls,2013,Greg Hankerson,hankerson g,2,true,,,espn-pbp
2226,Florida Atlantic Owls,2013,Steven Bench,bench s,1,false,,,espn-pbp
2226,Florida Atlantic Owls,2013,Greg Hankerson middle,middle g,1,false,,,espn-pbp
57,Florida Gators,2013,Jeff Driskel,driskel j,3,true,,,espn-pbp
57,Florida Gators,2013,Tyler Murphy,murphy t,3,false,,,espn-pbp
57,Florida Gators,2013,Skyler Mornhinweg,mornhinweg s,2,false,,,espn-pbp
57,Florida Gators,2013,Aaron Murray,murray a,1,false,,,espn-pbp
57,Florida Gators,2013,Patton Robinette,robinette p,1,false,,,espn-pbp
57,Florida Gators,2013,Skyler Mornhinweg sideline,sideline s,1,false,,,espn-pbp
2229,Florida International Panthers,2013,Jake Medlock,medlock j,7,true,,,espn-pbp
2229,Florida International Panthers,2013,E.J. Hilliard,j. hilliard e,3,false,,,espn-pbp
2229,Florida International Panthers,2013,Teddy Bridgewater,bridgewater t,1,false,,,espn-pbp
2229,Florida International Panthers,2013,Jake Medlock sideline,sideline j,1,false,,,espn-pbp
52,Florida State Seminoles,2013,Jameis Winston,winston j,13,true,,,espn-pbp
52,Florida State Seminoles,2013,Tajh Boyd,boyd t,1,false,,,espn-pbp
2230,Fordham Rams,2013,Michael Nebrich,nebrich m,13,true,,,espn-pbp
2230,Fordham Rams,2013,Peter Maetzold,maetzold p,1,false,,,espn-pbp
2237,Fort Lewis Skyhawks,2013,Jordan Doyle,doyle j,1,true,,,espn-pbp
2232,Fort Valley State Wildcats,2013,Eugene Smith,smith e,1,true,,,espn-pbp
2233,Franklin Grizzlies,2013,Jonny West,west j,1,true,,,espn-pbp
278,Fresno State Bulldogs,2013,Derek Carr,carr d,9,true,,,espn-pbp
278,Fresno State Bulldogs,2013,Chad Chalich,chalich c,1,false,,,espn-pbp
278,Fresno State Bulldogs,2013,Derek Carr deep,deep d,1,false,,,espn-pbp
278,Fresno State Bulldogs,2013,Darell Garretson,garretson d,1,false,,,espn-pbp
278,Fresno State Bulldogs,2013,Cody Kessler,kessler c,1,false,,,espn-pbp
231,Furman Paladins,2013,Reese Hannon,hannon r,9,false,,,espn-pbp
231,Furman Paladins,2013,Duncan Fletcher,fletcher d,2,false,,,espn-pbp
231,Furman Paladins,2013,Reese Hannon middle,middle r,1,false,,,espn-pbp
231,Furman Paladins,2013,Dillon Woodruff,woodruff d,1,true,,,espn-pbp
2241,Gardner-Webb Runnin' Bulldogs,2013,Lucas Beatty,beatty l,12,true,,,espn-pbp
46,Georgetown Hoyas,2013,Kyle Nolan,nolan k,4,false,,,espn-pbp
46,Georgetown Hoyas,2013,Isaiah Kempf,kempf i,3,true,,,espn-pbp
61,Georgia Bulldogs,2013,Aaron Murray,murray a,9,true,,,espn-pbp
61,Georgia Bulldogs,2013,Hutson Mason,mason h,2,false,,,espn-pbp
61,Georgia Bulldogs,2013,Austyn Carta-Samuels,carta-samuels a,1,false,,,espn-pbp
61,Georgia Bulldogs,2013,Tyler Murphy,murphy t,1,false,,,espn-pbp
290,Georgia Southern Eagles,2013,Kevin Ellison,ellison k,8,false,,,espn-pbp
290,Georgia Southern Eagles,2013,Jerick McKinnon,mckinnon j,2,true,,,espn-pbp
290,Georgia Southern Eagles,2013,Kameron Bryant,bryant k,1,false,,,espn-pbp
2247,Georgia State Panthers,2013,Ronnie Bell,bell r,8,true,,,espn-pbp
2247,Georgia State Panthers,2013,Ben McLane,mclane b,1,false,,,espn-pbp
2247,Georgia State Panthers,2013,Ronnie Bell sideline,sideline r,1,false,,,espn-pbp
2247,Georgia State Panthers,2013,Ronnie Bell slant,slant r,1,false,,,espn-pbp
59,Georgia Tech Yellow Jackets,2013,Vad Lee,lee v,13,true,,,espn-pbp
2249,Glenville State Pioneers,2013,Steffen Colon,colon s,1,true,,,espn-pbp
2755,Grambling Tigers,2013,D.J. Williams,j. williams d,3,true,,,espn-pbp
2755,Grambling Tigers,2013,D.J. Williams middle,j. williams middle d,1,false,,,espn-pbp
2755,Grambling Tigers,2013,Johnathan Williams,williams j,1,false,,,espn-pbp
2261,Hampton Pirates,2013,Bryan Bailey,bailey b,6,false,,,espn-pbp
2261,Hampton Pirates,2013,Jaylian Williamson,williamson j,4,true,,,espn-pbp
2261,Hampton Pirates,2013,Robert Council,council r,1,false,,,espn-pbp
108,Harvard Crimson,2013,Conner Hempel,hempel c,8,true,,,espn-pbp
108,Harvard Crimson,2013,Michael Pruneau,pruneau m,2,false,,,espn-pbp
62,Hawai'i Rainbow Warriors,2013,Sean Schroeder,schroeder s,8,false,,,espn-pbp
62,Hawai'i Rainbow Warriors,2013,Taylor Graham,graham t,3,true,,,espn-pbp
62,Hawai'i Rainbow Warriors,2013,Ikaika Woolsey,woolsey i,1,false,,,espn-pbp
107,Holy Cross Crusaders,2013,Peter Pujals,pujals p,8,false,,,espn-pbp
107,Holy Cross Crusaders,2013,Ryan Laughlin,laughlin r,3,false,,,espn-pbp
107,Holy Cross Crusaders,2013,Steven Elder,elder s,1,true,,,espn-pbp
2277,Houston Christian Huskies,2013,Ka'Darius Baker,baker k,3,false,,,espn-pbp
2277,Houston Christian Huskies,2013,Jonathan Fleming,fleming j,1,true,,,espn-pbp
248,Houston Cougars,2013,John O'Korn,o'korn j,6,false,,,espn-pbp
248,Houston Cougars,2013,Blake Bortles,bortles b,1,false,,,espn-pbp
248,Houston Cougars,2013,John O'Korn deep,deep j,1,false,,,espn-pbp
248,Houston Cougars,2013,Dray Joseph,joseph d,1,true,,,espn-pbp
248,Houston Cougars,2013,Brendon Kay,kay b,1,false,,,espn-pbp
248,Houston Cougars,2013,John O'Korn middle,middle j,1,false,,,espn-pbp
248,Houston Cougars,2013,David Piland,piland d,1,false,,,espn-pbp
248,Houston Cougars,2013,Mike White,white m,1,false,,,espn-pbp
47,Howard Bison,2013,Greg McGhee,mcghee g,7,true,,,espn-pbp
2278,Humboldt State Lumberjacks,2013,Kyle Morris sideline,sideline k,1,true,,,espn-pbp
304,Idaho State Bengals,2013,Justin Arias,arias j,11,true,,,espn-pbp
304,Idaho State Bengals,2013,Jimmy Laughrea,laughrea j,1,false,,,espn-pbp
70,Idaho Vandals,2013,Taylor Davis,davis t,6,false,,,espn-pbp
70,Idaho Vandals,2013,Chad Chalich,chalich c,4,true,,,espn-pbp
70,Idaho Vandals,2013,Derek Carr,carr d,1,false,,,espn-pbp
70,Idaho Vandals,2013,Connor Reilly,reilly c,1,false,,,espn-pbp
356,Illinois Fighting Illini,2013,Nathan Scheelhaase,scheelhaase n,10,false,,,espn-pbp
356,Illinois Fighting Illini,2013,Connor Cook,cook c,1,false,,,espn-pbp
356,Illinois Fighting Illini,2013,Nathan Scheelhaase post,post n,1,true,,,espn-pbp
2287,Illinois State Redbirds,2013,Blake Winkler,winkler b,7,false,,,espn-pbp
2287,Illinois State Redbirds,2013,Jared Barnett,barnett j,2,true,,,espn-pbp
2287,Illinois State Redbirds,2013,Brock Jensen,jensen b,1,false,,,espn-pbp
2916,Incarnate Word Cardinals,2013,Trent Brittain,brittain t,9,true,,,espn-pbp
84,Indiana Hoosiers,2013,Nate Sudfeld,sudfeld n,8,false,,,espn-pbp
84,Indiana Hoosiers,2013,Tre Roberson,roberson t,3,true,,,espn-pbp
84,Indiana Hoosiers,2013,Braxton Miller,miller b,1,false,,,espn-pbp
282,Indiana State Sycamores,2013,Mike Perish,perish m,7,true,,,espn-pbp
282,Indiana State Sycamores,2013,Robert Tonyan Jr.,tonyan r,5,false,,,espn-pbp
2292,Indianapolis Greyhounds,2013,Chris Mills,mills c,1,true,,,espn-pbp
2294,Iowa Hawkeyes,2013,Jake Rudock,rudock j,13,true,,,espn-pbp
66,Iowa State Cyclones,2013,Sam B. Richardson,richardson s,7,true,,,espn-pbp
66,Iowa State Cyclones,2013,Grant Rohach,rohach g,3,false,,,espn-pbp
66,Iowa State Cyclones,2013,Montell Cozart,cozart m,1,false,,,espn-pbp
66,Iowa State Cyclones,2013,Bryce Petty,petty b,1,false,,,espn-pbp
2296,Jackson State Tigers,2013,Clayton Moore,moore c,3,false,,,espn-pbp
2296,Jackson State Tigers,2013,LaMontiez Ivy,ivy l,1,true,,,espn-pbp
2296,Jackson State Tigers,2013,Dray Joseph,joseph d,1,false,,,espn-pbp
2296,Jackson State Tigers,2013,Jaymason Lee,lee j,1,false,,,espn-pbp
294,Jacksonville Dolphins,2013,Kade Bell,bell k,5,true,,,espn-pbp
294,Jacksonville Dolphins,2013,Steven Hughes,hughes s,1,false,,,espn-pbp
55,Jacksonville State Gamecocks,2013,Eli Jenkins,jenkins e,7,true,,,espn-pbp
55,Jacksonville State Gamecocks,2013,Max Shortell,shortell m,6,false,,,espn-pbp
55,Jacksonville State Gamecocks,2013,Kyle West,west k,1,false,,,espn-pbp
256,James Madison Dukes,2013,Michael Birdsong,birdsong m,12,true,,,espn-pbp
2305,Kansas Jayhawks,2013,Jake Heaps,heaps j,8,true,,,espn-pbp
2305,Kansas Jayhawks,2013,Montell Cozart,cozart m,2,false,,,espn-pbp
2305,Kansas Jayhawks,2013,Case McCoy,mccoy c,1,false,,,espn-pbp
2305,Kansas Jayhawks,2013,Grant Rohach,rohach g,1,false,,,espn-pbp
2306,Kansas State Wildcats,2013,Jake Waters,waters j,9,true,,,espn-pbp
2306,Kansas State Wildcats,2013,Trevor Knight,knight t,1,false,,,espn-pbp
2306,Kansas State Wildcats,2013,Shane Morris,morris s,1,false,,,espn-pbp
2306,Kansas State Wildcats,2013,Daniel Sams,sams d,1,false,,,espn-pbp
2306,Kansas State Wildcats,2013,Clint Trickett,trickett c,1,false,,,espn-pbp
2309,Kent State Golden Flashes,2013,Colin Reardon,reardon c,9,true,,,espn-pbp
2309,Kent State Golden Flashes,2013,David Fisher,fisher d,1,false,,,espn-pbp
2309,Kent State Golden Flashes,2013,Tyler Tettleton,tettleton t,1,false,,,espn-pbp
2316,Kentucky Wesleyan Panthers,2013,Dalton Oliver slant,slant d,1,true,,,espn-pbp
96,Kentucky Wildcats,2013,Jalen Whitlow,whitlow j,6,true,,,espn-pbp
96,Kentucky Wildcats,2013,Maxwell Smith,smith m,5,false,,,espn-pbp
96,Kentucky Wildcats,2013,Joshua Dobbs,dobbs j,1,false,,,espn-pbp
99,LSU Tigers,2013,Zach Mettenberger,mettenberger z,12,true,,,espn-pbp
99,LSU Tigers,2013,Anthony Jennings,jennings a,1,false,,,espn-pbp
322,Lafayette Leopards,2013,Drew Reed,reed d,6,false,,,espn-pbp
322,Lafayette Leopards,2013,Andrew Dzurik,dzurik a,3,false,,,espn-pbp
322,Lafayette Leopards,2013,Zach Zweizig,zweizig z,3,true,,,espn-pbp
2320,Lamar Cardinals,2013,Caleb Berry,berry c,11,true,,,espn-pbp
2324,Langston Lions,2013,JacQuon Miles,miles j,2,true,,,espn-pbp
2324,Langston Lions,2013,Mark Wright,wright m,2,false,,,espn-pbp
2329,Lehigh Mountain Hawks,2013,Brandon Bialkowski,bialkowski b,8,true,,,espn-pbp
2329,Lehigh Mountain Hawks,2013,Matt McHale,mchale m,2,false,,,espn-pbp
2329,Lehigh Mountain Hawks,2013,Nick Shafnisky,shafnisky n,1,false,,,espn-pbp
2331,Lenoir-Rhyne Bears,2013,Miles Freeman,freeman m,1,true,,,espn-pbp
2331,Lenoir-Rhyne Bears,2013,Teverrius Jones,jones t,1,false,,,espn-pbp
2335,Liberty Flames,2013,Josh Woodrum sideline,sideline j,6,false,,,espn-pbp
2335,Liberty Flames,2013,Josh Woodrum,woodrum j,5,true,,,espn-pbp
2335,Liberty Flames,2013,Josh Woodrum middle,middle j,1,false,,,espn-pbp
2339,Lincoln (PA) Lions,2013,Doug Cook,cook d,2,true,,,espn-pbp
309,Louisiana Ragin' Cajuns,2013,Terrance Broadway,broadway t,12,true,,,espn-pbp
309,Louisiana Ragin' Cajuns,2013,Brooks Haack,haack b,1,false,,,espn-pbp
2348,Louisiana Tech Bulldogs,2013,Ryan Higgins,higgins r,5,false,,,espn-pbp
2348,Louisiana Tech Bulldogs,2013,Scotty Young,young s,5,true,,,espn-pbp
2348,Louisiana Tech Bulldogs,2013,Ryan Higgins sideline,sideline r,1,false,,,espn-pbp
2348,Louisiana Tech Bulldogs,2013,Scotty Young sideline,sideline s,1,false,,,espn-pbp
97,Louisville Cardinals,2013,Teddy Bridgewater,bridgewater t,9,true,,,espn-pbp
97,Louisville Cardinals,2013,Tim Boyle,boyle t,1,false,,,espn-pbp
97,Louisville Cardinals,2013,Bobby Eveld,eveld b,1,false,,,espn-pbp
97,Louisville Cardinals,2013,E.J. Hilliard,j. hilliard e,1,false,,,espn-pbp
97,Louisville Cardinals,2013,Jared McClain,mcclain j,1,false,,,espn-pbp
311,Maine Black Bears,2013,Marcus Wasilewski,wasilewski m,11,true,,,espn-pbp
311,Maine Black Bears,2013,Kain Colter,colter k,1,false,,,espn-pbp
2368,Marist Red Foxes,2013,Chuckie Looney,looney c,9,true,,,espn-pbp
2369,Mars Hill Lions,2013,Trent Miller,miller t,1,true,,,espn-pbp
276,Marshall Thundering Herd,2013,Rakeem Cato,cato r,14,true,,,espn-pbp
120,Maryland Terrapins,2013,C.J. Brown,j. brown c,10,true,,,espn-pbp
120,Maryland Terrapins,2013,Caleb Rowe,rowe c,2,false,,,espn-pbp
120,Maryland Terrapins,2013,Taylor Heinicke,heinicke t,1,false,,,espn-pbp
113,Massachusetts Minutemen,2013,A.J. Doyle,j. doyle a,8,false,,,espn-pbp
113,Massachusetts Minutemen,2013,Mike Wegzyn,wegzyn m,3,true,,,espn-pbp
113,Massachusetts Minutemen,2013,Tyler Tettleton,tettleton t,1,false,,,espn-pbp
241,McMurry War Hawks,2013,Brady Lambert,lambert b,2,true,,,espn-pbp
2377,McNeese Cowboys,2013,Cody Stroud,stroud c,12,true,,,espn-pbp
235,Memphis Tigers,2013,Paxton Lynch,lynch p,12,true,,,espn-pbp
2382,Mercer Bears,2013,John Russ,russ j,10,true,,,espn-pbp
2382,Mercer Bears,2013,Brian Hudson,hudson b,1,false,,,espn-pbp
2771,Merrimack Warriors,2013,Joe Clancy,clancy j,1,true,,,espn-pbp
193,Miami (OH) RedHawks,2013,Austin Boucher,boucher a,7,true,,,espn-pbp
193,Miami (OH) RedHawks,2013,Drew Kummer,kummer d,2,false,,,espn-pbp
193,Miami (OH) RedHawks,2013,Austin Gearing,gearing a,1,false,,,espn-pbp
193,Miami (OH) RedHawks,2013,Brendon Kay,kay b,1,false,,,espn-pbp
193,Miami (OH) RedHawks,2013,Joe Licata,licata j,1,false,,,espn-pbp
2390,Miami Hurricanes,2013,Stephen Morris,morris s,12,true,,,espn-pbp
2390,Miami Hurricanes,2013,David Watford,watford d,1,false,,,espn-pbp
127,Michigan State Spartans,2013,Connor Cook,cook c,12,false,,,espn-pbp
127,Michigan State Spartans,2013,Andrew Maxwell,maxwell a,1,true,,,espn-pbp
127,Michigan State Spartans,2013,Nathan Scheelhaase,scheelhaase n,1,false,,,espn-pbp
130,Michigan Wolverines,2013,Devin Gardner,gardner d,12,true,,,espn-pbp
130,Michigan Wolverines,2013,Jake Waters,waters j,1,false,,,espn-pbp
2393,Middle Tennessee Blue Raiders,2013,Logan Kilgore,kilgore l,13,true,,,espn-pbp
135,Minnesota Golden Gophers,2013,Philip Nelson,nelson p,7,false,,,espn-pbp
135,Minnesota Golden Gophers,2013,Mitch Leidner,leidner m,4,false,,,espn-pbp
135,Minnesota Golden Gophers,2013,Nick Sherry,sherry n,1,true,,,espn-pbp
135,Minnesota Golden Gophers,2013,Joel Stave,stave j,1,false,,,espn-pbp
344,Mississippi State Bulldogs,2013,Dak Prescott,prescott d,6,false,,,espn-pbp
344,Mississippi State Bulldogs,2013,Tyler Russell,russell t,5,true,,,espn-pbp
344,Mississippi State Bulldogs,2013,Damian Williams,williams d,1,false,,,espn-pbp
2400,Mississippi Valley State Delta Devils,2013,Patrick Ivy,ivy p,4,true,,,espn-pbp
2623,Missouri State Bears,2013,Kierra Harris,harris k,6,true,,,espn-pbp
2623,Missouri State Bears,2013,Ashton Glaser,glaser a,5,false,,,espn-pbp
2623,Missouri State Bears,2013,Kevin Earl,earl k,1,false,,,espn-pbp
142,Missouri Tigers,2013,James Franklin,franklin j,10,true,,,espn-pbp
142,Missouri Tigers,2013,Maty Mauk,mauk m,4,false,,,espn-pbp
2405,Monmouth Hawks,2013,Brandon Hill,hill b,10,true,,,espn-pbp
2405,Monmouth Hawks,2013,Brandon Hill sideline,sideline b,1,false,,,espn-pbp
2405,Monmouth Hawks,2013,Max Ward,ward m,1,false,,,espn-pbp
149,Montana Grizzlies,2013,Jordan Johnson,johnson j,13,true,,,espn-pbp
147,Montana State Bobcats,2013,DeNarius McGhee,mcghee d,10,true,,,espn-pbp
147,Montana State Bobcats,2013,Jake Bleskin,bleskin j,2,false,,,espn-pbp
2413,Morehead State Eagles,2013,Austin Gahafer,gahafer a,9,false,,,espn-pbp
2413,Morehead State Eagles,2013,Logan Johnson,johnson l,2,true,,,espn-pbp
2415,Morgan State Bears,2013,Seth Higgins,higgins s,5,true,,,espn-pbp
2415,Morgan State Bears,2013,Robert Council,council r,3,false,,,espn-pbp
2415,Morgan State Bears,2013,Bryan Bailey,bailey b,1,false,,,espn-pbp
2415,Morgan State Bears,2013,Moses Skillon sideline,sideline m,1,false,,,espn-pbp
426,Mount Union Raiders,2013,Matt Behrendt,behrendt m,1,true,,,espn-pbp
93,Murray State Racers,2013,Maikhail Miller,miller m,10,true,,,espn-pbp
93,Murray State Racers,2013,Parks Frazier,frazier p,2,false,,,espn-pbp
152,NC State Wolfpack,2013,Brandon Mitchell,mitchell b,6,true,,,espn-pbp
152,NC State Wolfpack,2013,Pete Thomas,thomas p,5,false,,,espn-pbp
2426,Navy Midshipmen,2013,Keenan Reynolds,reynolds k,12,true,,,espn-pbp
2426,Navy Midshipmen,2013,Angel Santiago,santiago a,1,false,,,espn-pbp
158,Nebraska Cornhuskers,2013,Tommy Armstrong Jr.,armstrong t,6,false,,,espn-pbp
158,Nebraska Cornhuskers,2013,Taylor Martinez,martinez t,4,true,,,espn-pbp
158,Nebraska Cornhuskers,2013,Ron Kellogg III,kellogg r,2,false,,,espn-pbp
158,Nebraska Cornhuskers,2013,Kain Colter,colter k,1,false,,,espn-pbp
2438,Nebraska-Kearney Lopers,2013,Luke McNitt,mcnitt l,1,true,,,espn-pbp
2440,Nevada Wolf Pack,2013,Cody Fajardo,fajardo c,10,true,,,espn-pbp
2440,Nevada Wolf Pack,2013,Devin Combs,combs d,1,false,,,espn-pbp
2440,Nevada Wolf Pack,2013,Tyler Stewart,stewart t,1,false,,,espn-pbp
160,New Hampshire Wildcats,2013,Sean Goldrich,goldrich s,7,false,,,espn-pbp
160,New Hampshire Wildcats,2013,Andy Vailas,vailas a,6,true,,,espn-pbp
160,New Hampshire Wildcats,2013,Brock Jensen,jensen b,1,false,,,espn-pbp
2424,New Mexico Highlands Cowboys,2013,Emmanuel Lewis,lewis e,1,true,,,espn-pbp
167,New Mexico Lobos,2013,Cole Gautsche,gautsche c,5,true,,,espn-pbp
167,New Mexico Lobos,2013,Clayton Mitchem,mitchem c,5,false,,,espn-pbp
167,New Mexico Lobos,2013,Nate Romine,romine n,1,false,,,espn-pbp
167,New Mexico Lobos,2013,Clayton Mitchem sideline,sideline c,1,false,,,espn-pbp
166,New Mexico State Aggies,2013,Andrew McDonald,mcdonald a,10,true,,,espn-pbp
166,New Mexico State Aggies,2013,King Davis III,davis k,2,false,,,espn-pbp
2447,Nicholls Colonels,2013,Tuskani Figaro,figaro t,8,false,,,espn-pbp
2447,Nicholls Colonels,2013,Beaux Hebert,hebert b,2,false,,,espn-pbp
2447,Nicholls Colonels,2013,Kalen Henderson,henderson k,1,false,,,espn-pbp
2447,Nicholls Colonels,2013,Marcus Mariota,mariota m,1,true,,,espn-pbp
2450,Norfolk State Spartans,2013,Tyler Clark,clark t,7,true,,,espn-pbp
2450,Norfolk State Spartans,2013,Malik Stokes,stokes m,3,false,,,espn-pbp
2450,Norfolk State Spartans,2013,Nico Flores,flores n,1,false,,,espn-pbp
2450,Norfolk State Spartans,2013,Omari Timmons,timmons o,1,false,,,espn-pbp
2453,North Alabama Lions,2013,Luke Wingo,wingo l,1,true,,,espn-pbp
2448,North Carolina A&T Aggies,2013,Lewis Kindle,kindle l,8,false,,,espn-pbp
2448,North Carolina A&T Aggies,2013,Kwashaun Quick,quick k,1,true,,,espn-pbp
2428,North Carolina Central Eagles,2013,Jordan Reid,reid j,9,true,,,espn-pbp
2428,North Carolina Central Eagles,2013,Malcolm Bell,bell m,2,false,,,espn-pbp
2428,North Carolina Central Eagles,2013,"GILFORD,AJ",gilford a,1,false,,,espn-pbp
153,North Carolina Tar Heels,2013,Bryn Renner,renner b,4,false,,,espn-pbp
153,North Carolina Tar Heels,2013,Marquise Williams,williams m,4,false,,,espn-pbp
153,North Carolina Tar Heels,2013,Bryn Renner middle,middle b,1,false,,,espn-pbp
153,North Carolina Tar Heels,2013,Chase Rettig,rettig c,1,false,,,espn-pbp
153,North Carolina Tar Heels,2013,Marquise Williams screen,screen m,1,false,,,espn-pbp
153,North Carolina Tar Heels,2013,Connor Shaw,shaw c,1,true,,,espn-pbp
153,North Carolina Tar Heels,2013,Marquise Williams sideline,sideline m,1,false,,,espn-pbp
155,North Dakota Fighting Hawks,2013,Joe Mollberg,mollberg j,7,false,,,espn-pbp
155,North Dakota Fighting Hawks,2013,Ryan Bartels,bartels r,3,true,,,espn-pbp
155,North Dakota Fighting Hawks,2013,Randy Wright,wright r,1,false,,,espn-pbp
2449,North Dakota State Bison,2013,Brock Jensen,jensen b,11,true,,,espn-pbp
2449,North Dakota State Bison,2013,Sean Goldrich,goldrich s,1,false,,,espn-pbp
2449,North Dakota State Bison,2013,Cory Murphy,murphy c,1,false,,,espn-pbp
2449,North Dakota State Bison,2013,Austin Sumner,sumner a,1,false,,,espn-pbp
2449,North Dakota State Bison,2013,Blake Winkler,winkler b,1,false,,,espn-pbp
2822,North Greenville Crusaders,2013,Nelson Hughes,hughes n,2,true,,,espn-pbp
249,North Texas Mean Green,2013,Derek Thompson,thompson d,12,true,,,espn-pbp
249,North Texas Mean Green,2013,Derek Thompson middle,middle d,1,false,,,espn-pbp
2464,Northern Arizona Lumberjacks,2013,Kyren Poe,poe k,7,true,,,espn-pbp
2464,Northern Arizona Lumberjacks,2013,Chase Cartwright,cartwright c,4,false,,,espn-pbp
2464,Northern Arizona Lumberjacks,2013,Jimmy Laughrea,laughrea j,1,false,,,espn-pbp
2458,Northern Colorado Bears,2013,Seth Lobato,lobato s,9,true,,,espn-pbp
2458,Northern Colorado Bears,2013,Tim Tancik,tancik t,2,false,,,espn-pbp
2458,Northern Colorado Bears,2013,Chris Brown,brown c,1,false,,,espn-pbp
2459,Northern Illinois Huskies,2013,Jordan Lynch,lynch j,14,true,,,espn-pbp
2460,Northern Iowa Panthers,2013,Sawyer Kollmorgen,kollmorgen s,9,true,,,espn-pbp
2460,Northern Iowa Panthers,2013,Brion Carnes,carnes b,2,false,,,espn-pbp
138,Northwest Missouri State Bearcats,2013,Trevor Adams,adams t,1,true,,,espn-pbp
2466,Northwestern State Demons,2013,Zach Adkins,adkins z,11,true,,,espn-pbp
2466,Northwestern State Demons,2013,Bryan Bennett,bennett b,1,false,,,espn-pbp
77,Northwestern Wildcats,2013,Trevor Siemian,siemian t,5,true,,,espn-pbp
77,Northwestern Wildcats,2013,Kain Colter,colter k,4,false,,,espn-pbp
77,Northwestern Wildcats,2013,Tommy Armstrong Jr.,armstrong t,1,false,,,espn-pbp
77,Northwestern Wildcats,2013,Tyler Van Tubbergen,van tubbergen t,1,false,,,espn-pbp
77,Northwestern Wildcats,2013,Marcus Wasilewski,wasilewski m,1,false,,,espn-pbp
87,Notre Dame Fighting Irish,2013,Tommy Rees,rees t,12,true,,,espn-pbp
87,Notre Dame Fighting Irish,2013,Taylor Kelly,kelly t,1,false,,,espn-pbp
195,Ohio Bobcats,2013,Tyler Tettleton,tettleton t,11,true,,,espn-pbp
195,Ohio Bobcats,2013,A.J. Doyle,j. doyle a,1,false,,,espn-pbp
195,Ohio Bobcats,2013,Colin Reardon,reardon c,1,false,,,espn-pbp
194,Ohio State Buckeyes,2013,Braxton Miller,miller b,9,false,,,espn-pbp
194,Ohio State Buckeyes,2013,Kenny Guiton,guiton k,3,false,,,espn-pbp
194,Ohio State Buckeyes,2013,Joe Licata,licata j,1,true,,,espn-pbp
194,Ohio State Buckeyes,2013,Nate Sudfeld,sudfeld n,1,false,,,espn-pbp
2824,Oklahoma Panhandle State Ok Panhandle St,2013,Caleb Holbrook,holbrook c,2,true,,,espn-pbp
201,Oklahoma Sooners,2013,Blake Bell,bell b,6,false,,,espn-pbp
201,Oklahoma Sooners,2013,Trevor Knight,knight t,3,true,,,espn-pbp
201,Oklahoma Sooners,2013,Trevone Boykin,boykin t,1,false,,,espn-pbp
201,Oklahoma Sooners,2013,Clint Chelf,chelf c,1,false,,,espn-pbp
201,Oklahoma Sooners,2013,Case McCoy,mccoy c,1,false,,,espn-pbp
201,Oklahoma Sooners,2013,Jake Waters,waters j,1,false,,,espn-pbp
197,Oklahoma State Cowboys,2013,Clint Chelf,chelf c,6,true,,,espn-pbp
197,Oklahoma State Cowboys,2013,J.W. Walsh,w. walsh j,4,false,,,espn-pbp
197,Oklahoma State Cowboys,2013,Trevone Boykin,boykin t,1,false,,,espn-pbp
197,Oklahoma State Cowboys,2013,Trevor Knight,knight t,1,false,,,espn-pbp
197,Oklahoma State Cowboys,2013,Bryce Petty,petty b,1,false,,,espn-pbp
295,Old Dominion Monarchs,2013,Taylor Heinicke,heinicke t,9,false,,,espn-pbp
295,Old Dominion Monarchs,2013,Taylor Heinicke sideline,sideline t,2,true,,,espn-pbp
295,Old Dominion Monarchs,2013,C.J. Brown,j. brown c,1,false,,,espn-pbp
145,Ole Miss Rebels,2013,Bo Wallace,wallace b,13,true,,,espn-pbp
2483,Oregon Ducks,2013,Marcus Mariota,mariota m,10,false,,,espn-pbp
2483,Oregon Ducks,2013,Beaux Hebert,hebert b,1,true,,,espn-pbp
2483,Oregon Ducks,2013,Sean Mannion,mannion s,1,false,,,espn-pbp
204,Oregon State Beavers,2013,Sean Mannion,mannion s,11,true,,,espn-pbp
204,Oregon State Beavers,2013,Jared Goff,goff j,1,false,,,espn-pbp
204,Oregon State Beavers,2013,Marcus Mariota,mariota m,1,false,,,espn-pbp
213,Penn State Nittany Lions,2013,Christian Hackenberg,hackenberg c,11,true,,,espn-pbp
219,Pennsylvania Quakers,2013,Billy Ragone,ragone b,7,true,,,espn-pbp
219,Pennsylvania Quakers,2013,Ryan Becker,becker r,2,false,,,espn-pbp
95,Pikeville Bears,2013,Reese Browning,browning r,1,true,,,espn-pbp
221,Pittsburgh Panthers,2013,Tom Savage,savage t,11,true,,,espn-pbp
221,Pittsburgh Panthers,2013,Tom Savage sideline,sideline t,1,false,,,espn-pbp
221,Pittsburgh Panthers,2013,David Watford,watford d,1,false,,,espn-pbp
2932,Point University Skyhawks,2013,Jeremy Uzee,uzee j,2,true,,,espn-pbp
2502,Portland State Vikings,2013,Kieran McDonagh,mcdonagh k,6,true,,,espn-pbp
2502,Portland State Vikings,2013,Kieran McDonagh sideline,sideline k,2,false,,,espn-pbp
2502,Portland State Vikings,2013,Collin Ramirez middle,middle c,1,false,,,espn-pbp
2502,Portland State Vikings,2013,Collin Ramirez,ramirez c,1,false,,,espn-pbp
2502,Portland State Vikings,2013,Collin Ramirez sideline,sideline c,1,false,,,espn-pbp
2504,Prairie View A&M Panthers,2013,Jerry Lovelocke,lovelocke j,8,false,,,espn-pbp
2504,Prairie View A&M Panthers,2013,Johnta Hebert sideline,sideline j,1,true,,,espn-pbp
2504,Prairie View A&M Panthers,2013,De'Auntre Smiley,smiley d,1,false,,,espn-pbp
2506,Presbyterian Blue Hose,2013,Heys McMath,mcmath h,5,false,,,espn-pbp
2506,Presbyterian Blue Hose,2013,Kaleb Griffin,griffin k,4,false,,,espn-pbp
2506,Presbyterian Blue Hose,2013,Tamyn Garrick,garrick t,1,true,,,espn-pbp
2506,Presbyterian Blue Hose,2013,Heys McMath slant,slant h,1,false,,,espn-pbp
163,Princeton Tigers,2013,Quinn Epperly,epperly q,6,false,,,espn-pbp
163,Princeton Tigers,2013,Connor Michelsen,michelsen c,3,true,,,espn-pbp
2509,Purdue Boilermakers,2013,Danny Etling,etling d,7,false,,,espn-pbp
2509,Purdue Boilermakers,2013,Rob Henry,henry r,4,false,,,espn-pbp
2509,Purdue Boilermakers,2013,Munchie Legaux,legaux m,1,true,,,espn-pbp
2825,Quincy Hawks,2013,Nick Lonergan,lonergan n,2,true,,,espn-pbp
2890,Reinhardt Eagles,2013,J Chamblee,chamblee j,1,true,,,espn-pbp
227,Rhode Island Rams,2013,Bob Bentsen,bentsen b,11,true,,,espn-pbp
227,Rhode Island Rams,2013,Kolt Peavey,peavey k,1,false,,,espn-pbp
242,Rice Owls,2013,Taylor McHargue,mchargue t,14,true,,,espn-pbp
257,Richmond Spiders,2013,Michael Strauss,strauss m,12,true,,,espn-pbp
2523,Robert Morris Colonials,2013,Paul Jones,jones p,9,true,,,espn-pbp
2523,Robert Morris Colonials,2013,Marcus Prather,prather m,2,false,,,espn-pbp
164,Rutgers Scarlet Knights,2013,Gary Nova,nova g,8,true,,,espn-pbp
164,Rutgers Scarlet Knights,2013,Chas Dodd,dodd c,2,false,,,espn-pbp
164,Rutgers Scarlet Knights,2013,Tyler Benz,benz t,1,false,,,espn-pbp
164,Rutgers Scarlet Knights,2013,AJ Derby,derby a,1,false,,,espn-pbp
164,Rutgers Scarlet Knights,2013,Mike White,white m,1,false,,,espn-pbp
2545,SE Louisiana Lions,2013,Bryan Bennett,bennett b,13,true,,,espn-pbp
2545,SE Louisiana Lions,2013,Zach Adkins,adkins z,1,false,,,espn-pbp
2567,SMU Mustangs,2013,Garrett Gilbert,gilbert g,10,true,,,espn-pbp
2567,SMU Mustangs,2013,Blake Bortles,bortles b,1,false,,,espn-pbp
2567,SMU Mustangs,2013,Neal Burcham crossing,crossing n,1,false,,,espn-pbp
16,Sacramento State Hornets,2013,Garrett Safron,safron g,10,true,,,espn-pbp
16,Sacramento State Hornets,2013,Garrett Safron post,post g,1,false,,,espn-pbp
16,Sacramento State Hornets,2013,Garrett Safron sideline,sideline g,1,false,,,espn-pbp
2529,Sacred Heart Pioneers,2013,Rj Noel,noel r,12,true,,,espn-pbp
395,Saint Augustine's Falcons,2013,Jordan Reid,reid j,1,true,,,espn-pbp
2598,Saint Francis Red Flash,2013,Max Ward,ward m,10,true,,,espn-pbp
2598,Saint Francis Red Flash,2013,Brandon Hill,hill b,1,false,,,espn-pbp
2776,Salve Regina Seahawks,2013,Anthony Hannon,hannon a,1,true,,,espn-pbp
2534,Sam Houston Bearkats,2013,Brian Bell,bell b,13,true,,,espn-pbp
2534,Sam Houston Bearkats,2013,Jared Johnson,johnson j,1,false,,,espn-pbp
2535,Samford Bulldogs,2013,Andy Summerlin,summerlin a,11,true,,,espn-pbp
21,San Diego State Aztecs,2013,Quinn Kaehler,kaehler q,11,false,,,espn-pbp
21,San Diego State Aztecs,2013,Adam Dingwell,dingwell a,2,true,,,espn-pbp
301,San Diego Toreros,2013,Mason Mills,mills m,11,true,,,espn-pbp
23,San José State Spartans,2013,David Fales,fales d,10,true,,,espn-pbp
23,San José State Spartans,2013,Kevin Hogan,hogan k,1,false,,,espn-pbp
23,San José State Spartans,2013,David Fales sideline,sideline d,1,false,,,espn-pbp
2542,Savannah State Tigers,2013,Antonio Bostick,bostick a,8,false,,,espn-pbp
2542,Savannah State Tigers,2013,Leon Prunty,prunty l,2,true,,,espn-pbp
2542,Savannah State Tigers,2013,Leon Prunty sideline,sideline l,1,false,,,espn-pbp
2560,Shorter Hawks,2013,Malcolm Dixon,dixon m,1,true,,,espn-pbp
6,South Alabama Jaguars,2013,Ross Metheny,metheny r,10,true,,,espn-pbp
6,South Alabama Jaguars,2013,Ross Metheny middle,middle r,1,false,,,espn-pbp
6,South Alabama Jaguars,2013,Ross Metheny sideline,sideline r,1,false,,,espn-pbp
2579,South Carolina Gamecocks,2013,Connor Shaw,shaw c,9,false,,,espn-pbp
2579,South Carolina Gamecocks,2013,Dylan Thompson,thompson d,2,false,,,espn-pbp
2579,South Carolina Gamecocks,2013,Bryn Renner,renner b,1,true,,,espn-pbp
2579,South Carolina Gamecocks,2013,Joel Stave,stave j,1,false,,,espn-pbp
2569,South Carolina State Bulldogs,2013,Richard Cue,cue r,6,true,,,espn-pbp
2569,South Carolina State Bulldogs,2013,Quentin Williams,williams q,1,false,,,espn-pbp
233,South Dakota Coyotes,2013,Kevin Earl,earl k,4,false,,,espn-pbp
233,South Dakota Coyotes,2013,Josh Vander Maten,vander maten j,3,false,,,espn-pbp
233,South Dakota Coyotes,2013,Kevin Earl middle,middle k,2,false,,,espn-pbp
233,South Dakota Coyotes,2013,Kierra Harris,harris k,1,false,,,espn-pbp
233,South Dakota Coyotes,2013,Josh Vander Maten sideline,sideline j,1,true,,,espn-pbp
2571,South Dakota State Jackrabbits,2013,Austin Sumner,sumner a,13,true,,,espn-pbp
2571,South Dakota State Jackrabbits,2013,Brock Jensen,jensen b,1,false,,,espn-pbp
58,South Florida Bulls,2013,Bobby Eveld,eveld b,3,false,,,espn-pbp
58,South Florida Bulls,2013,Mike White,white m,3,false,,,espn-pbp
58,South Florida Bulls,2013,Steven Bench,bench s,1,false,,,espn-pbp
58,South Florida Bulls,2013,Teddy Bridgewater,bridgewater t,1,false,,,espn-pbp
58,South Florida Bulls,2013,Chas Dodd,dodd c,1,false,,,espn-pbp
58,South Florida Bulls,2013,Matt Floyd,floyd m,1,true,,,espn-pbp
58,South Florida Bulls,2013,Jaquez Johnson,johnson j,1,false,,,espn-pbp
58,South Florida Bulls,2013,John O'Korn,o'korn j,1,false,,,espn-pbp
2546,Southeast Missouri State Redhawks,2013,Scott Lathrop,lathrop s,7,false,,,espn-pbp
2546,Southeast Missouri State Redhawks,2013,Kyle Snyder,snyder k,4,true,,,espn-pbp
79,Southern Illinois Salukis,2013,Kory Faulkner,faulkner k,7,false,,,espn-pbp
79,Southern Illinois Salukis,2013,Ryan West,west r,4,false,,,espn-pbp
79,Southern Illinois Salukis,2013,Kory Faulkner screen,screen k,1,true,,,espn-pbp
2582,Southern Jaguars,2013,Dray Joseph,joseph d,10,false,,,espn-pbp
2582,Southern Jaguars,2013,Clayton Moore,moore c,1,false,,,espn-pbp
2582,Southern Jaguars,2013,David Piland,piland d,1,true,,,espn-pbp
2572,Southern Miss Golden Eagles,2013,Nick Mullens,mullens n,6,false,,,espn-pbp
2572,Southern Miss Golden Eagles,2013,Allan Bridgford,bridgford a,4,true,,,espn-pbp
2572,Southern Miss Golden Eagles,2013,Allan Bridgford screen,screen a,2,false,,,espn-pbp
2584,Southern Oregon Raiders,2013,Austin Dodge,dodge a,1,true,,,espn-pbp
253,Southern Utah Thunderbirds,2013,Aaron Cantu,cantu a,11,true,,,espn-pbp
253,Southern Utah Thunderbirds,2013,Mike Sharp,sharp m,2,false,,,espn-pbp
24,Stanford Cardinal,2013,Kevin Hogan,hogan k,11,false,,,espn-pbp
24,Stanford Cardinal,2013,David Fales,fales d,1,true,,,espn-pbp
24,Stanford Cardinal,2013,Taylor Kelly,kelly t,1,false,,,espn-pbp
24,Stanford Cardinal,2013,Cody Kessler,kessler c,1,false,,,espn-pbp
2617,Stephen F. Austin Lumberjacks,2013,Brady Attaway,attaway b,12,true,,,espn-pbp
56,Stetson Hatters,2013,Ryan Tentler,tentler r,7,true,,,espn-pbp
56,Stetson Hatters,2013,Ryan Tentler crossing,crossing r,1,false,,,espn-pbp
56,Stetson Hatters,2013,Ryan Tentler sideline,sideline r,1,false,,,espn-pbp
2948,Stillman Tigers,2013,Torrance Moise,moise t,1,true,,,espn-pbp
2619,Stony Brook Seawolves,2013,Lyle Negron,negron l,11,true,,,espn-pbp
183,Syracuse Orange,2013,Terrel Hunt,hunt t,8,false,,,espn-pbp
183,Syracuse Orange,2013,Drew Allen,allen d,3,true,,,espn-pbp
183,Syracuse Orange,2013,Nick Montana,montana n,1,false,,,espn-pbp
2628,TCU Horned Frogs,2013,Casey Pachall,pachall c,6,true,,,espn-pbp
2628,TCU Horned Frogs,2013,Trevone Boykin,boykin t,3,false,,,espn-pbp
2628,TCU Horned Frogs,2013,Blake Bell,bell b,1,false,,,espn-pbp
2628,TCU Horned Frogs,2013,Case McCoy,mccoy c,1,false,,,espn-pbp
2628,TCU Horned Frogs,2013,J.W. Walsh,w. walsh j,1,false,,,espn-pbp
2627,Tarleton State Texans,2013,Jake Fenske,fenske j,1,true,,,espn-pbp
218,Temple Owls,2013,P.J. Walker,j. walker p,6,false,,,espn-pbp
218,Temple Owls,2013,Connor Reilly,reilly c,3,true,,,espn-pbp
218,Temple Owls,2013,Chad Chalich,chalich c,1,false,,,espn-pbp
218,Temple Owls,2013,Clinton Granger,granger c,1,false,,,espn-pbp
218,Temple Owls,2013,Brendon Kay,kay b,1,false,,,espn-pbp
2634,Tennessee State Tigers,2013,Ronald Butler,butler r,7,true,,,espn-pbp
2634,Tennessee State Tigers,2013,Michael German,german m,4,false,,,espn-pbp
2635,Tennessee Tech Golden Eagles,2013,Darian Stone,stone d,10,true,,,espn-pbp
2635,Tennessee Tech Golden Eagles,2013,Jared Davis,davis j,2,false,,,espn-pbp
2633,Tennessee Volunteers,2013,Justin Worley,worley j,7,true,,,espn-pbp
2633,Tennessee Volunteers,2013,Joshua Dobbs,dobbs j,3,false,,,espn-pbp
2633,Tennessee Volunteers,2013,Nathan Peterman,peterman n,1,false,,,espn-pbp
2633,Tennessee Volunteers,2013,Maxwell Smith,smith m,1,false,,,espn-pbp
245,Texas A&M Aggies,2013,Johnny Manziel,manziel j,11,false,,,espn-pbp
245,Texas A&M Aggies,2013,Matt Joeckel,joeckel m,1,true,,,espn-pbp
245,Texas A&M Aggies,2013,Patton Robinette,robinette p,1,false,,,espn-pbp
2637,Texas College Steers,2013,Curtez Griffen,griffen c,1,true,,,espn-pbp
251,Texas Longhorns,2013,Case McCoy,mccoy c,7,false,,,espn-pbp
251,Texas Longhorns,2013,David Ash,ash d,3,true,,,espn-pbp
251,Texas Longhorns,2013,Blake Bell,bell b,1,false,,,espn-pbp
251,Texas Longhorns,2013,Trevone Boykin,boykin t,1,false,,,espn-pbp
251,Texas Longhorns,2013,Jake Heaps,heaps j,1,false,,,espn-pbp
2640,Texas Southern Tigers,2013,Homer Causey,causey h,6,true,,,espn-pbp
2640,Texas Southern Tigers,2013,Jamal Small,small j,1,false,,,espn-pbp
326,Texas State Bobcats,2013,Tyler Jones,jones t,7,false,,,espn-pbp
326,Texas State Bobcats,2013,Tyler Arndt,arndt t,2,false,,,espn-pbp
326,Texas State Bobcats,2013,Duke DeLancellotti middle,middle d,1,false,,,espn-pbp
326,Texas State Bobcats,2013,Tyler Arndt screen,screen t,1,true,,,espn-pbp
326,Texas State Bobcats,2013,Tyler Arndt sideline,sideline t,1,false,,,espn-pbp
2641,Texas Tech Red Raiders,2013,Baker Mayfield,mayfield b,7,true,,,espn-pbp
2641,Texas Tech Red Raiders,2013,Davis Webb,webb d,5,false,,,espn-pbp
2641,Texas Tech Red Raiders,2013,Clint Trickett,trickett c,1,false,,,espn-pbp
2643,The Citadel Bulldogs,2013,Ben Dupree,dupree b,11,true,,,espn-pbp
2643,The Citadel Bulldogs,2013,Ben Dupree sideline,sideline b,1,false,,,espn-pbp
2649,Toledo Rockets,2013,Terrance Owens,owens t,10,true,,,espn-pbp
2649,Toledo Rockets,2013,Logan Woodside,woodside l,2,false,,,espn-pbp
119,Towson Tigers,2013,Peter Athens,athens p,14,true,,,espn-pbp
119,Towson Tigers,2013,Vernon Adams,adams v,1,false,,,espn-pbp
119,Towson Tigers,2013,Cory Murphy,murphy c,1,false,,,espn-pbp
2653,Troy Trojans,2013,Corey Robinson,robinson c,7,false,,,espn-pbp
2653,Troy Trojans,2013,Corey Robinson middle,middle c,2,true,,,espn-pbp
2653,Troy Trojans,2013,Corey Robinson sideline,sideline c,2,false,,,espn-pbp
2655,Tulane Green Wave,2013,Nick Montana,montana n,6,false,,,espn-pbp
2655,Tulane Green Wave,2013,Nick Montana slant,slant n,2,true,,,espn-pbp
2655,Tulane Green Wave,2013,Nick Montana deep,deep n,1,false,,,espn-pbp
2655,Tulane Green Wave,2013,Terrel Hunt,hunt t,1,false,,,espn-pbp
2655,Tulane Green Wave,2013,Nick Montana middle,middle n,1,false,,,espn-pbp
2655,Tulane Green Wave,2013,Devin Powell,powell d,1,false,,,espn-pbp
2655,Tulane Green Wave,2013,Devin Powell slant,slant d,1,false,,,espn-pbp
202,Tulsa Golden Hurricane,2013,Cody Green,green c,5,false,,,espn-pbp
202,Tulsa Golden Hurricane,2013,Dane Evans,evans d,4,false,,,espn-pbp
202,Tulsa Golden Hurricane,2013,Cody Green deep,deep c,1,false,,,espn-pbp
202,Tulsa Golden Hurricane,2013,Matt Schilz,schilz m,1,true,,,espn-pbp
202,Tulsa Golden Hurricane,2013,Dane Evans sideline,sideline d,1,false,,,espn-pbp
2657,Tuskegee Golden Tigers,2013,Justin Nared,nared j,1,true,,,espn-pbp
5,UAB Blazers,2013,Austin Brown,brown a,5,false,,,espn-pbp
5,UAB Blazers,2013,Jonathan Perry,perry j,4,false,,,espn-pbp
5,UAB Blazers,2013,Austin Brown sideline,sideline a,2,true,,,espn-pbp
5,UAB Blazers,2013,Jonathan Perry screen,screen j,1,false,,,espn-pbp
399,UAlbany Great Danes,2013,Will Fiacchi,fiacchi w,12,true,,,espn-pbp
302,UC Davis Aggies,2013,Randy Wright,wright r,6,false,,,espn-pbp
302,UC Davis Aggies,2013,Jimmy Laughrea,laughrea j,2,false,,,espn-pbp
302,UC Davis Aggies,2013,Justin Arias,arias j,1,false,,,espn-pbp
302,UC Davis Aggies,2013,Ryan Bartels,bartels r,1,false,,,espn-pbp
302,UC Davis Aggies,2013,Kyren Poe,poe k,1,false,,,espn-pbp
302,UC Davis Aggies,2013,Randy Wright sideline,sideline r,1,true,,,espn-pbp
2116,UCF Knights,2013,Blake Bortles,bortles b,11,true,,,espn-pbp
2116,UCF Knights,2013,Neal Burcham,burcham n,1,false,,,espn-pbp
2116,UCF Knights,2013,John O'Korn,o'korn j,1,false,,,espn-pbp
26,UCLA Bruins,2013,Brett Hundley,hundley b,11,true,,,espn-pbp
26,UCLA Bruins,2013,Taylor Kelly,kelly t,1,false,,,espn-pbp
26,UCLA Bruins,2013,Keith Price,price k,1,false,,,espn-pbp
41,UConn Huskies,2013,Casey Cochran,cochran c,4,false,,,espn-pbp
41,UConn Huskies,2013,Chandler Whitmer,whitmer c,4,true,,,espn-pbp
41,UConn Huskies,2013,Tim Boyle,boyle t,3,false,,,espn-pbp
41,UConn Huskies,2013,Teddy Bridgewater,bridgewater t,1,false,,,espn-pbp
2433,UL Monroe Warhawks,2013,Kolton Browning,browning k,8,true,,,espn-pbp
2433,UL Monroe Warhawks,2013,Brayle Brown,brown b,2,false,,,espn-pbp
2433,UL Monroe Warhawks,2013,Kolton Browning middle,middle k,1,false,,,espn-pbp
2433,UL Monroe Warhawks,2013,Kolton Browning sideline,sideline k,1,false,,,espn-pbp
2882,UNC Pembroke Braves,2013,Luke Charles,charles l,1,true,,,espn-pbp
2439,UNLV Rebels,2013,Caleb Herring,herring c,11,false,,,espn-pbp
2439,UNLV Rebels,2013,Philip Nelson,nelson p,1,true,,,espn-pbp
2439,UNLV Rebels,2013,Nick Sherry,sherry n,1,false,,,espn-pbp
30,USC Trojans,2013,Cody Kessler,kessler c,9,true,,,espn-pbp
30,USC Trojans,2013,Derek Carr,carr d,1,false,,,espn-pbp
30,USC Trojans,2013,Jared Goff,goff j,1,false,,,espn-pbp
30,USC Trojans,2013,Connor Halliday,halliday c,1,false,,,espn-pbp
30,USC Trojans,2013,Kevin Hogan,hogan k,1,false,,,espn-pbp
30,USC Trojans,2013,Sefo Liufau,liufau s,1,false,,,espn-pbp
2630,UT Martin Skyhawks,2013,Jarod Neal,neal j,8,true,,,espn-pbp
2630,UT Martin Skyhawks,2013,Dylan Favre,favre d,4,false,,,espn-pbp
2638,UTEP Miners,2013,Jameill Showers,showers j,4,false,,,espn-pbp
2638,UTEP Miners,2013,Mack Leftwich,leftwich m,2,false,,,espn-pbp
2638,UTEP Miners,2013,Jameill Showers sideline,sideline j,2,true,,,espn-pbp
2638,UTEP Miners,2013,Jameill Showers deep,deep j,1,false,,,espn-pbp
2638,UTEP Miners,2013,Mack Leftwich sideline,sideline m,1,false,,,espn-pbp
2638,UTEP Miners,2013,Mack Leftwich slant,slant m,1,false,,,espn-pbp
2638,UTEP Miners,2013,Blaire Sullivan,sullivan b,1,false,,,espn-pbp
2636,UTSA Roadrunners,2013,Eric Soza,soza e,7,true,,,espn-pbp
2636,UTSA Roadrunners,2013,Eric Soza sideline,sideline e,3,false,,,espn-pbp
2636,UTSA Roadrunners,2013,Eric Soza crossing,crossing e,1,false,,,espn-pbp
2636,UTSA Roadrunners,2013,Eric Soza deep,deep e,1,false,,,espn-pbp
2842,UVA Wise Cavaliers,2013,Cullen LaVoi,lavoi c,1,true,,,espn-pbp
2128,University Of Charleston (WV) Golden Eagles,2013,Maurice Leak,leak m,1,true,,,espn-pbp
2666,Urbana Blue Knights,2013,D.J. Mendenhall,j. mendenhall d,1,true,,,espn-pbp
328,Utah State Aggies,2013,Darell Garretson,garretson d,6,false,,,espn-pbp
328,Utah State Aggies,2013,Chuckie Keeton,keeton c,6,true,,,espn-pbp
328,Utah State Aggies,2013,Derek Carr,carr d,1,false,,,espn-pbp
328,Utah State Aggies,2013,Craig Harrison,harrison c,1,false,,,espn-pbp
3101,Utah Tech Trailblazers,2013,Griff Robles,robles g,1,true,,,espn-pbp
254,Utah Utes,2013,Travis Wilson,wilson t,9,true,,,espn-pbp
254,Utah Utes,2013,Adam Schulz,schulz a,3,false,,,espn-pbp
2678,VMI Keydets,2013,Eric Kordenbrock,kordenbrock e,7,true,,,espn-pbp
2678,VMI Keydets,2013,A.J. Augustine,j. augustine a,4,false,,,espn-pbp
2678,VMI Keydets,2013,A.J. Augustine sideline,j. augustine sideline a,1,false,,,espn-pbp
2674,Valparaiso Beacons,2013,Eric Hoffman,hoffman e,10,true,,,espn-pbp
238,Vanderbilt Commodores,2013,Austyn Carta-Samuels,carta-samuels a,9,true,,,espn-pbp
238,Vanderbilt Commodores,2013,Johnny Manziel,manziel j,1,false,,,espn-pbp
238,Vanderbilt Commodores,2013,Tyler Murphy,murphy t,1,false,,,espn-pbp
238,Vanderbilt Commodores,2013,Aaron Murray,murray a,1,false,,,espn-pbp
238,Vanderbilt Commodores,2013,Patton Robinette,robinette p,1,false,,,espn-pbp
222,Villanova Wildcats,2013,John Robertson,robertson j,11,true,,,espn-pbp
258,Virginia Cavaliers,2013,David Watford,watford d,8,false,,,espn-pbp
258,Virginia Cavaliers,2013,Taysom Hill,hill t,1,true,,,espn-pbp
258,Virginia Cavaliers,2013,Stephen Morris,morris s,1,false,,,espn-pbp
258,Virginia Cavaliers,2013,Tom Savage,savage t,1,false,,,espn-pbp
258,Virginia Cavaliers,2013,Logan Thomas,thomas l,1,false,,,espn-pbp
2355,Virginia Lynchburg Dragons,2013,Emmanuel Yeager,yeager e,1,true,,,espn-pbp
259,Virginia Tech Hokies,2013,Logan Thomas,thomas l,9,false,,,espn-pbp
259,Virginia Tech Hokies,2013,Logan Thomas crossing,crossing l,1,false,,,espn-pbp
259,Virginia Tech Hokies,2013,AJ McCarron,mccarron a,1,true,,,espn-pbp
259,Virginia Tech Hokies,2013,Logan Thomas sideline,sideline l,1,false,,,espn-pbp
259,Virginia Tech Hokies,2013,David Watford,watford d,1,false,,,espn-pbp
2676,Virginia Union Panthers,2013,Kenneth Graham,graham k,1,true,,,espn-pbp
2681,Wagner Seahawks,2013,Matt Misley,misley m,5,true,,,espn-pbp
2681,Wagner Seahawks,2013,Chris Andrews,andrews c,3,false,,,espn-pbp
2681,Wagner Seahawks,2013,Brian Gehring,gehring b,2,false,,,espn-pbp
2681,Wagner Seahawks,2013,Kramer Berg,berg k,1,false,,,espn-pbp
154,Wake Forest Demon Deacons,2013,Tanner Price,price t,12,true,,,espn-pbp
2683,Warner Royals,2013,Andrew Rodriguez,rodriguez a,2,true,,,espn-pbp
2683,Warner Royals,2013,Armando Caballero,caballero a,1,false,,,espn-pbp
264,Washington Huskies,2013,Keith Price,price k,8,true,,,espn-pbp
264,Washington Huskies,2013,Taysom Hill,hill t,1,false,,,espn-pbp
264,Washington Huskies,2013,Brett Hundley,hundley b,1,false,,,espn-pbp
264,Washington Huskies,2013,B.J. Denker,j. denker b,1,false,,,espn-pbp
264,Washington Huskies,2013,Sefo Liufau,liufau s,1,false,,,espn-pbp
264,Washington Huskies,2013,Cyler Miles,miles c,1,false,,,espn-pbp
265,Washington State Cougars,2013,Connor Halliday,halliday c,11,true,,,espn-pbp
265,Washington State Cougars,2013,Cody Kessler,kessler c,1,false,,,espn-pbp
2692,Weber State Wildcats,2013,Austin Chipoletti,chipoletti a,9,false,,,espn-pbp
2692,Weber State Wildcats,2013,Jordan Adamczyk,adamczyk j,2,true,,,espn-pbp
2692,Weber State Wildcats,2013,Austin Chipoletti middle,middle a,1,false,,,espn-pbp
2846,Wesley College Wolverines,2013,Joe Callahan,callahan j,1,true,,,espn-pbp
2695,West Alabama Tigers,2013,Kyle Caldwell,caldwell k,1,true,,,espn-pbp
2699,West Liberty Hilltoppers,2013,"BUECHEL, Dillon",buechel d,1,true,,,espn-pbp
277,West Virginia Mountaineers,2013,Clint Trickett,trickett c,5,false,,,espn-pbp
277,West Virginia Mountaineers,2013,Paul Millard,millard p,3,true,,,espn-pbp
277,West Virginia Mountaineers,2013,Ford Childress,childress f,2,false,,,espn-pbp
277,West Virginia Mountaineers,2013,Daniel Sams,sams d,1,false,,,espn-pbp
277,West Virginia Mountaineers,2013,Davis Webb,webb d,1,false,,,espn-pbp
455,West Virginia Wesleyan Bobcats,2013,David Zeh,zeh d,1,true,,,espn-pbp
2717,Western Carolina Catamounts,2013,Troy Mitchell,mitchell t,7,false,,,espn-pbp
2717,Western Carolina Catamounts,2013,Eddie Sullivan,sullivan e,3,true,,,espn-pbp
2717,Western Carolina Catamounts,2013,Troy Mitchell sideline,sideline t,2,false,,,espn-pbp
2714,Western Colorado Mountaineers,2013,Brett Arrivey,arrivey b,1,true,,,espn-pbp
2710,Western Illinois Leathernecks,2013,Trenton Norvell,norvell t,11,true,,,espn-pbp
98,Western Kentucky Hilltoppers,2013,Brandon Doughty,doughty b,9,true,,,espn-pbp
98,Western Kentucky Hilltoppers,2013,Nelson Fishback,fishback n,1,false,,,espn-pbp
98,Western Kentucky Hilltoppers,2013,Todd Porter,porter t,1,false,,,espn-pbp
98,Western Kentucky Hilltoppers,2013,Brandon Doughty sideline,sideline b,1,false,,,espn-pbp
2711,Western Michigan Broncos,2013,Zach Terrell,terrell z,6,false,,,espn-pbp
2711,Western Michigan Broncos,2013,Tyler Van Tubbergen,van tubbergen t,5,true,,,espn-pbp
2711,Western Michigan Broncos,2013,Trevor Siemian,siemian t,1,false,,,espn-pbp
2703,Western New Mexico Mustangs,2013,Mitch Glasmann,glasmann m,1,true,,,espn-pbp
2848,Western Oregon Wolves,2013,Ryan Bergman,bergman r,1,true,,,espn-pbp
2729,William & Mary Tribe,2013,Michael Graham,graham m,8,true,,,espn-pbp
2729,William & Mary Tribe,2013,Brent Caprio,caprio b,4,false,,,espn-pbp
2911,William Jewell Cardinals,2013,Sean Shelton,shelton s,1,true,,,espn-pbp
275,Wisconsin Badgers,2013,Joel Stave,stave j,11,true,,,espn-pbp
275,Wisconsin Badgers,2013,Philip Nelson,nelson p,1,false,,,espn-pbp
275,Wisconsin Badgers,2013,Connor Shaw,shaw c,1,false,,,espn-pbp
2745,Wisconsin-Whitewater Warhawks,2013,Kevin Burke,burke k,1,true,,,espn-pbp
2746,Wittenberg Tigers,2013,Reed Florence,florence r,1,true,,,espn-pbp
2747,Wofford Terriers,2013,Evan Jacks,jacks e,5,false,,,espn-pbp
2747,Wofford Terriers,2013,James Lawson,lawson j,3,true,,,espn-pbp
2747,Wofford Terriers,2013,Michael Weimer,weimer m,2,false,,,espn-pbp
2747,Wofford Terriers,2013,Evan Jacks sideline,sideline e,1,false,,,espn-pbp
2751,Wyoming Cowboys,2013,Brett Smith,smith b,12,true,,,espn-pbp
43,Yale Bulldogs,2013,Henry Furman,furman h,7,true,,,espn-pbp
43,Yale Bulldogs,2013,Morgan Roberts,roberts m,1,false,,,espn-pbp
43,Yale Bulldogs,2013,Logan Scott,scott l,1,false,,,espn-pbp
43,Yale Bulldogs,2013,Henry Furman screen,screen h,1,false,,,espn-pbp
2754,Youngstown State Penguins,2013,Kurt Hess,hess k,12,true,,,espn-pbp
2000,Abilene Christian Wildcats,2014,Parker McKenzie,mckenzie p,10,true,343,71.4658,espn-pbp/ep-20260920-230959
2000,Abilene Christian Wildcats,2014,Kade Munden,munden k,1,false,17,4.9672,espn-pbp/ep-20260920-230959
2005,Air Force Falcons,2014,Kale Pearson,pearson k,12,true,177,54.3008,espn-pbp/ep-20260920-230959
2005,Air Force Falcons,2014,Nate Romine,romine n,1,false,15,-8.2112,espn-pbp/ep-20260920-230959
2006,Akron Zips,2014,Kyle Pohl,pohl k,10,true,390,2.9383,espn-pbp/ep-20260920-230959
2006,Akron Zips,2014,Tommy Woodson,woodson t,2,false,152,-17.1667,espn-pbp/ep-20260920-230959
2010,Alabama A&M Bulldogs,2014,Jaymason Lee,lee j,4,true,119,18.2581,espn-pbp/ep-20260920-230959
2010,Alabama A&M Bulldogs,2014,Chris Leachman,leachman c,1,false,33,-8.8255,espn-pbp/ep-20260920-230959
333,Alabama Crimson Tide,2014,Blake Sims,sims b,14,true,377,121.8332,espn-pbp/ep-20260920-230959
333,Alabama Crimson Tide,2014,Jake Coker,coker j,0,false,60,21.1129,espn-pbp/ep-20260920-230959
2011,Alabama State Hornets,2014,Daniel Duhart,duhart d,9,true,242,-7.8276,espn-pbp/ep-20260920-230959
2016,Alcorn State Braves,2014,John Gibbs Jr.,gibbs j,5,true,133,13.6546,espn-pbp/ep-20260920-230959
2017,Alderson Broaddus Battlers,2014,Wilson Vaughn,vaughn w,2,true,75,-25.8207,espn-pbp/ep-20260920-230959
2022,American International Yellow Jackets,2014,Shawn Brathwaite,brathwaite s,1,true,16,0.2923,espn-pbp/ep-20260920-230959
2026,App State Mountaineers,2014,Taylor Lamb,lamb t,10,false,300,89.1311,espn-pbp/ep-20260920-230959
2026,App State Mountaineers,2014,Kameron Bryant,bryant k,2,true,28,8.0169,espn-pbp/ep-20260920-230959
9,Arizona State Sun Devils,2014,Taylor Kelly,kelly t,10,true,248,60.7450,espn-pbp/ep-20260920-230959
9,Arizona State Sun Devils,2014,Mike Bercovici,bercovici m,2,false,71,12.8835,espn-pbp/ep-20260920-230959
12,Arizona Wildcats,2014,Anu Solomon,solomon a,14,true,421,53.9661,espn-pbp/ep-20260920-230959
8,Arkansas Razorbacks,2014,Brandon Allen,allen b,13,true,338,44.8014,espn-pbp/ep-20260920-230959
2032,Arkansas State Red Wolves,2014,Fredi Knighten,knighten f,13,true,441,66.3744,espn-pbp/ep-20260920-230959
2033,Arkansas Tech Wonder Boys,2014,Dennis Robertson,robertson d,1,true,11,-9.4551,espn-pbp/ep-20260920-230959
2029,Arkansas-Pine Bluff Golden Lions,2014,Benjamin Anderson,anderson b,3,true,90,-6.3228,espn-pbp/ep-20260920-230959
349,Army Black Knights,2014,Angel Santiago,santiago a,10,true,72,-4.4982,espn-pbp/ep-20260920-230959
349,Army Black Knights,2014,A.J. Schurr,j. schurr a,2,false,28,5.1504,espn-pbp/ep-20260920-230959
2038,Assumption Greyhounds,2014,Trevor Vasey,vasey t,1,true,27,-10.5061,espn-pbp/ep-20260920-230959
2,Auburn Tigers,2014,Nick Marshall,marshall n,12,false,290,63.3189,espn-pbp/ep-20260920-230959
2,Auburn Tigers,2014,Jeremy Johnson,johnson j,1,true,37,28.2376,espn-pbp/ep-20260920-230959
2046,Austin Peay Governors,2014,Darrien Boone,boone d,5,false,87,-34.3343,espn-pbp/ep-20260920-230959
2046,Austin Peay Governors,2014,Mickey Macius,macius m,4,false,101,-22.1225,espn-pbp/ep-20260920-230959
2046,Austin Peay Governors,2014,Trey Taylor,taylor t,3,true,91,-10.2363,espn-pbp/ep-20260920-230959
3178,Ave Maria Gyrenes,2014,Clayton Uecker,uecker c,2,true,61,-17.0212,espn-pbp/ep-20260920-230959
252,BYU Cougars,2014,Christian Stewart,stewart c,8,false,348,50.7744,espn-pbp/ep-20260920-230959
252,BYU Cougars,2014,Taysom Hill,hill t,5,true,139,21.1950,espn-pbp/ep-20260920-230959
2050,Ball State Cardinals,2014,Jack Milas,milas j,6,false,214,26.5679,espn-pbp/ep-20260920-230959
2050,Ball State Cardinals,2014,Ozzie Mann,mann o,6,true,201,33.3479,espn-pbp/ep-20260920-230959
239,Baylor Bears,2014,Bryce Petty,petty b,12,true,374,96.6467,espn-pbp/ep-20260920-230959
239,Baylor Bears,2014,Seth Russell,russell s,1,false,83,26.3973,espn-pbp/ep-20260920-230959
2065,Bethune-Cookman Wildcats,2014,Quentin Williams,williams q,9,true,148,15.5452,espn-pbp/ep-20260920-230959
2065,Bethune-Cookman Wildcats,2014,Larry Brihm,brihm l,1,false,65,17.0343,espn-pbp/ep-20260920-230959
2069,Black Hills State Yellow Jackets,2014,Ward Anderson,anderson w,1,true,33,-16.0768,espn-pbp/ep-20260920-230959
68,Boise State Broncos,2014,Grant Hedrick,hedrick g,14,true,410,92.4537,espn-pbp/ep-20260920-230959
103,Boston College Eagles,2014,Tyler Murphy,murphy t,13,true,218,14.4090,espn-pbp/ep-20260920-230959
2075,Bowie State Bulldogs,2014,Matt Goggans,goggans m,1,true,38,-13.4175,espn-pbp/ep-20260920-230959
189,Bowling Green Falcons,2014,James Knapke,knapke j,13,false,500,-31.3848,espn-pbp/ep-20260920-230959
189,Bowling Green Falcons,2014,Matt Johnson,johnson m,1,true,36,11.5906,espn-pbp/ep-20260920-230959
2913,Brevard College Tornados,2014,Tanner Wright,wright t,2,true,8,-0.2806,espn-pbp/ep-20260920-230959
225,Brown Bears,2014,Marcus Fuller,fuller m,9,true,310,60.4410,espn-pbp/ep-20260920-230959
2803,Bryant Bulldogs,2014,Dalton Easton,easton d,10,true,269,17.1168,espn-pbp/ep-20260920-230959
2083,Bucknell Bison,2014,RJ Nitti,nitti r,6,true,175,6.1578,espn-pbp/ep-20260920-230959
2083,Bucknell Bison,2014,Trey Lauletta,lauletta t,2,false,63,14.4088,espn-pbp/ep-20260920-230959
2084,Buffalo Bulls,2014,Joe Licata,licata j,11,true,359,63.2210,espn-pbp/ep-20260920-230959
2086,Butler Bulldogs,2014,Matt Shiltz,shiltz m,3,true,81,16.5043,espn-pbp/ep-20260920-230959
2086,Butler Bulldogs,2014,Malcolm Weaver,weaver m,2,false,71,-18.2293,espn-pbp/ep-20260920-230959
13,Cal Poly Mustangs,2014,Chris Brown,brown c,11,true,165,38.2342,espn-pbp/ep-20260920-230959
25,California Golden Bears,2014,Jared Goff,goff j,12,true,493,136.6599,espn-pbp/ep-20260920-230959
2097,Campbell Fighting Camels,2014,Dakota Wolf,wolf d,10,true,195,7.1434,espn-pbp/ep-20260920-230959
2097,Campbell Fighting Camels,2014,David Salmon,salmon d,1,false,125,-11.1282,espn-pbp/ep-20260920-230959
2107,Catawba Indians,2014,Mike Sheehan,sheehan m,2,true,56,7.5175,espn-pbp/ep-20260920-230959
2110,Central Arkansas Bears,2014,Ryan Howard,howard r,9,false,244,64.6519,espn-pbp/ep-20260920-230959
2110,Central Arkansas Bears,2014,Taylor Reed,reed t,3,true,125,30.5135,espn-pbp/ep-20260920-230959
2115,Central Connecticut Blue Devils,2014,Nick SanGiacomo,sangiacomo n,10,true,244,11.6870,espn-pbp/ep-20260920-230959
2115,Central Connecticut Blue Devils,2014,Quinn Fleeting,fleeting q,1,false,25,-9.2673,espn-pbp/ep-20260920-230959
2860,Central Methodist Eagles,2014,Max Holmes,holmes m,1,true,19,-11.7452,espn-pbp/ep-20260920-230959
2117,Central Michigan Chippewas,2014,Cooper Rush,rush c,13,true,353,102.0351,espn-pbp/ep-20260920-230959
2120,Central Washington Wildcats,2014,Jake Nelson,nelson j,1,true,37,2.8787,espn-pbp/ep-20260920-230959
2123,Chadron State Eagles,2014,Jonn McLain,mclain j,1,true,38,14.5782,espn-pbp/ep-20260920-230959
2127,Charleston Southern Buccaneers,2014,Austin Brown,brown a,12,true,248,36.5967,espn-pbp/ep-20260920-230959
2429,Charlotte 49ers,2014,Matt Johnson,johnson m,6,true,163,4.9137,espn-pbp/ep-20260920-230959
2429,Charlotte 49ers,2014,Lee McNeill,mcneill l,3,false,125,32.1581,espn-pbp/ep-20260920-230959
236,Chattanooga Mocs,2014,Jacob Huesman,huesman j,13,true,302,84.1724,espn-pbp/ep-20260920-230959
2804,Chowan Hawks,2014,Dain McFarland,mcfarland d,1,true,28,-8.7505,espn-pbp/ep-20260920-230959
2132,Cincinnati Bearcats,2014,Gunner Kiel,kiel g,11,true,327,78.8064,espn-pbp/ep-20260920-230959
2132,Cincinnati Bearcats,2014,Munchie Legaux,legaux m,1,false,76,25.4727,espn-pbp/ep-20260920-230959
2134,Clarion Golden Eagles,2014,Darelle Carson,carson d,1,true,14,-13.2638,espn-pbp/ep-20260920-230959
228,Clemson Tigers,2014,Cole Stoudt,stoudt c,8,true,307,-0.3521,espn-pbp/ep-20260920-230959
228,Clemson Tigers,2014,Deshaun Watson,watson d,5,false,114,54.9919,espn-pbp/ep-20260920-230959
324,Coastal Carolina Chanticleers,2014,Alex Ross,ross a,12,true,364,86.6225,espn-pbp/ep-20260920-230959
2142,Colgate Raiders,2014,Jake Melville,melville j,7,true,143,22.9900,espn-pbp/ep-20260920-230959
2142,Colgate Raiders,2014,Bret Mooney,mooney b,4,false,65,-7.2641,espn-pbp/ep-20260920-230959
3253,College of Faith - Charlotte Saints,2014,Travis Singleton,singleton t,1,false,16,-11.8918,espn-pbp/ep-20260920-230959
38,Colorado Buffaloes,2014,Sefo Liufau,liufau s,11,true,462,68.0099,espn-pbp/ep-20260920-230959
38,Colorado Buffaloes,2014,Jordan Gehrke,gehrke j,1,false,44,-11.0109,espn-pbp/ep-20260920-230959
36,Colorado State Rams,2014,Garrett Grayson,grayson g,12,true,329,132.5270,espn-pbp/ep-20260920-230959
2570,Colorado State-Pueblo Thunderwolves,2014,Chris Bonner,bonner c,1,true,64,21.0765,espn-pbp/ep-20260920-230959
171,Columbia Lions,2014,Trevor McDonagh,mcdonagh t,5,false,253,-31.3158,espn-pbp/ep-20260920-230959
171,Columbia Lions,2014,Brett Nottingham,nottingham b,4,true,114,-22.6015,espn-pbp/ep-20260920-230959
171,Columbia Lions,2014,Anders Hill,hill a,1,false,57,-22.7814,espn-pbp/ep-20260920-230959
3099,Concordia (AL) Hornets,2014,Haratio Keller,keller h,1,true,15,1.8042,espn-pbp/ep-20260920-230959
172,Cornell Big Red,2014,Jake Jatis,jatis j,5,false,95,-6.8727,espn-pbp/ep-20260920-230959
172,Cornell Big Red,2014,Robert Somborn,somborn r,3,false,145,35.7841,espn-pbp/ep-20260920-230959
172,Cornell Big Red,2014,James Few,few j,2,true,46,-9.7395,espn-pbp/ep-20260920-230959
2161,Cumberland (TN) Bulldogs,2014,"Gurchiek, Reed",gurchiek r,1,true,16,-11.5173,espn-pbp/ep-20260920-230959
159,Dartmouth Big Green,2014,Dalyn Williams,williams d,8,true,249,72.7303,espn-pbp/ep-20260920-230959
159,Dartmouth Big Green,2014,Alex Park,park a,1,false,64,-6.1556,espn-pbp/ep-20260920-230959
2166,Davidson Wildcats,2014,J.P. Douglas,p. douglas j,7,true,261,53.3603,espn-pbp/ep-20260920-230959
2166,Davidson Wildcats,2014,Taylor Mitchell,mitchell t,4,false,165,-35.6584,espn-pbp/ep-20260920-230959
2166,Davidson Wildcats,2014,John Cook,cook j,1,false,35,-7.6824,espn-pbp/ep-20260920-230959
2168,Dayton Flyers,2014,Will Bardo,bardo w,9,true,270,10.2182,espn-pbp/ep-20260920-230959
48,Delaware Blue Hens,2014,Trent Hurley,hurley t,12,true,318,2.8422,espn-pbp/ep-20260920-230959
2169,Delaware State Hornets,2014,Gilbert Rivera,rivera g,5,true,149,-42.2020,espn-pbp/ep-20260920-230959
2169,Delaware State Hornets,2014,Marlon Kelly,kelly m,4,false,89,-31.3198,espn-pbp/ep-20260920-230959
2169,Delaware State Hornets,2014,Tyler Clark,clark t,1,false,,,espn-pbp/ep-20260920-230959
2254,Des Moines Vikings,2014,Andy Rice,rice a,1,true,18,-12.1877,espn-pbp/ep-20260920-230959
2181,Drake Bulldogs,2014,Andy Rice,rice a,9,false,251,27.0206,espn-pbp/ep-20260920-230959
2181,Drake Bulldogs,2014,Derek Fulton,fulton d,1,true,14,-6.6222,espn-pbp/ep-20260920-230959
150,Duke Blue Devils,2014,Anthony Boone,boone a,13,true,429,-22.6553,espn-pbp/ep-20260920-230959
2184,Duquesne Dukes,2014,Dillon Buechel,buechel d,8,true,229,21.9535,espn-pbp/ep-20260920-230959
2184,Duquesne Dukes,2014,Ryan Egolf,egolf r,3,false,115,10.1054,espn-pbp/ep-20260920-230959
2184,Duquesne Dukes,2014,Michael LoPresti,lopresti m,1,false,56,4.3726,espn-pbp/ep-20260920-230959
151,East Carolina Pirates,2014,Shane Carden,carden s,13,true,519,135.7500,espn-pbp/ep-20260920-230959
2837,East Texas A&M Lions,2014,Tyrik Rollison,rollison t,1,true,51,-10.6113,espn-pbp/ep-20260920-230959
2197,Eastern Illinois Panthers,2014,Jalen Whitlow,whitlow j,10,true,250,39.7841,espn-pbp/ep-20260920-230959
2197,Eastern Illinois Panthers,2014,Andrew Manley,manley a,1,false,101,-6.1587,espn-pbp/ep-20260920-230959
2198,Eastern Kentucky Colonels,2014,Bennie Coney,coney b,9,true,170,-9.2630,espn-pbp/ep-20260920-230959
2198,Eastern Kentucky Colonels,2014,Jared McClain,mcclain j,4,false,175,18.7224,espn-pbp/ep-20260920-230959
2199,Eastern Michigan Eagles,2014,Reginald Bell Jr.,bell r,6,true,172,17.1542,espn-pbp/ep-20260920-230959
2199,Eastern Michigan Eagles,2014,Rob Bolden,bolden r,4,false,97,-41.2261,espn-pbp/ep-20260920-230959
2199,Eastern Michigan Eagles,2014,Brogan Roback,roback b,1,false,27,-12.1755,espn-pbp/ep-20260920-230959
331,Eastern Washington Eagles,2014,Vernon Adams Jr.,adams v,10,true,333,109.4513,espn-pbp/ep-20260920-230959
331,Eastern Washington Eagles,2014,Jordan West,west j,4,false,116,19.5142,espn-pbp/ep-20260920-230959
331,Eastern Washington Eagles,2014,Jared Johnson,johnson j,0,false,53,-9.8885,espn-pbp/ep-20260920-230959
2207,Elizabeth City State Vikings,2014,Tyrell Houghton,houghton t,1,true,16,-4.9790,espn-pbp/ep-20260920-230959
2210,Elon Phoenix,2014,Mike Quinn,quinn m,12,true,470,-29.5520,espn-pbp/ep-20260920-230959
50,Florida A&M Rattlers,2014,Damien Fleming,fleming d,5,true,134,20.4051,espn-pbp/ep-20260920-230959
2226,Florida Atlantic Owls,2014,Jaquez Johnson,johnson j,7,true,197,18.3631,espn-pbp/ep-20260920-230959
2226,Florida Atlantic Owls,2014,Greg Hankerson,hankerson g,1,false,41,-19.2901,espn-pbp/ep-20260920-230959
57,Florida Gators,2014,Jeff Driskel,driskel j,6,true,173,-26.2447,espn-pbp/ep-20260920-230959
57,Florida Gators,2014,Treon Harris,harris t,6,false,109,23.9616,espn-pbp/ep-20260920-230959
2229,Florida International Panthers,2014,Alex McGough,mcgough a,9,false,213,-40.0640,espn-pbp/ep-20260920-230959
2229,Florida International Panthers,2014,E.J. Hilliard,j. hilliard e,1,true,27,-2.9671,espn-pbp/ep-20260920-230959
52,Florida State Seminoles,2014,Jameis Winston,winston j,13,true,470,89.6104,espn-pbp/ep-20260920-230959
52,Florida State Seminoles,2014,Sean Maguire,maguire s,1,false,10,-0.7585,espn-pbp/ep-20260920-230959
53,Florida Tech Panthers,2014,Mark Cato,cato m,1,true,39,3.9698,espn-pbp/ep-20260920-230959
2230,Fordham Rams,2014,Mike Nebrich,nebrich m,11,true,422,106.0573,espn-pbp/ep-20260920-230959
2237,Fort Lewis Skyhawks,2014,Jordan Doyle,doyle j,1,true,48,-2.7781,espn-pbp/ep-20260920-230959
2232,Fort Valley State Wildcats,2014,Malcolm Eady,eady m,1,true,12,-3.4764,espn-pbp/ep-20260920-230959
278,Fresno State Bulldogs,2014,Brian Burrell,burrell b,13,true,424,-4.5835,espn-pbp/ep-20260920-230959
278,Fresno State Bulldogs,2014,Zack Greenlee,greenlee z,1,false,41,-17.8218,espn-pbp/ep-20260920-230959
231,Furman Paladins,2014,P.J. Blazejowski,j. blazejowski p,6,false,138,-12.3608,espn-pbp/ep-20260920-230959
231,Furman Paladins,2014,Dillon Woodruff,woodruff d,3,false,87,5.9516,espn-pbp/ep-20260920-230959
231,Furman Paladins,2014,Reese Hannon,hannon r,1,true,30,3.4961,espn-pbp/ep-20260920-230959
2241,Gardner-Webb Runnin' Bulldogs,2014,Lucas Beatty,beatty l,11,true,321,-18.4012,espn-pbp/ep-20260920-230959
46,Georgetown Hoyas,2014,Kyle Nolan,nolan k,4,true,105,-10.8175,espn-pbp/ep-20260920-230959
61,Georgia Bulldogs,2014,Hutson Mason,mason h,13,true,272,81.0721,espn-pbp/ep-20260920-230959
290,Georgia Southern Eagles,2014,Kevin Ellison,ellison k,11,true,133,18.8160,espn-pbp/ep-20260920-230959
290,Georgia Southern Eagles,2014,"Upshaw, Favian",upshaw f,1,false,28,14.5161,espn-pbp/ep-20260920-230959
2247,Georgia State Panthers,2014,Nick Arbuckle,arbuckle n,9,true,360,45.2509,espn-pbp/ep-20260920-230959
2247,Georgia State Panthers,2014,Ronnie Bell,bell r,1,false,11,-2.3737,espn-pbp/ep-20260920-230959
59,Georgia Tech Yellow Jackets,2014,Justin Thomas,thomas j,14,true,171,43.5084,espn-pbp/ep-20260920-230959
2755,Grambling Tigers,2014,Johnathan Williams,williams j,2,false,135,28.1338,espn-pbp/ep-20260920-230959
2755,Grambling Tigers,2014,Stephen Johnson,johnson s,2,false,74,9.4322,espn-pbp/ep-20260920-230959
2755,Grambling Tigers,2014,D.J. Williams,j. williams d,2,true,43,-18.6080,espn-pbp/ep-20260920-230959
2261,Hampton Pirates,2014,Jaylian Williamson,williamson j,5,true,147,23.6834,espn-pbp/ep-20260920-230959
2261,Hampton Pirates,2014,Jerrell Antoine,antoine j,4,false,124,5.1754,espn-pbp/ep-20260920-230959
2261,Hampton Pirates,2014,Bryan Bailey,bailey b,1,false,67,4.1702,espn-pbp/ep-20260920-230959
108,Harvard Crimson,2014,Scott Hosch,hosch s,5,false,155,8.0819,espn-pbp/ep-20260920-230959
108,Harvard Crimson,2014,Conner Hempel,hempel c,4,true,91,23.2906,espn-pbp/ep-20260920-230959
62,Hawai'i Rainbow Warriors,2014,Ikaika Woolsey,woolsey i,11,true,368,-20.1171,espn-pbp/ep-20260920-230959
62,Hawai'i Rainbow Warriors,2014,Taylor Graham,graham t,1,false,22,2.1317,espn-pbp/ep-20260920-230959
2271,Henderson State Reddies,2014,Kevin Rodgers,rodgers k,1,true,38,4.4113,espn-pbp/ep-20260920-230959
107,Holy Cross Crusaders,2014,Peter Pujals,pujals p,9,true,257,19.8924,espn-pbp/ep-20260920-230959
2277,Houston Christian Huskies,2014,Jonathan Fleming,fleming j,5,true,130,-22.1183,espn-pbp/ep-20260920-230959
2277,Houston Christian Huskies,2014,Ka'Darius Baker,baker k,3,false,82,-52.5071,espn-pbp/ep-20260920-230959
2277,Houston Christian Huskies,2014,Isaiah Hall,hall i,1,false,16,-11.9692,espn-pbp/ep-20260920-230959
248,Houston Cougars,2014,Greg Ward Jr.,ward g,8,false,261,51.2546,espn-pbp/ep-20260920-230959
248,Houston Cougars,2014,John O'Korn,o'korn j,5,true,177,-19.9159,espn-pbp/ep-20260920-230959
47,Howard Bison,2014,Greg McGhee,mcghee g,8,true,242,1.4145,espn-pbp/ep-20260920-230959
304,Idaho State Bengals,2014,Justin Arias,arias j,11,true,485,123.9651,espn-pbp/ep-20260920-230959
70,Idaho Vandals,2014,Matt Linehan,linehan m,9,true,359,16.0597,espn-pbp/ep-20260920-230959
70,Idaho Vandals,2014,Chad Chalich,chalich c,1,false,68,2.2181,espn-pbp/ep-20260920-230959
356,Illinois Fighting Illini,2014,Wes Lunt,lunt w,7,true,244,29.8340,espn-pbp/ep-20260920-230959
356,Illinois Fighting Illini,2014,Reilly O'Toole,o'toole r,6,false,206,13.8327,espn-pbp/ep-20260920-230959
2287,Illinois State Redbirds,2014,Tre Roberson,roberson t,13,true,305,89.8925,espn-pbp/ep-20260920-230959
2916,Incarnate Word Cardinals,2014,Jordan Scelfo,scelfo j,4,false,159,-12.7941,espn-pbp/ep-20260920-230959
2916,Incarnate Word Cardinals,2014,Breylann McCollum,mccollum b,4,false,93,-21.1699,espn-pbp/ep-20260920-230959
2916,Incarnate Word Cardinals,2014,Taylor Woods,woods t,2,false,83,-19.5136,espn-pbp/ep-20260920-230959
2916,Incarnate Word Cardinals,2014,Trent Brittain,brittain t,1,true,5,0.3955,espn-pbp/ep-20260920-230959
84,Indiana Hoosiers,2014,Zander Diamont,diamont z,6,false,135,-44.0098,espn-pbp/ep-20260920-230959
84,Indiana Hoosiers,2014,Nate Sudfeld,sudfeld n,5,true,127,14.4772,espn-pbp/ep-20260920-230959
282,Indiana State Sycamores,2014,Mike Perish,perish m,12,true,455,42.9843,espn-pbp/ep-20260920-230959
282,Indiana State Sycamores,2014,Matt Adam,adam m,1,false,44,-6.1541,espn-pbp/ep-20260920-230959
2294,Iowa Hawkeyes,2014,Jake Rudock,rudock j,12,true,308,51.5583,espn-pbp/ep-20260920-230959
2294,Iowa Hawkeyes,2014,C.J. Beathard,j. beathard c,1,false,90,4.5806,espn-pbp/ep-20260920-230959
66,Iowa State Cyclones,2014,Sam B. Richardson,richardson s,11,true,458,-0.5302,espn-pbp/ep-20260920-230959
66,Iowa State Cyclones,2014,Grant Rohach,rohach g,1,false,58,-8.2022,espn-pbp/ep-20260920-230959
2296,Jackson State Tigers,2014,LaMontiez Ivy,ivy l,2,true,65,-17.2611,espn-pbp/ep-20260920-230959
294,Jacksonville Dolphins,2014,Kade Bell,bell k,11,true,393,73.2945,espn-pbp/ep-20260920-230959
55,Jacksonville State Gamecocks,2014,Eli Jenkins,jenkins e,12,true,211,30.8444,espn-pbp/ep-20260920-230959
55,Jacksonville State Gamecocks,2014,Max Shortell,shortell m,0,false,63,23.3798,espn-pbp/ep-20260920-230959
55,Jacksonville State Gamecocks,2014,Christian LeMay,lemay c,0,false,53,4.4741,espn-pbp/ep-20260920-230959
256,James Madison Dukes,2014,Vad Lee,lee v,13,true,437,63.2072,espn-pbp/ep-20260920-230959
2304,Johnson C Smith Golden Bulls,2014,Keahn Wallace,wallace k,1,true,23,-9.0708,espn-pbp/ep-20260920-230959
2305,Kansas Jayhawks,2014,Michael Cummings,cummings m,7,false,245,3.2231,espn-pbp/ep-20260920-230959
2305,Kansas Jayhawks,2014,Montell Cozart,cozart m,5,true,133,-37.3293,espn-pbp/ep-20260920-230959
2306,Kansas State Wildcats,2014,Jake Waters,waters j,13,true,415,177.8836,espn-pbp/ep-20260920-230959
2309,Kent State Golden Flashes,2014,Colin Reardon,reardon c,10,true,372,-8.0396,espn-pbp/ep-20260920-230959
2309,Kent State Golden Flashes,2014,Nathan Strock,strock n,1,false,44,-14.5788,espn-pbp/ep-20260920-230959
2316,Kentucky Wesleyan Panthers,2014,Dalton Oliver,oliver d,1,true,49,10.5065,espn-pbp/ep-20260920-230959
96,Kentucky Wildcats,2014,Patrick Towles,towles p,12,true,351,-0.3065,espn-pbp/ep-20260920-230959
99,LSU Tigers,2014,Anthony Jennings,jennings a,12,true,229,0.3764,espn-pbp/ep-20260920-230959
99,LSU Tigers,2014,Brandon Harris,harris b,1,false,47,22.7593,espn-pbp/ep-20260920-230959
322,Lafayette Leopards,2014,Drew Reed,reed d,6,true,117,5.9470,espn-pbp/ep-20260920-230959
322,Lafayette Leopards,2014,Blake Searfoss,searfoss b,2,false,131,10.0828,espn-pbp/ep-20260920-230959
322,Lafayette Leopards,2014,Zach Zweizig,zweizig z,1,false,23,4.4747,espn-pbp/ep-20260920-230959
2320,Lamar Cardinals,2014,Caleb Berry,berry c,11,true,341,71.9573,espn-pbp/ep-20260920-230959
2329,Lehigh Mountain Hawks,2014,Nick Shafnisky,shafnisky n,9,true,254,30.3576,espn-pbp/ep-20260920-230959
2335,Liberty Flames,2014,Josh Woodrum,woodrum j,12,true,343,63.7641,espn-pbp/ep-20260920-230959
2335,Liberty Flames,2014,Stephon Masha,masha s,2,false,70,18.3517,espn-pbp/ep-20260920-230959
2336,Limestone Saints,2014,Jonathan Clark,clark j,1,true,22,6.9877,espn-pbp/ep-20260920-230959
309,Louisiana Ragin' Cajuns,2014,Terrance Broadway,broadway t,13,true,317,22.9240,espn-pbp/ep-20260920-230959
2348,Louisiana Tech Bulldogs,2014,Cody Sokol,sokol c,13,true,361,71.0590,espn-pbp/ep-20260920-230959
97,Louisville Cardinals,2014,Will Gardner,gardner w,7,true,226,31.3864,espn-pbp/ep-20260920-230959
97,Louisville Cardinals,2014,Reggie Bonnafon,bonnafon r,5,false,121,0.1262,espn-pbp/ep-20260920-230959
97,Louisville Cardinals,2014,Kyle Bolin,bolin k,1,false,76,19.9552,espn-pbp/ep-20260920-230959
311,Maine Black Bears,2014,Daniel Collins,collins d,6,true,111,-13.2822,espn-pbp/ep-20260920-230959
311,Maine Black Bears,2014,Drew Belcher,belcher d,5,false,153,-20.4477,espn-pbp/ep-20260920-230959
2368,Marist Red Foxes,2014,Anthony Francis,francis a,6,false,171,-3.5104,espn-pbp/ep-20260920-230959
2368,Marist Red Foxes,2014,Ed Achziger,achziger e,4,true,100,-24.7486,espn-pbp/ep-20260920-230959
276,Marshall Thundering Herd,2014,Rakeem Cato,cato r,13,true,447,116.3172,espn-pbp/ep-20260920-230959
276,Marshall Thundering Herd,2014,Cole Weeks,weeks c,1,false,,,espn-pbp/ep-20260920-230959
120,Maryland Terrapins,2014,C.J. Brown,j. brown c,12,true,302,-29.6264,espn-pbp/ep-20260920-230959
113,Massachusetts Minutemen,2014,Blake Frohnapfel,frohnapfel b,10,true,457,85.5922,espn-pbp/ep-20260920-230959
113,Massachusetts Minutemen,2014,Austin Whipple,whipple a,2,false,49,-2.4895,espn-pbp/ep-20260920-230959
2377,McNeese Cowboys,2014,Daniel Sams,sams d,6,false,99,-9.5713,espn-pbp/ep-20260920-230959
2377,McNeese Cowboys,2014,Tyler Bolfing,bolfing t,5,true,140,-22.9882,espn-pbp/ep-20260920-230959
235,Memphis Tigers,2014,Paxton Lynch,lynch p,13,true,386,52.5635,espn-pbp/ep-20260920-230959
2381,Menlo Oaks,2014,Nate Dodson,dodson n,1,true,33,-6.4018,espn-pbp/ep-20260920-230959
2382,Mercer Bears,2014,John Russ,russ j,10,true,217,18.5541,espn-pbp/ep-20260920-230959
2771,Merrimack Warriors,2014,Luke Bakanowsky,bakanowsky l,1,true,30,-16.7191,espn-pbp/ep-20260920-230959
193,Miami (OH) RedHawks,2014,Andrew Hendrix,hendrix a,12,true,438,62.5381,espn-pbp/ep-20260920-230959
2390,Miami Hurricanes,2014,Brad Kaaya,kaaya b,13,true,379,47.5376,espn-pbp/ep-20260920-230959
127,Michigan State Spartans,2014,Connor Cook,cook c,13,true,368,101.1877,espn-pbp/ep-20260920-230959
130,Michigan Wolverines,2014,Devin Gardner,gardner d,11,true,271,-9.9921,espn-pbp/ep-20260920-230959
130,Michigan Wolverines,2014,Shane Morris,morris s,1,false,35,-18.8178,espn-pbp/ep-20260920-230959
2393,Middle Tennessee Blue Raiders,2014,Austin Grammer,grammer a,11,true,319,45.6631,espn-pbp/ep-20260920-230959
2396,Miles College Golden Bears,2014,Demetric Price,price d,1,true,34,10.8113,espn-pbp/ep-20260920-230959
135,Minnesota Golden Gophers,2014,Mitch Leidner,leidner m,12,true,222,11.8993,espn-pbp/ep-20260920-230959
135,Minnesota Golden Gophers,2014,Chris Streveler,streveler c,1,false,10,-6.4716,espn-pbp/ep-20260920-230959
2401,Mississippi College Choctaws,2014,Kyle Smith,smith k,1,true,8,-1.1801,espn-pbp/ep-20260920-230959
344,Mississippi State Bulldogs,2014,Dak Prescott,prescott d,13,true,394,93.9918,espn-pbp/ep-20260920-230959
2400,Mississippi Valley State Delta Devils,2014,Quantavius Peterson,peterson q,1,false,29,-10.7929,espn-pbp/ep-20260920-230959
2400,Mississippi Valley State Delta Devils,2014,Dontrinell Scott,scott d,1,false,23,0.0415,espn-pbp/ep-20260920-230959
2400,Mississippi Valley State Delta Devils,2014,Patrick Ivy,ivy p,1,true,19,1.4251,espn-pbp/ep-20260920-230959
2880,Missouri Baptist Spartans,2014,Demarco Billups,billups d,3,true,61,-36.7021,espn-pbp/ep-20260920-230959
2623,Missouri State Bears,2014,Kierra Harris,harris k,12,true,237,-17.4289,espn-pbp/ep-20260920-230959
142,Missouri Tigers,2014,Maty Mauk,mauk m,14,true,418,10.6742,espn-pbp/ep-20260920-230959
2405,Monmouth Hawks,2014,Brandon Hill,hill b,10,true,357,51.7404,espn-pbp/ep-20260920-230959
2405,Monmouth Hawks,2014,Greg DePugh,depugh g,1,false,47,-4.6275,espn-pbp/ep-20260920-230959
149,Montana Grizzlies,2014,Jordan Johnson,johnson j,13,true,369,49.3889,espn-pbp/ep-20260920-230959
149,Montana Grizzlies,2014,Shay Smithwick-Hann,smithwick-hann s,1,false,21,4.3550,espn-pbp/ep-20260920-230959
147,Montana State Bobcats,2014,Dakota Prukop,prukop d,10,true,251,85.7661,espn-pbp/ep-20260920-230959
147,Montana State Bobcats,2014,Jake Bleskin,bleskin j,2,false,78,13.0587,espn-pbp/ep-20260920-230959
2701,Montana-Western Bulldogs,2014,Tyler Hulse,hulse t,1,true,30,-11.9363,espn-pbp/ep-20260920-230959
2413,Morehead State Eagles,2014,Austin Gahafer,gahafer a,11,true,416,-14.0722,espn-pbp/ep-20260920-230959
60,Morehouse College Maroon Tigers,2014,Monqavious Johnson,johnson m,1,true,37,3.1368,espn-pbp/ep-20260920-230959
2415,Morgan State Bears,2014,Robert Council,council r,6,true,96,-22.5650,espn-pbp/ep-20260920-230959
2415,Morgan State Bears,2014,Moses Skillon,skillon m,5,false,214,16.7908,espn-pbp/ep-20260920-230959
426,Mount Union Raiders,2014,Kevin Burke,burke k,1,true,50,-4.6327,espn-pbp/ep-20260920-230959
93,Murray State Racers,2014,KD Humphries,humphries k,9,false,401,1.1711,espn-pbp/ep-20260920-230959
93,Murray State Racers,2014,CJ Bennett,bennett c,1,true,34,-12.5383,espn-pbp/ep-20260920-230959
152,NC State Wolfpack,2014,Jacoby Brissett,brissett j,13,true,376,64.4748,espn-pbp/ep-20260920-230959
2426,Navy Midshipmen,2014,Keenan Reynolds,reynolds k,11,true,108,-4.2689,espn-pbp/ep-20260920-230959
2426,Navy Midshipmen,2014,Tago Smith,smith t,2,false,15,10.1204,espn-pbp/ep-20260920-230959
158,Nebraska Cornhuskers,2014,Tommy Armstrong Jr.,armstrong t,13,true,327,32.1094,espn-pbp/ep-20260920-230959
2440,Nevada Wolf Pack,2014,Cody Fajardo,fajardo c,12,true,377,31.1460,espn-pbp/ep-20260920-230959
160,New Hampshire Wildcats,2014,Sean Goldrich,goldrich s,9,true,303,45.3613,espn-pbp/ep-20260920-230959
160,New Hampshire Wildcats,2014,Andy Vailas,vailas a,5,false,159,35.9986,espn-pbp/ep-20260920-230959
2424,New Mexico Highlands Cowboys,2014,Lance Orender,orender l,1,true,45,8.3365,espn-pbp/ep-20260920-230959
167,New Mexico Lobos,2014,Lamar Jordan,jordan l,7,false,115,0.7010,espn-pbp/ep-20260920-230959
167,New Mexico Lobos,2014,Cole Gautsche,gautsche c,5,true,26,-10.2194,espn-pbp/ep-20260920-230959
166,New Mexico State Aggies,2014,Tyler Rogers,rogers t,10,true,398,0.3485,espn-pbp/ep-20260920-230959
166,New Mexico State Aggies,2014,Andrew Allen,allen a,1,false,16,1.6698,espn-pbp/ep-20260920-230959
2444,Newberry Wolves,2014,W.T. Murden,t. murden w,1,true,30,0.0602,espn-pbp/ep-20260920-230959
2447,Nicholls Colonels,2014,Kalen Henderson,henderson k,8,true,199,-54.5341,espn-pbp/ep-20260920-230959
2447,Nicholls Colonels,2014,Beaux Hebert,hebert b,4,false,170,19.1929,espn-pbp/ep-20260920-230959
2450,Norfolk State Spartans,2014,Terrance Ervin,ervin t,8,false,155,13.3645,espn-pbp/ep-20260920-230959
2450,Norfolk State Spartans,2014,Malik Stokes,stokes m,1,true,19,-8.8218,espn-pbp/ep-20260920-230959
2450,Norfolk State Spartans,2014,Tyler Clark,clark t,1,false,17,6.3716,espn-pbp/ep-20260920-230959
2450,Norfolk State Spartans,2014,Marlon Kelly,kelly m,1,false,,,espn-pbp/ep-20260920-230959
2448,North Carolina A&T Aggies,2014,Kwashaun Quick,quick k,7,true,169,12.6578,espn-pbp/ep-20260920-230959
2448,North Carolina A&T Aggies,2014,Hasaan Klugh,klugh h,2,false,29,-2.8622,espn-pbp/ep-20260920-230959
2428,North Carolina Central Eagles,2014,Malcolm Bell,bell m,7,false,234,23.3723,espn-pbp/ep-20260920-230959
2428,North Carolina Central Eagles,2014,Quinn Billerman,billerman q,4,true,85,-7.7781,espn-pbp/ep-20260920-230959
153,North Carolina Tar Heels,2014,Marquise Williams,williams m,13,true,434,50.2460,espn-pbp/ep-20260920-230959
153,North Carolina Tar Heels,2014,Mitch Trubisky,trubisky m,0,false,80,-6.1883,espn-pbp/ep-20260920-230959
155,North Dakota Fighting Hawks,2014,Joe Mollberg,mollberg j,6,true,114,-22.5454,espn-pbp/ep-20260920-230959
155,North Dakota Fighting Hawks,2014,Keaton Studsrud,studsrud k,3,false,68,-38.0504,espn-pbp/ep-20260920-230959
155,North Dakota Fighting Hawks,2014,Ryan Bartels,bartels r,1,false,73,9.6696,espn-pbp/ep-20260920-230959
2449,North Dakota State Bison,2014,Carson Wentz,wentz c,15,true,332,111.6398,espn-pbp/ep-20260920-230959
2822,North Greenville Crusaders,2014,Nelson Hughes,hughes n,1,true,44,17.1602,espn-pbp/ep-20260920-230959
249,North Texas Mean Green,2014,Andrew McNulty,mcnulty a,5,false,182,0.5620,espn-pbp/ep-20260920-230959
249,North Texas Mean Green,2014,Dajon Williams,williams d,3,false,78,11.8722,espn-pbp/ep-20260920-230959
249,North Texas Mean Green,2014,Josh Greer,greer j,3,true,38,-29.9155,espn-pbp/ep-20260920-230959
2464,Northern Arizona Lumberjacks,2014,Chase Cartwright,cartwright c,5,false,198,52.4374,espn-pbp/ep-20260920-230959
2464,Northern Arizona Lumberjacks,2014,Kyren Poe,poe k,5,true,151,24.2906,espn-pbp/ep-20260920-230959
2464,Northern Arizona Lumberjacks,2014,Jordan Perry,perry j,2,false,72,11.2365,espn-pbp/ep-20260920-230959
2458,Northern Colorado Bears,2014,Sean Rubalcaba,rubalcaba s,7,true,198,71.7177,espn-pbp/ep-20260920-230959
2458,Northern Colorado Bears,2014,Jonathan Newsom,newsom j,2,false,65,1.9844,espn-pbp/ep-20260920-230959
2459,Northern Illinois Huskies,2014,Drew Hare,hare d,12,false,331,37.9143,espn-pbp/ep-20260920-230959
2459,Northern Illinois Huskies,2014,Matt McIntosh,mcintosh m,2,true,23,2.1070,espn-pbp/ep-20260920-230959
2460,Northern Iowa Panthers,2014,Sawyer Kollmorgen,kollmorgen s,7,true,219,26.7094,espn-pbp/ep-20260920-230959
2460,Northern Iowa Panthers,2014,Brion Carnes,carnes b,6,false,170,-28.9066,espn-pbp/ep-20260920-230959
2466,Northwestern State Demons,2014,Zach Adkins,adkins z,11,true,227,53.2063,espn-pbp/ep-20260920-230959
77,Northwestern Wildcats,2014,Trevor Siemian,siemian t,11,true,350,6.8092,espn-pbp/ep-20260920-230959
77,Northwestern Wildcats,2014,Zack Oliver,oliver z,1,false,48,3.3858,espn-pbp/ep-20260920-230959
87,Notre Dame Fighting Irish,2014,Everett Golson,golson e,12,true,398,89.4504,espn-pbp/ep-20260920-230959
87,Notre Dame Fighting Irish,2014,Malik Zaire,zaire m,1,false,34,9.7888,espn-pbp/ep-20260920-230959
195,Ohio Bobcats,2014,Derrius Vick,vick d,7,true,119,-4.4099,espn-pbp/ep-20260920-230959
195,Ohio Bobcats,2014,JD Sprague,sprague j,5,false,204,-1.3497,espn-pbp/ep-20260920-230959
194,Ohio State Buckeyes,2014,J.T. Barrett,t. barrett j,12,true,301,81.6623,espn-pbp/ep-20260920-230959
194,Ohio State Buckeyes,2014,Cardale Jones,jones c,3,false,90,13.5672,espn-pbp/ep-20260920-230959
201,Oklahoma Sooners,2014,Trevor Knight,knight t,10,true,318,17.1434,espn-pbp/ep-20260920-230959
201,Oklahoma Sooners,2014,Cody Thomas,thomas c,3,false,50,-7.7804,espn-pbp/ep-20260920-230959
197,Oklahoma State Cowboys,2014,Daxx Garman,garman d,8,false,254,0.0944,espn-pbp/ep-20260920-230959
197,Oklahoma State Cowboys,2014,Mason Rudolph,rudolph m,3,false,50,11.6462,espn-pbp/ep-20260920-230959
197,Oklahoma State Cowboys,2014,J.W. Walsh,w. walsh j,2,true,36,-4.9111,espn-pbp/ep-20260920-230959
295,Old Dominion Monarchs,2014,Taylor Heinicke,heinicke t,11,true,293,24.8927,espn-pbp/ep-20260920-230959
145,Ole Miss Rebels,2014,Bo Wallace,wallace b,13,true,362,57.0264,espn-pbp/ep-20260920-230959
2483,Oregon Ducks,2014,Marcus Mariota,mariota m,15,true,399,163.6743,espn-pbp/ep-20260920-230959
204,Oregon State Beavers,2014,Sean Mannion,mannion s,12,true,467,39.2656,espn-pbp/ep-20260920-230959
213,Penn State Nittany Lions,2014,Christian Hackenberg,hackenberg c,13,true,389,-25.3215,espn-pbp/ep-20260920-230959
219,Pennsylvania Quakers,2014,Alek Torgersen,torgersen a,10,true,426,-3.1448,espn-pbp/ep-20260920-230959
95,Pikeville Bears,2014,Hasani Warren,warren h,1,true,22,5.1136,espn-pbp/ep-20260920-230959
221,Pittsburgh Panthers,2014,Chad Voytik,voytik c,12,true,253,45.4761,espn-pbp/ep-20260920-230959
2932,Point University Skyhawks,2014,Charles Fortis,fortis c,1,true,21,-6.0779,espn-pbp/ep-20260920-230959
2502,Portland State Vikings,2014,Kieran McDonagh,mcdonagh k,9,true,304,-42.4436,espn-pbp/ep-20260920-230959
2502,Portland State Vikings,2014,Josh Kraght,kraght j,2,false,62,-14.1105,espn-pbp/ep-20260920-230959
2504,Prairie View A&M Panthers,2014,Jerry Lovelocke,lovelocke j,4,true,177,1.7539,espn-pbp/ep-20260920-230959
2506,Presbyterian Blue Hose,2014,Heys McMath,mcmath h,9,true,219,-27.7706,espn-pbp/ep-20260920-230959
2506,Presbyterian Blue Hose,2014,Kaleb Griffin,griffin k,1,false,7,-3.8739,espn-pbp/ep-20260920-230959
163,Princeton Tigers,2014,Connor Michelsen,michelsen c,5,false,242,14.4051,espn-pbp/ep-20260920-230959
163,Princeton Tigers,2014,Quinn Epperly,epperly q,4,true,122,-4.5014,espn-pbp/ep-20260920-230959
2509,Purdue Boilermakers,2014,Austin Appleby,appleby a,7,false,273,-52.1477,espn-pbp/ep-20260920-230959
2509,Purdue Boilermakers,2014,Danny Etling,etling d,5,true,161,-20.1169,espn-pbp/ep-20260920-230959
227,Rhode Island Rams,2014,James Caparell,caparell j,6,false,136,-58.0471,espn-pbp/ep-20260920-230959
227,Rhode Island Rams,2014,Mack Lowrie,lowrie m,5,true,107,-25.3183,espn-pbp/ep-20260920-230959
242,Rice Owls,2014,Driphus Jackson,jackson d,13,true,314,58.1777,espn-pbp/ep-20260920-230959
257,Richmond Spiders,2014,Michael Strauss,strauss m,9,true,323,91.1499,espn-pbp/ep-20260920-230959
257,Richmond Spiders,2014,Michael Rocco,rocco m,4,false,208,24.3365,espn-pbp/ep-20260920-230959
2523,Robert Morris Colonials,2014,Luke Brumbaugh,brumbaugh l,5,true,132,-58.7203,espn-pbp/ep-20260920-230959
2523,Robert Morris Colonials,2014,Derik Abbott,abbott d,4,false,123,18.9443,espn-pbp/ep-20260920-230959
2523,Robert Morris Colonials,2014,Marcus Prather,prather m,1,false,39,-10.8336,espn-pbp/ep-20260920-230959
164,Rutgers Scarlet Knights,2014,Gary Nova,nova g,13,true,333,50.4145,espn-pbp/ep-20260920-230959
2545,SE Louisiana Lions,2014,Bryan Bennett,bennett b,12,true,301,26.8562,espn-pbp/ep-20260920-230959
2545,SE Louisiana Lions,2014,Jordan Barnett,barnett j,1,false,50,25.1676,espn-pbp/ep-20260920-230959
2567,SMU Mustangs,2014,Matt Davis,davis m,5,false,171,-44.4717,espn-pbp/ep-20260920-230959
2567,SMU Mustangs,2014,Garrett Krstich,krstich g,4,false,191,-24.2733,espn-pbp/ep-20260920-230959
2567,SMU Mustangs,2014,Neal Burcham,burcham n,2,true,26,-17.9790,espn-pbp/ep-20260920-230959
2567,SMU Mustangs,2014,Kolney Cassel,cassel k,1,false,16,-9.6305,espn-pbp/ep-20260920-230959
16,Sacramento State Hornets,2014,Garrett Safron,safron g,12,true,451,127.2479,espn-pbp/ep-20260920-230959
2529,Sacred Heart Pioneers,2014,RJ Noel,noel r,10,true,330,-1.7899,espn-pbp/ep-20260920-230959
2598,Saint Francis Red Flash,2014,Zach Drayer,drayer z,9,false,170,15.3272,espn-pbp/ep-20260920-230959
2598,Saint Francis Red Flash,2014,Max Ward,ward m,2,true,22,-3.8606,espn-pbp/ep-20260920-230959
2534,Sam Houston Bearkats,2014,Jared Johnson,johnson j,15,true,364,-14.8481,espn-pbp/ep-20260920-230959
2534,Sam Houston Bearkats,2014,Vernon Adams Jr.,adams v,0,false,50,-0.7061,espn-pbp/ep-20260920-230959
2535,Samford Bulldogs,2014,Michael Eubank,eubank m,11,true,302,56.3184,espn-pbp/ep-20260920-230959
21,San Diego State Aztecs,2014,Quinn Kaehler,kaehler q,11,true,318,15.3684,espn-pbp/ep-20260920-230959
21,San Diego State Aztecs,2014,Nick Bawden,bawden n,2,false,39,-11.8607,espn-pbp/ep-20260920-230959
301,San Diego Toreros,2014,Keith Williams,williams k,8,true,211,-0.3777,espn-pbp/ep-20260920-230959
301,San Diego Toreros,2014,Trey Wheeler,wheeler t,1,false,36,16.2811,espn-pbp/ep-20260920-230959
23,San José State Spartans,2014,Joe Gray,gray j,6,false,284,56.3652,espn-pbp/ep-20260920-230959
23,San José State Spartans,2014,Blake Jurich,jurich b,4,true,97,-2.7612,espn-pbp/ep-20260920-230959
23,San José State Spartans,2014,Mitch Ravizza,ravizza m,1,false,23,-10.6199,espn-pbp/ep-20260920-230959
2542,Savannah State Tigers,2014,Tino Smith,smith t,6,false,119,-29.1937,espn-pbp/ep-20260920-230959
2542,Savannah State Tigers,2014,Leon Prunty,prunty l,3,false,117,-18.2581,espn-pbp/ep-20260920-230959
2542,Savannah State Tigers,2014,Ker-Sean Wilson,wilson k,1,true,83,-45.7970,espn-pbp/ep-20260920-230959
2829,Simon Fraser Red Leafs,2014,Tyler Nickel,nickel t,1,true,27,-10.7155,espn-pbp/ep-20260920-230959
6,South Alabama Jaguars,2014,Brandon Bridge,bridge b,9,true,289,-6.0650,espn-pbp/ep-20260920-230959
6,South Alabama Jaguars,2014,Hunter Vaughn,vaughn h,2,false,59,-0.8263,espn-pbp/ep-20260920-230959
6,South Alabama Jaguars,2014,Matt Floyd,floyd m,1,false,45,-14.3328,espn-pbp/ep-20260920-230959
2579,South Carolina Gamecocks,2014,Dylan Thompson,thompson d,13,true,446,72.5293,espn-pbp/ep-20260920-230959
2569,South Carolina State Bulldogs,2014,Adrian Kollock Jr,kollock a,3,true,55,-15.7260,espn-pbp/ep-20260920-230959
233,South Dakota Coyotes,2014,Kevin Earl,earl k,8,true,269,-27.1892,espn-pbp/ep-20260920-230959
233,South Dakota Coyotes,2014,Ryan Saeger,saeger r,4,false,91,7.7377,espn-pbp/ep-20260920-230959
2571,South Dakota State Jackrabbits,2014,Zach Lujan,lujan z,7,false,234,76.1933,espn-pbp/ep-20260920-230959
2571,South Dakota State Jackrabbits,2014,Austin Sumner,sumner a,7,true,192,59.4378,espn-pbp/ep-20260920-230959
58,South Florida Bulls,2014,Mike White,white m,9,true,245,13.7192,espn-pbp/ep-20260920-230959
58,South Florida Bulls,2014,Steven Bench,bench s,2,false,103,-5.3520,espn-pbp/ep-20260920-230959
58,South Florida Bulls,2014,Quinton Flowers,flowers q,1,false,23,-16.1688,espn-pbp/ep-20260920-230959
2546,Southeast Missouri State Redhawks,2014,Kyle Snyder,snyder k,11,true,299,40.5762,espn-pbp/ep-20260920-230959
79,Southern Illinois Salukis,2014,Mark Iannotti,iannotti m,8,true,231,30.5839,espn-pbp/ep-20260920-230959
79,Southern Illinois Salukis,2014,Ryan West,west r,2,false,60,-5.6448,espn-pbp/ep-20260920-230959
2582,Southern Jaguars,2014,Austin Howard,howard a,7,false,239,19.8662,espn-pbp/ep-20260920-230959
2582,Southern Jaguars,2014,Deonte Shorts,shorts d,2,true,41,-0.6373,espn-pbp/ep-20260920-230959
2572,Southern Miss Golden Eagles,2014,Nick Mullens,mullens n,10,true,378,27.9930,espn-pbp/ep-20260920-230959
2572,Southern Miss Golden Eagles,2014,Jameill Showers,showers j,1,false,,,espn-pbp/ep-20260920-230959
2572,Southern Miss Golden Eagles,2014,Cole Weeks,weeks c,0,false,97,-0.1977,espn-pbp/ep-20260920-230959
253,Southern Utah Thunderbirds,2014,Ammon Olsen,olsen a,9,false,353,53.1237,espn-pbp/ep-20260920-230959
253,Southern Utah Thunderbirds,2014,Aaron Cantu,cantu a,3,true,87,-2.6141,espn-pbp/ep-20260920-230959
24,Stanford Cardinal,2014,Kevin Hogan,hogan k,13,true,334,95.4700,espn-pbp/ep-20260920-230959
2617,Stephen F. Austin Lumberjacks,2014,Zach Conque,conque z,13,true,372,46.3562,espn-pbp/ep-20260920-230959
2617,Stephen F. Austin Lumberjacks,2014,Joe Minden,minden j,0,false,57,14.3071,espn-pbp/ep-20260920-230959
56,Stetson Hatters,2014,Ryan Tentler,tentler r,8,true,188,-14.6423,espn-pbp/ep-20260920-230959
2948,Stillman Tigers,2014,Josh Straughan,straughan j,2,true,51,-22.9111,espn-pbp/ep-20260920-230959
2619,Stony Brook Seawolves,2014,Conor Bednarski,bednarski c,9,false,182,14.9794,espn-pbp/ep-20260920-230959
2619,Stony Brook Seawolves,2014,John Kinder,kinder j,1,true,25,3.7576,espn-pbp/ep-20260920-230959
183,Syracuse Orange,2014,AJ Long,long a,5,false,165,-10.4020,espn-pbp/ep-20260920-230959
183,Syracuse Orange,2014,Terrel Hunt,hunt t,5,true,131,-8.7725,espn-pbp/ep-20260920-230959
183,Syracuse Orange,2014,Austin Wilson,wilson a,2,false,34,-8.3927,espn-pbp/ep-20260920-230959
2628,TCU Horned Frogs,2014,Trevone Boykin,boykin t,13,true,417,69.0135,espn-pbp/ep-20260920-230959
218,Temple Owls,2014,P.J. Walker,j. walker p,12,true,306,-44.0487,espn-pbp/ep-20260920-230959
2634,Tennessee State Tigers,2014,Michael German,german m,9,true,381,77.5333,espn-pbp/ep-20260920-230959
2634,Tennessee State Tigers,2014,Ronald Butler,butler r,1,false,53,-2.0965,espn-pbp/ep-20260920-230959
2634,Tennessee State Tigers,2014,Jared Davis,davis j,1,false,26,-5.4725,espn-pbp/ep-20260920-230959
2635,Tennessee Tech Golden Eagles,2014,Darian Stone,stone d,9,false,179,-6.3021,espn-pbp/ep-20260920-230959
2635,Tennessee Tech Golden Eagles,2014,Jared Davis,davis j,1,true,87,-15.5631,espn-pbp/ep-20260920-230959
2635,Tennessee Tech Golden Eagles,2014,Ronald Butler,butler r,1,false,24,-2.9055,espn-pbp/ep-20260920-230959
2633,Tennessee Volunteers,2014,Justin Worley,worley j,7,true,253,4.6941,espn-pbp/ep-20260920-230959
2633,Tennessee Volunteers,2014,Joshua Dobbs,dobbs j,5,false,172,14.9014,espn-pbp/ep-20260920-230959
2633,Tennessee Volunteers,2014,Nathan Peterman,peterman n,1,false,20,-9.3976,espn-pbp/ep-20260920-230959
245,Texas A&M Aggies,2014,Kenny Hill,hill k,8,true,269,68.3335,espn-pbp/ep-20260920-230959
245,Texas A&M Aggies,2014,Kyle Allen,allen k,5,false,192,13.6620,espn-pbp/ep-20260920-230959
251,Texas Longhorns,2014,Tyrone Swoopes,swoopes t,12,false,389,-38.0686,espn-pbp/ep-20260920-230959
251,Texas Longhorns,2014,David Ash,ash d,1,true,34,3.8908,espn-pbp/ep-20260920-230959
2640,Texas Southern Tigers,2014,Jamal Small,small j,2,true,51,-15.0640,espn-pbp/ep-20260920-230959
326,Texas State Bobcats,2014,Tyler Jones,jones t,12,true,381,51.6664,espn-pbp/ep-20260920-230959
2641,Texas Tech Red Raiders,2014,Davis Webb,webb d,8,true,300,12.3967,espn-pbp/ep-20260920-230959
2641,Texas Tech Red Raiders,2014,Patrick Mahomes,mahomes p,4,false,182,-12.0001,espn-pbp/ep-20260920-230959
2643,The Citadel Bulldogs,2014,Aaron Miller,miller a,7,true,82,-10.0871,espn-pbp/ep-20260920-230959
2649,Toledo Rockets,2014,Logan Woodside,woodside l,9,false,280,71.9359,espn-pbp/ep-20260920-230959
2649,Toledo Rockets,2014,Phillip Ely,ely p,2,true,69,21.0824,espn-pbp/ep-20260920-230959
2649,Toledo Rockets,2014,Michael Julian,julian m,1,false,17,-7.9595,espn-pbp/ep-20260920-230959
119,Towson Tigers,2014,Connor Frazier,frazier c,11,true,278,-23.5453,espn-pbp/ep-20260920-230959
2653,Troy Trojans,2014,Brandon Silvers,silvers b,11,true,274,26.2344,espn-pbp/ep-20260920-230959
2653,Troy Trojans,2014,Dontreal Pruitt,pruitt d,1,false,76,-11.9922,espn-pbp/ep-20260920-230959
2654,Truman State Bulldogs,2014,Devonte Black,black d,1,true,32,1.7871,espn-pbp/ep-20260920-230959
2655,Tulane Green Wave,2014,Tanner Lee,lee t,10,true,331,-19.6351,espn-pbp/ep-20260920-230959
2655,Tulane Green Wave,2014,Nick Montana,montana n,2,false,82,-19.9524,espn-pbp/ep-20260920-230959
202,Tulsa Golden Hurricane,2014,Dane Evans,evans d,11,true,414,-5.3109,espn-pbp/ep-20260920-230959
5,UAB Blazers,2014,Cody Clements,clements c,10,true,258,59.7292,espn-pbp/ep-20260920-230959
5,UAB Blazers,2014,Jeremiah Briscoe,briscoe j,1,false,49,-28.6170,espn-pbp/ep-20260920-230959
399,UAlbany Great Danes,2014,Will Fiacchi,fiacchi w,11,true,368,66.3340,espn-pbp/ep-20260920-230959
302,UC Davis Aggies,2014,Ben Scott,scott b,6,false,219,53.8943,espn-pbp/ep-20260920-230959
302,UC Davis Aggies,2014,London Lacy,lacy l,5,true,128,-1.7808,espn-pbp/ep-20260920-230959
2116,UCF Knights,2014,Justin Holman,holman j,12,false,356,33.7348,espn-pbp/ep-20260920-230959
2116,UCF Knights,2014,Pete DiNovo,dinovo p,1,true,,,espn-pbp/ep-20260920-230959
26,UCLA Bruins,2014,Brett Hundley,hundley b,12,true,318,57.1570,espn-pbp/ep-20260920-230959
41,UConn Huskies,2014,Chandler Whitmer,whitmer c,8,false,227,0.2293,espn-pbp/ep-20260920-230959
41,UConn Huskies,2014,Tim Boyle,boyle t,2,false,61,-26.9000,espn-pbp/ep-20260920-230959
41,UConn Huskies,2014,Casey Cochran,cochran c,1,true,31,0.4918,espn-pbp/ep-20260920-230959
2433,UL Monroe Warhawks,2014,Pete Thomas,thomas p,11,false,514,2.9693,espn-pbp/ep-20260920-230959
2433,UL Monroe Warhawks,2014,John Wolford,wolford j,1,true,,,espn-pbp/ep-20260920-230959
2439,UNLV Rebels,2014,Blake Decker,decker b,12,true,400,26.2039,espn-pbp/ep-20260920-230959
2439,UNLV Rebels,2014,Jared Lebowitz,lebowitz j,1,false,32,-16.1984,espn-pbp/ep-20260920-230959
30,USC Trojans,2014,Cody Kessler,kessler c,13,true,403,149.9957,espn-pbp/ep-20260920-230959
2630,UT Martin Skyhawks,2014,Jarod Neal,neal j,10,true,237,45.7119,espn-pbp/ep-20260920-230959
2630,UT Martin Skyhawks,2014,Dylan Favre,favre d,1,false,108,8.3192,espn-pbp/ep-20260920-230959
2638,UTEP Miners,2014,Jameill Showers,showers j,12,true,292,-31.3360,espn-pbp/ep-20260920-230959
2638,UTEP Miners,2014,Cole Weeks,weeks c,1,false,,,espn-pbp/ep-20260920-230959
2636,UTSA Roadrunners,2014,Tucker Carter,carter t,7,true,152,5.6419,espn-pbp/ep-20260920-230959
2636,UTSA Roadrunners,2014,Austin Robinson,robinson a,4,false,146,-39.9078,espn-pbp/ep-20260920-230959
2636,UTSA Roadrunners,2014,Blake Bogenschutz,bogenschutz b,1,false,25,-3.2279,espn-pbp/ep-20260920-230959
2842,UVA Wise Cavaliers,2014,Ty Ryans,ryans t,1,true,39,9.4391,espn-pbp/ep-20260920-230959
328,Utah State Aggies,2014,Kent Myers,myers k,6,false,119,2.7621,espn-pbp/ep-20260920-230959
328,Utah State Aggies,2014,Darell Garretson,garretson d,4,false,116,14.2178,espn-pbp/ep-20260920-230959
328,Utah State Aggies,2014,Chuckie Keeton,keeton c,3,true,96,-20.5131,espn-pbp/ep-20260920-230959
328,Utah State Aggies,2014,Craig Harrison,harrison c,1,false,23,3.7095,espn-pbp/ep-20260920-230959
254,Utah Utes,2014,Travis Wilson,wilson t,11,true,247,7.7269,espn-pbp/ep-20260920-230959
254,Utah Utes,2014,Kendal Thompson,thompson k,2,false,47,-7.4169,espn-pbp/ep-20260920-230959
2678,VMI Keydets,2014,Al Cobb,cobb a,11,true,351,-3.9290,espn-pbp/ep-20260920-230959
2674,Valparaiso Beacons,2014,Ben Lehman,lehman b,9,true,246,27.7326,espn-pbp/ep-20260920-230959
238,Vanderbilt Commodores,2014,Johnny McCrary,mccrary j,5,false,131,11.5943,espn-pbp/ep-20260920-230959
238,Vanderbilt Commodores,2014,Wade Freebeck,freebeck w,3,false,71,-18.6823,espn-pbp/ep-20260920-230959
238,Vanderbilt Commodores,2014,Patton Robinette,robinette p,3,true,57,4.8444,espn-pbp/ep-20260920-230959
238,Vanderbilt Commodores,2014,Stephen Rivers,rivers s,1,false,38,-14.9139,espn-pbp/ep-20260920-230959
222,Villanova Wildcats,2014,John Robertson,robertson j,13,true,259,112.5683,espn-pbp/ep-20260920-230959
222,Villanova Wildcats,2014,Chris Polony,polony c,1,false,38,5.4301,espn-pbp/ep-20260920-230959
258,Virginia Cavaliers,2014,Greyson Lambert,lambert g,9,true,263,11.4719,espn-pbp/ep-20260920-230959
258,Virginia Cavaliers,2014,Matt Johns,johns m,3,false,169,4.2599,espn-pbp/ep-20260920-230959
2355,Virginia Lynchburg Dragons,2014,Tyreek Cook,cook t,1,false,40,-25.2541,espn-pbp/ep-20260920-230959
2355,Virginia Lynchburg Dragons,2014,Brent Smith,smith b,1,true,29,-19.3210,espn-pbp/ep-20260920-230959
259,Virginia Tech Hokies,2014,Michael Brewer,brewer m,13,true,417,20.8557,espn-pbp/ep-20260920-230959
2681,Wagner Seahawks,2014,Chris Andrews,andrews c,5,false,89,-35.4531,espn-pbp/ep-20260920-230959
2681,Wagner Seahawks,2014,Brian Gehring,gehring b,4,true,87,-0.1895,espn-pbp/ep-20260920-230959
154,Wake Forest Demon Deacons,2014,John Wolford,wolford j,11,false,378,-8.4288,espn-pbp/ep-20260920-230959
154,Wake Forest Demon Deacons,2014,Pete Thomas,thomas p,1,true,,,espn-pbp/ep-20260920-230959
264,Washington Huskies,2014,Cyler Miles,miles c,12,false,305,55.7267,espn-pbp/ep-20260920-230959
264,Washington Huskies,2014,Troy Williams,williams t,1,false,35,-14.0408,espn-pbp/ep-20260920-230959
264,Washington Huskies,2014,Jeff Lindquist,lindquist j,1,true,31,-12.9222,espn-pbp/ep-20260920-230959
265,Washington State Cougars,2014,Connor Halliday,halliday c,9,true,539,94.1842,espn-pbp/ep-20260920-230959
265,Washington State Cougars,2014,Luke Falk,falk l,3,false,248,47.8640,espn-pbp/ep-20260920-230959
2692,Weber State Wildcats,2014,Billy Green,green b,7,true,331,36.1373,espn-pbp/ep-20260920-230959
2692,Weber State Wildcats,2014,Jadrian Clark,clark j,5,false,110,12.1085,espn-pbp/ep-20260920-230959
2846,Wesley College Wolverines,2014,Joe Callahan,callahan j,1,true,57,0.9613,espn-pbp/ep-20260920-230959
2695,West Alabama Tigers,2014,Kyle Caldwell,caldwell k,1,true,36,7.0535,espn-pbp/ep-20260920-230959
2699,West Liberty Hilltoppers,2014,Dakota Conwell,conwell d,1,true,19,-9.0877,espn-pbp/ep-20260920-230959
277,West Virginia Mountaineers,2014,Clint Trickett,trickett c,11,true,314,59.6497,espn-pbp/ep-20260920-230959
277,West Virginia Mountaineers,2014,Skyler Howard,howard s,2,false,117,11.4945,espn-pbp/ep-20260920-230959
2717,Western Carolina Catamounts,2014,Troy Mitchell,mitchell t,12,true,344,64.2949,espn-pbp/ep-20260920-230959
2710,Western Illinois Leathernecks,2014,Trenton Norvell,norvell t,6,true,203,19.5776,espn-pbp/ep-20260920-230959
98,Western Kentucky Hilltoppers,2014,Brandon Doughty,doughty b,13,true,508,162.6725,espn-pbp/ep-20260920-230959
2711,Western Michigan Broncos,2014,Zach Terrell,terrell z,12,true,326,85.7577,espn-pbp/ep-20260920-230959
2703,Western New Mexico Mustangs,2014,Mitch Glasmann,glasmann m,1,true,51,-3.1106,espn-pbp/ep-20260920-230959
2848,Western Oregon Wolves,2014,Ryan Bergman,bergman r,1,true,61,3.7407,espn-pbp/ep-20260920-230959
2729,William & Mary Tribe,2014,Steve Cluley,cluley s,11,true,235,8.7878,espn-pbp/ep-20260920-230959
2912,William Penn Statesmen,2014,Tyler Hafner,hafner t,1,true,7,-9.3032,espn-pbp/ep-20260920-230959
275,Wisconsin Badgers,2014,Joel Stave,stave j,9,false,208,3.7564,espn-pbp/ep-20260920-230959
275,Wisconsin Badgers,2014,Tanner McEvoy,mcevoy t,5,true,116,12.0325,espn-pbp/ep-20260920-230959
271,Wisconsin-Oshkosh Titans,2014,Dylann Rauch,rauch d,1,true,23,-5.7809,espn-pbp/ep-20260920-230959
2745,Wisconsin-Whitewater Warhawks,2014,Matt Behrendt,behrendt m,1,true,36,17.2272,espn-pbp/ep-20260920-230959
2747,Wofford Terriers,2014,Evan Jacks,jacks e,6,true,54,7.0284,espn-pbp/ep-20260920-230959
2747,Wofford Terriers,2014,Michael Weimer,weimer m,5,false,55,-13.0673,espn-pbp/ep-20260920-230959
2751,Wyoming Cowboys,2014,Colby Kirkegaard,kirkegaard c,12,true,360,50.3736,espn-pbp/ep-20260920-230959
43,Yale Bulldogs,2014,Morgan Roberts,roberts m,9,true,339,129.2279,espn-pbp/ep-20260920-230959
2754,Youngstown State Penguins,2014,Hunter Wells,wells h,8,false,213,75.6028,espn-pbp/ep-20260920-230959
2754,Youngstown State Penguins,2014,Dante Nania,nania d,4,true,90,13.7223,espn-pbp/ep-20260920-230959
2000,Abilene Christian Wildcats,2015,Parker McKenzie,mckenzie p,7,true,222,62.6559,espn-pbp/ep-20260920-230959
2000,Abilene Christian Wildcats,2015,Dallas Sealey,sealey d,3,false,139,-2.2524,espn-pbp/ep-20260920-230959
2005,Air Force Falcons,2015,Karson Roberts,roberts k,12,false,147,7.1282,espn-pbp/ep-20260920-230959
2005,Air Force Falcons,2015,Nate Romine,romine n,2,true,17,-3.9630,espn-pbp/ep-20260920-230959
2006,Akron Zips,2015,Thomas Woodson,woodson t,10,false,308,46.4190,espn-pbp/ep-20260920-230959
2006,Akron Zips,2015,Tra'Von Chapman,chapman t,3,true,35,-19.4665,espn-pbp/ep-20260920-230959
2010,Alabama A&M Bulldogs,2015,De'Angelo Ballard,ballard d,3,true,79,-19.0783,espn-pbp/ep-20260920-230959
333,Alabama Crimson Tide,2015,Jake Coker,coker j,14,true,393,68.2426,espn-pbp/ep-20260920-230959
333,Alabama Crimson Tide,2015,Cooper Bateman,bateman c,1,false,53,-4.6217,espn-pbp/ep-20260920-230959
2011,Alabama State Hornets,2015,Daniel Duhart,duhart d,5,true,137,1.7667,espn-pbp/ep-20260920-230959
2011,Alabama State Hornets,2015,Ellis Richardson,richardson e,3,false,89,9.2371,espn-pbp/ep-20260920-230959
2011,Alabama State Hornets,2015,Quinteris Toppings,toppings q,1,false,42,-9.7255,espn-pbp/ep-20260920-230959
2016,Alcorn State Braves,2015,Lenorris Footman,footman l,3,false,81,7.3421,espn-pbp/ep-20260920-230959
2016,Alcorn State Braves,2015,John Gibbs,gibbs j,2,true,55,-12.9327,espn-pbp/ep-20260920-230959
2017,Alderson Broaddus Battlers,2015,Wilson Vaughn,vaughn w,1,true,30,5.1967,espn-pbp/ep-20260920-230959
2022,American International Yellow Jackets,2015,Kwame Jarvis,jarvis k,1,true,18,-3.3540,espn-pbp/ep-20260920-230959
2026,App State Mountaineers,2015,Taylor Lamb,lamb t,13,true,278,51.2559,espn-pbp/ep-20260920-230959
9,Arizona State Sun Devils,2015,Mike Bercovici,bercovici m,13,true,527,107.6711,espn-pbp/ep-20260920-230959
12,Arizona Wildcats,2015,Anu Solomon,solomon a,11,true,337,82.6591,espn-pbp/ep-20260920-230959
12,Arizona Wildcats,2015,Jerrard Randall,randall j,2,false,95,-8.6381,espn-pbp/ep-20260920-230959
8,Arkansas Razorbacks,2015,Brandon Allen,allen b,13,true,329,133.8053,espn-pbp/ep-20260920-230959
2032,Arkansas State Red Wolves,2015,Fredi Knighten,knighten f,10,true,259,18.8028,espn-pbp/ep-20260920-230959
2032,Arkansas State Red Wolves,2015,James Tabary,tabary j,3,false,107,11.5750,espn-pbp/ep-20260920-230959
2029,Arkansas-Pine Bluff Golden Lions,2015,Brandon Duncan,duncan b,1,false,31,3.5766,espn-pbp/ep-20260920-230959
2029,Arkansas-Pine Bluff Golden Lions,2015,Nolan Sorensen,sorensen n,1,true,28,-12.1343,espn-pbp/ep-20260920-230959
349,Army Black Knights,2015,Ahmad Bradshaw,bradshaw a,6,true,46,6.8592,espn-pbp/ep-20260920-230959
349,Army Black Knights,2015,A.J. Schurr,j. schurr a,4,false,23,-6.6715,espn-pbp/ep-20260920-230959
349,Army Black Knights,2015,Chris Carter,carter c,2,false,20,8.5738,espn-pbp/ep-20260920-230959
2,Auburn Tigers,2015,Jeremy Johnson,johnson j,7,true,152,18.8704,espn-pbp/ep-20260920-230959
2,Auburn Tigers,2015,Sean White,white s,6,false,121,23.1242,espn-pbp/ep-20260920-230959
2046,Austin Peay Governors,2015,Trey Taylor,taylor t,9,true,241,-67.0214,espn-pbp/ep-20260920-230959
2046,Austin Peay Governors,2015,Timarious Mitchell,mitchell t,1,false,42,6.8390,espn-pbp/ep-20260920-230959
3178,Ave Maria Gyrenes,2015,Austin Hunt,hunt a,1,true,26,-1.0551,espn-pbp/ep-20260920-230959
252,BYU Cougars,2015,Tanner Mangum,mangum t,12,false,464,83.3759,espn-pbp/ep-20260920-230959
252,BYU Cougars,2015,Taysom Hill,hill t,1,true,33,5.1260,espn-pbp/ep-20260920-230959
487,Bacone College Warriors,2015,Trey Steward,steward t,1,true,24,0.4110,espn-pbp/ep-20260920-230959
2050,Ball State Cardinals,2015,Riley Neal,neal r,9,false,409,11.6838,espn-pbp/ep-20260920-230959
2050,Ball State Cardinals,2015,Jack Milas,milas j,3,true,71,-9.8806,espn-pbp/ep-20260920-230959
239,Baylor Bears,2015,Seth Russell,russell s,7,true,195,47.3809,espn-pbp/ep-20260920-230959
239,Baylor Bears,2015,Jarrett Stidham,stidham j,3,false,109,53.8707,espn-pbp/ep-20260920-230959
239,Baylor Bears,2015,Chris Johnson,johnson c,3,false,53,-14.7345,espn-pbp/ep-20260920-230959
492,Bethany (KS) Swedes,2015,Virgil Bridges,bridges v,1,false,18,6.6334,espn-pbp/ep-20260920-230959
2064,Bethel (TN) Wildcats,2015,Kerry Sellers,sellers k,1,true,19,-10.1958,espn-pbp/ep-20260920-230959
2065,Bethune-Cookman Wildcats,2015,Quentin Williams,williams q,9,true,142,60.5783,espn-pbp/ep-20260920-230959
2069,Black Hills State Yellow Jackets,2015,Ryan Hommel,hommel r,1,true,29,-19.7781,espn-pbp/ep-20260920-230959
68,Boise State Broncos,2015,Brett Rypien,rypien b,10,false,443,93.1051,espn-pbp/ep-20260920-230959
68,Boise State Broncos,2015,Ryan Finley,finley r,3,true,69,1.5104,espn-pbp/ep-20260920-230959
103,Boston College Eagles,2015,Jeff Smith,smith j,4,false,73,-25.4302,espn-pbp/ep-20260920-230959
103,Boston College Eagles,2015,John Fadule,fadule j,3,false,80,-13.1771,espn-pbp/ep-20260920-230959
103,Boston College Eagles,2015,Troy Flutie,flutie t,2,false,49,1.6234,espn-pbp/ep-20260920-230959
103,Boston College Eagles,2015,Darius Wade,wade d,2,true,35,17.1178,espn-pbp/ep-20260920-230959
2075,Bowie State Bulldogs,2015,Matt Goggans,goggans m,1,true,71,-0.2989,espn-pbp/ep-20260920-230959
189,Bowling Green Falcons,2015,Matt Johnson,johnson m,14,true,581,167.3057,espn-pbp/ep-20260920-230959
2913,Brevard College Tornados,2015,Tyler Gregory,gregory t,1,true,6,2.0495,espn-pbp/ep-20260920-230959
225,Brown Bears,2015,Marcus Fuller,fuller m,9,true,341,35.4855,espn-pbp/ep-20260920-230959
2803,Bryant Bulldogs,2015,Dalton Easton,easton d,10,true,353,33.4003,espn-pbp/ep-20260920-230959
2083,Bucknell Bison,2015,R.J. Nitti,j. nitti r,11,true,373,15.0878,espn-pbp/ep-20260920-230959
2084,Buffalo Bulls,2015,Joe Licata,licata j,10,true,401,61.3406,espn-pbp/ep-20260920-230959
2084,Buffalo Bulls,2015,Jason Driskel,driskel j,1,false,56,-3.6431,espn-pbp/ep-20260920-230959
2086,Butler Bulldogs,2015,Matt Shiltz,shiltz m,10,true,356,37.2090,espn-pbp/ep-20260920-230959
13,Cal Poly Mustangs,2015,Chris Brown,brown c,10,true,104,9.9203,espn-pbp/ep-20260920-230959
13,Cal Poly Mustangs,2015,Khaleel Jenkins,jenkins k,1,false,16,-4.8381,espn-pbp/ep-20260920-230959
25,California Golden Bears,2015,Jared Goff,goff j,13,true,539,165.9396,espn-pbp/ep-20260920-230959
2097,Campbell Fighting Camels,2015,Kameron Bryant,bryant k,11,true,270,29.0594,espn-pbp/ep-20260920-230959
2107,Catawba Indians,2015,Mike Sheehan,sheehan m,1,true,24,-0.9052,espn-pbp/ep-20260920-230959
2110,Central Arkansas Bears,2015,Hayden Hildebrand,hildebrand h,7,false,212,31.0990,espn-pbp/ep-20260920-230959
2110,Central Arkansas Bears,2015,Taylor Reed,reed t,4,true,125,-6.7755,espn-pbp/ep-20260920-230959
2115,Central Connecticut Blue Devils,2015,Tavion Pauldo,pauldo t,6,true,116,-12.0183,espn-pbp/ep-20260920-230959
2115,Central Connecticut Blue Devils,2015,Jacob Dolegala,dolegala j,5,false,165,-35.1491,espn-pbp/ep-20260920-230959
2117,Central Michigan Chippewas,2015,Cooper Rush,rush c,12,true,472,112.4314,espn-pbp/ep-20260920-230959
2123,Chadron State Eagles,2015,Td Stein,stein t,1,true,34,-3.2967,espn-pbp/ep-20260920-230959
2127,Charleston Southern Buccaneers,2015,Austin Brown,brown a,11,true,217,29.1202,espn-pbp/ep-20260920-230959
2127,Charleston Southern Buccaneers,2015,Kyle Copeland,copeland k,2,false,51,18.8932,espn-pbp/ep-20260920-230959
2429,Charlotte 49ers,2015,Lee McNeill,mcneill l,5,false,160,-42.7578,espn-pbp/ep-20260920-230959
2429,Charlotte 49ers,2015,Brooks Barden,barden b,5,false,100,-22.5135,espn-pbp/ep-20260920-230959
2429,Charlotte 49ers,2015,Matt Johnson,johnson m,1,true,85,22.5112,espn-pbp/ep-20260920-230959
2429,Charlotte 49ers,2015,Jaquez Johnson,johnson j,1,false,,,espn-pbp/ep-20260920-230959
236,Chattanooga Mocs,2015,Jacob Huesman,huesman j,8,true,131,12.9294,espn-pbp/ep-20260920-230959
2804,Chowan Hawks,2015,Randall Dixon,dixon r,2,true,49,0.6852,espn-pbp/ep-20260920-230959
2132,Cincinnati Bearcats,2015,Gunner Kiel,kiel g,10,true,331,89.2945,espn-pbp/ep-20260920-230959
2132,Cincinnati Bearcats,2015,Hayden Moore,moore h,3,false,228,33.9408,espn-pbp/ep-20260920-230959
2805,Clark Atlanta Panthers,2015,Matt Vincent,vincent m,1,true,16,-10.9280,espn-pbp/ep-20260920-230959
228,Clemson Tigers,2015,Deshaun Watson,watson d,15,true,491,113.3136,espn-pbp/ep-20260920-230959
324,Coastal Carolina Chanticleers,2015,Alex Ross,ross a,11,true,329,84.6985,espn-pbp/ep-20260920-230959
2142,Colgate Raiders,2015,Jake Melville,melville j,12,true,286,29.3457,espn-pbp/ep-20260920-230959
3211,College of Faith Warriors,2015,Quincy Williams,williams q,1,true,15,-10.3033,espn-pbp/ep-20260920-230959
3211,College of Faith Warriors,2015,J Middlebrooks,middlebrooks j,1,false,2,-1.8559,espn-pbp/ep-20260920-230959
38,Colorado Buffaloes,2015,Sefo Liufau,liufau s,10,true,308,37.4721,espn-pbp/ep-20260920-230959
38,Colorado Buffaloes,2015,Cade Apsay,apsay c,2,false,95,19.1861,espn-pbp/ep-20260920-230959
36,Colorado State Rams,2015,Nick Stevens,stevens n,12,true,331,83.0531,espn-pbp/ep-20260920-230959
36,Colorado State Rams,2015,Coleman Key,key c,1,false,31,-7.9130,espn-pbp/ep-20260920-230959
171,Columbia Lions,2015,Skyler Mornhinweg,mornhinweg s,10,true,210,-4.1138,espn-pbp/ep-20260920-230959
172,Cornell Big Red,2015,Robert Somborn,somborn r,10,true,289,9.8842,espn-pbp/ep-20260920-230959
159,Dartmouth Big Green,2015,Dalyn Williams,williams d,9,true,326,39.8603,espn-pbp/ep-20260920-230959
2166,Davidson Wildcats,2015,Taylor Mitchell,mitchell t,9,true,315,-46.5647,espn-pbp/ep-20260920-230959
2166,Davidson Wildcats,2015,John Cook,cook j,2,false,66,-41.6810,espn-pbp/ep-20260920-230959
2168,Dayton Flyers,2015,Alex Jeske,jeske a,10,false,290,17.6652,espn-pbp/ep-20260920-230959
2168,Dayton Flyers,2015,Blake Bir,bir b,1,true,9,-9.4175,espn-pbp/ep-20260920-230959
48,Delaware Blue Hens,2015,Joe Walker,walker j,10,false,163,-37.9603,espn-pbp/ep-20260920-230959
48,Delaware Blue Hens,2015,Blake Rankin,rankin b,1,true,19,-11.4017,espn-pbp/ep-20260920-230959
2169,Delaware State Hornets,2015,Esayah Obado,obado e,4,false,52,-21.3315,espn-pbp/ep-20260920-230959
2169,Delaware State Hornets,2015,Gilbert Rivera,rivera g,3,false,119,-5.5679,espn-pbp/ep-20260920-230959
2169,Delaware State Hornets,2015,Kobie Lain,lain k,2,false,50,5.0430,espn-pbp/ep-20260920-230959
2169,Delaware State Hornets,2015,Esayah Obad0,obad0 e,1,true,27,3.8571,espn-pbp/ep-20260920-230959
2181,Drake Bulldogs,2015,Andy Rice,rice a,5,true,189,3.6273,espn-pbp/ep-20260920-230959
2181,Drake Bulldogs,2015,Cody Thibault,thibault c,3,false,105,-17.4959,espn-pbp/ep-20260920-230959
150,Duke Blue Devils,2015,Thomas Sirk,sirk t,12,true,428,25.2046,espn-pbp/ep-20260920-230959
150,Duke Blue Devils,2015,Parker Boehme,boehme p,1,false,80,17.5343,espn-pbp/ep-20260920-230959
2184,Duquesne Dukes,2015,Dillon Buechel,buechel d,10,true,349,53.1904,espn-pbp/ep-20260920-230959
151,East Carolina Pirates,2015,Blake Kemp,kemp b,8,true,383,73.6635,espn-pbp/ep-20260920-230959
151,East Carolina Pirates,2015,James Summers,summers j,4,false,95,8.0136,espn-pbp/ep-20260920-230959
2193,East Tennessee State Buccaneers,2015,Austin Herink,herink a,11,true,195,9.4350,espn-pbp/ep-20260920-230959
2193,East Tennessee State Buccaneers,2015,Nick Sexton,sexton n,0,false,99,-9.6213,espn-pbp/ep-20260920-230959
2837,East Texas A&M Lions,2015,Harrison Stewart,stewart h,1,true,47,2.6645,espn-pbp/ep-20260920-230959
2197,Eastern Illinois Panthers,2015,Jalen Whitlow,whitlow j,10,true,238,-29.5724,espn-pbp/ep-20260920-230959
2198,Eastern Kentucky Colonels,2015,Bennie Coney,coney b,8,false,247,44.7904,espn-pbp/ep-20260920-230959
2198,Eastern Kentucky Colonels,2015,Kyle Romano,romano k,1,true,30,-5.0118,espn-pbp/ep-20260920-230959
2199,Eastern Michigan Eagles,2015,Brogan Roback,roback b,10,false,313,12.9256,espn-pbp/ep-20260920-230959
2199,Eastern Michigan Eagles,2015,Reginald Bell,bell r,2,true,60,7.3571,espn-pbp/ep-20260920-230959
2202,Eastern Oregon,2015,Zach Bartlow,bartlow z,1,true,34,-8.0686,espn-pbp/ep-20260920-230959
331,Eastern Washington Eagles,2015,Jordan West,west j,8,true,303,65.9972,espn-pbp/ep-20260920-230959
331,Eastern Washington Eagles,2015,Reilly Hennessey,hennessey r,2,false,95,23.3716,espn-pbp/ep-20260920-230959
2206,Edward Waters Tigers,2015,Taron Williams,williams t,1,false,21,-12.2672,espn-pbp/ep-20260920-230959
2206,Edward Waters Tigers,2015,Dennis Jackson,jackson d,1,true,11,-12.4610,espn-pbp/ep-20260920-230959
2210,Elon Phoenix,2015,Daniel Thompson,thompson d,6,true,142,-31.0508,espn-pbp/ep-20260920-230959
2210,Elon Phoenix,2015,Connor Christiansen,christiansen c,5,false,244,-33.9660,espn-pbp/ep-20260920-230959
2213,Emory & Henry College Wasps,2015,Kevin Saxton,saxton k,1,true,38,1.4370,espn-pbp/ep-20260920-230959
50,Florida A&M Rattlers,2015,Carson Royal,royal c,5,true,115,-50.1186,espn-pbp/ep-20260920-230959
50,Florida A&M Rattlers,2015,Kenneth Coleman,coleman k,1,false,91,-2.6333,espn-pbp/ep-20260920-230959
2226,Florida Atlantic Owls,2015,Jaquez Johnson,johnson j,9,true,221,11.6527,espn-pbp/ep-20260920-230959
2226,Florida Atlantic Owls,2015,Jason Driskel,driskel j,1,false,156,-0.8900,espn-pbp/ep-20260920-230959
2226,Florida Atlantic Owls,2015,Joe Licata,licata j,1,false,20,-11.8766,espn-pbp/ep-20260920-230959
2226,Florida Atlantic Owls,2015,Lee McNeill,mcneill l,1,false,,,espn-pbp/ep-20260920-230959
57,Florida Gators,2015,Treon Harris,harris t,9,true,229,-10.6775,espn-pbp/ep-20260920-230959
57,Florida Gators,2015,Will Grier,grier w,5,false,159,19.7680,espn-pbp/ep-20260920-230959
2229,Florida International Panthers,2015,Alex McGough,mcgough a,11,true,401,55.8410,espn-pbp/ep-20260920-230959
52,Florida State Seminoles,2015,Everett Golson,golson e,7,true,192,70.8805,espn-pbp/ep-20260920-230959
52,Florida State Seminoles,2015,Sean Maguire,maguire s,5,false,188,33.5504,espn-pbp/ep-20260920-230959
53,Florida Tech Panthers,2015,Sean Ashley,ashley s,1,true,58,-1.5716,espn-pbp/ep-20260920-230959
2230,Fordham Rams,2015,Kevin Anderson,anderson k,10,true,236,95.0606,espn-pbp/ep-20260920-230959
2237,Fort Lewis Skyhawks,2015,Jordan Doyle,doyle j,1,true,15,-4.8434,espn-pbp/ep-20260920-230959
2233,Franklin Grizzlies,2015,Chase Burton,burton c,1,true,40,1.5458,espn-pbp/ep-20260920-230959
278,Fresno State Bulldogs,2015,Zack Greenlee,greenlee z,5,true,161,-37.3953,espn-pbp/ep-20260920-230959
278,Fresno State Bulldogs,2015,Kilton Anderson,anderson k,5,false,160,-27.7923,espn-pbp/ep-20260920-230959
278,Fresno State Bulldogs,2015,Chason Virgil,virgil c,1,false,57,-3.9375,espn-pbp/ep-20260920-230959
278,Fresno State Bulldogs,2015,Ford Childress,childress f,1,false,34,-13.2352,espn-pbp/ep-20260920-230959
231,Furman Paladins,2015,Reese Hannon,hannon r,7,true,198,2.6982,espn-pbp/ep-20260920-230959
231,Furman Paladins,2015,P.J. Blazejowski,j. blazejowski p,3,false,93,4.5650,espn-pbp/ep-20260920-230959
2241,Gardner-Webb Runnin' Bulldogs,2015,Tyrell Maxwell,maxwell t,10,true,221,-53.8785,espn-pbp/ep-20260920-230959
2241,Gardner-Webb Runnin' Bulldogs,2015,Chase Arrington,arrington c,1,false,4,-4.0635,espn-pbp/ep-20260920-230959
46,Georgetown Hoyas,2015,Kyle Nolan,nolan k,5,true,148,5.5143,espn-pbp/ep-20260920-230959
61,Georgia Bulldogs,2015,Greyson Lambert,lambert g,12,true,251,35.7703,espn-pbp/ep-20260920-230959
61,Georgia Bulldogs,2015,Faton Bauta,bauta f,1,false,34,-11.0753,espn-pbp/ep-20260920-230959
290,Georgia Southern Eagles,2015,Kevin Ellison,ellison k,10,false,90,-5.3915,espn-pbp/ep-20260920-230959
290,Georgia Southern Eagles,2015,Favian Upshaw,upshaw f,3,true,49,-17.8875,espn-pbp/ep-20260920-230959
2247,Georgia State Panthers,2015,Nick Arbuckle,arbuckle n,13,true,507,162.6533,espn-pbp/ep-20260920-230959
59,Georgia Tech Yellow Jackets,2015,Justin Thomas,thomas j,11,true,179,-2.7221,espn-pbp/ep-20260920-230959
59,Georgia Tech Yellow Jackets,2015,Matthew Jordan,jordan m,1,false,9,5.3092,espn-pbp/ep-20260920-230959
2755,Grambling Tigers,2015,Johnathan Williams,williams j,3,true,99,-5.5892,espn-pbp/ep-20260920-230959
2261,Hampton Pirates,2015,David Watford,watford d,7,true,222,-26.4892,espn-pbp/ep-20260920-230959
108,Harvard Crimson,2015,Scott Hosch,hosch s,10,true,288,110.4325,espn-pbp/ep-20260920-230959
62,Hawai'i Rainbow Warriors,2015,Max Wittek,wittek m,7,true,236,-54.9490,espn-pbp/ep-20260920-230959
62,Hawai'i Rainbow Warriors,2015,Ikaika Woolsey,woolsey i,5,false,153,-33.3713,espn-pbp/ep-20260920-230959
107,Holy Cross Crusaders,2015,Peter Pujals,pujals p,6,true,241,32.1409,espn-pbp/ep-20260920-230959
2277,Houston Christian Huskies,2015,Max Staver,staver m,10,true,194,-41.2679,espn-pbp/ep-20260920-230959
2277,Houston Christian Huskies,2015,Tony Dawson,dawson t,1,false,72,-14.8818,espn-pbp/ep-20260920-230959
248,Houston Cougars,2015,Greg Ward Jr.,ward g,13,true,352,104.6996,espn-pbp/ep-20260920-230959
248,Houston Cougars,2015,Kyle Postma,postma k,1,false,72,8.7046,espn-pbp/ep-20260920-230959
47,Howard Bison,2015,Kalen Johnson,johnson k,5,true,133,-17.4011,espn-pbp/ep-20260920-230959
47,Howard Bison,2015,Jamie Cunningham,cunningham j,2,false,52,-22.2673,espn-pbp/ep-20260920-230959
304,Idaho State Bengals,2015,Michael Sanders,sanders m,8,true,323,-11.1508,espn-pbp/ep-20260920-230959
304,Idaho State Bengals,2015,Tanner Gueller,gueller t,3,false,177,-22.3929,espn-pbp/ep-20260920-230959
70,Idaho Vandals,2015,Matt Linehan,linehan m,10,true,274,38.8073,espn-pbp/ep-20260920-230959
70,Idaho Vandals,2015,Jake Luton,luton j,1,false,83,-2.7604,espn-pbp/ep-20260920-230959
356,Illinois Fighting Illini,2015,Wes Lunt,lunt w,12,true,494,-21.5739,espn-pbp/ep-20260920-230959
2287,Illinois State Redbirds,2015,Tre Roberson,roberson t,9,true,206,61.8251,espn-pbp/ep-20260920-230959
2287,Illinois State Redbirds,2015,Jake Kolbe,kolbe j,2,false,44,-1.0649,espn-pbp/ep-20260920-230959
2916,Incarnate Word Cardinals,2015,Trent Brittain,brittain t,11,true,353,-20.4617,espn-pbp/ep-20260920-230959
84,Indiana Hoosiers,2015,Nate Sudfeld,sudfeld n,12,true,401,113.7164,espn-pbp/ep-20260920-230959
84,Indiana Hoosiers,2015,Zander Diamont,diamont z,1,false,32,-10.5541,espn-pbp/ep-20260920-230959
282,Indiana State Sycamores,2015,Matt Adam,adam m,10,true,259,-2.8197,espn-pbp/ep-20260920-230959
2294,Iowa Hawkeyes,2015,C.J. Beathard,j. beathard c,14,true,336,79.0712,espn-pbp/ep-20260920-230959
66,Iowa State Cyclones,2015,Sam B. Richardson,richardson s,7,true,214,10.8367,espn-pbp/ep-20260920-230959
66,Iowa State Cyclones,2015,Joel Lanning,lanning j,5,false,192,6.0779,espn-pbp/ep-20260920-230959
2296,Jackson State Tigers,2015,Jarin Morikawa,morikawa j,1,false,55,-12.0544,espn-pbp/ep-20260920-230959
2296,Jackson State Tigers,2015,LaMontiez Ivy,ivy l,1,true,41,-7.7489,espn-pbp/ep-20260920-230959
294,Jacksonville Dolphins,2015,Kade Bell,bell k,7,true,284,16.1280,espn-pbp/ep-20260920-230959
294,Jacksonville Dolphins,2015,Rylan WELLS,wells r,2,false,94,34.6451,espn-pbp/ep-20260920-230959
55,Jacksonville State Gamecocks,2015,Eli Jenkins,jenkins e,14,true,359,97.1160,espn-pbp/ep-20260920-230959
55,Jacksonville State Gamecocks,2015,Christian LeMay,lemay c,0,false,52,-2.5900,espn-pbp/ep-20260920-230959
256,James Madison Dukes,2015,Vad Lee,lee v,8,true,232,100.9542,espn-pbp/ep-20260920-230959
256,James Madison Dukes,2015,Bryan Schor,schor b,4,false,110,22.5439,espn-pbp/ep-20260920-230959
2305,Kansas Jayhawks,2015,Ryan Willis,willis r,8,false,314,-74.6797,espn-pbp/ep-20260920-230959
2305,Kansas Jayhawks,2015,Montell Cozart,cozart m,3,true,105,20.3411,espn-pbp/ep-20260920-230959
2305,Kansas Jayhawks,2015,Deondre Ford,ford d,1,false,24,-3.4796,espn-pbp/ep-20260920-230959
2306,Kansas State Wildcats,2015,Joe Hubener,hubener j,11,true,279,-4.5583,espn-pbp/ep-20260920-230959
2306,Kansas State Wildcats,2015,Kody Cook,cook k,2,false,67,4.7726,espn-pbp/ep-20260920-230959
338,Kennesaw State Owls,2015,Trey White,white t,10,true,106,15.8216,espn-pbp/ep-20260920-230959
338,Kennesaw State Owls,2015,Jake McKenzie,mckenzie j,1,false,57,10.1242,espn-pbp/ep-20260920-230959
2309,Kent State Golden Flashes,2015,Colin Reardon,reardon c,6,true,132,-60.5659,espn-pbp/ep-20260920-230959
2309,Kent State Golden Flashes,2015,George Bollas,bollas g,4,false,134,-36.8161,espn-pbp/ep-20260920-230959
3077,Kentucky Christian Knights,2015,Graham Johnston,johnston g,1,true,25,-12.4044,espn-pbp/ep-20260920-230959
2316,Kentucky Wesleyan Panthers,2015,Dalton Oliver,oliver d,3,true,122,16.5912,espn-pbp/ep-20260920-230959
96,Kentucky Wildcats,2015,Patrick Towles,towles p,10,true,338,-14.2835,espn-pbp/ep-20260920-230959
96,Kentucky Wildcats,2015,Drew Barker,barker d,2,false,70,-12.7875,espn-pbp/ep-20260920-230959
99,LSU Tigers,2015,Brandon Harris,harris b,12,true,280,8.0550,espn-pbp/ep-20260920-230959
322,Lafayette Leopards,2015,Drew Reed,reed d,8,false,259,20.6488,espn-pbp/ep-20260920-230959
322,Lafayette Leopards,2015,Blake Searfoss,searfoss b,2,true,78,8.0935,espn-pbp/ep-20260920-230959
2320,Lamar Cardinals,2015,Joe Minden,minden j,7,false,187,-4.7004,espn-pbp/ep-20260920-230959
2320,Lamar Cardinals,2015,Carson Earp,earp c,3,true,73,-19.0690,espn-pbp/ep-20260920-230959
2329,Lehigh Mountain Hawks,2015,Nick Shafnisky,shafnisky n,9,true,295,72.1533,espn-pbp/ep-20260920-230959
2329,Lehigh Mountain Hawks,2015,Brad Mayes,mayes b,2,false,93,23.5531,espn-pbp/ep-20260920-230959
2335,Liberty Flames,2015,Josh Woodrum,woodrum j,11,true,355,55.7695,espn-pbp/ep-20260920-230959
309,Louisiana Ragin' Cajuns,2015,Brooks Haack,haack b,8,true,203,6.4328,espn-pbp/ep-20260920-230959
309,Louisiana Ragin' Cajuns,2015,Jalen Nixon,nixon j,4,false,143,-16.2548,espn-pbp/ep-20260920-230959
2348,Louisiana Tech Bulldogs,2015,Jeff Driskel,driskel j,13,true,444,112.1888,espn-pbp/ep-20260920-230959
97,Louisville Cardinals,2015,Lamar Jackson,jackson l,7,false,246,9.9523,espn-pbp/ep-20260920-230959
97,Louisville Cardinals,2015,Kyle Bolin,bolin k,5,false,143,23.3997,espn-pbp/ep-20260920-230959
97,Louisville Cardinals,2015,Reggie Bonnafon,bonnafon r,1,true,25,9.7856,espn-pbp/ep-20260920-230959
311,Maine Black Bears,2015,Dan Collins,collins d,7,true,275,-32.6723,espn-pbp/ep-20260920-230959
311,Maine Black Bears,2015,Drew Belcher,belcher d,4,false,124,-2.4759,espn-pbp/ep-20260920-230959
2368,Marist Red Foxes,2015,Michael White,white m,9,false,302,2.1018,espn-pbp/ep-20260920-230959
2368,Marist Red Foxes,2015,Ed Achziger,achziger e,1,true,43,-13.2978,espn-pbp/ep-20260920-230959
2369,Mars Hill Lions,2015,Matt Layman,layman m,1,true,27,-2.8421,espn-pbp/ep-20260920-230959
276,Marshall Thundering Herd,2015,Chase Litton,litton c,11,false,348,39.8298,espn-pbp/ep-20260920-230959
276,Marshall Thundering Herd,2015,"BIRDSONG, M.",birdsong m,2,true,87,-21.4090,espn-pbp/ep-20260920-230959
120,Maryland Terrapins,2015,Perry Hills,hills p,8,true,182,-47.8291,espn-pbp/ep-20260920-230959
120,Maryland Terrapins,2015,Caleb Rowe,rowe c,4,false,167,-36.3189,espn-pbp/ep-20260920-230959
2373,Maryville College (TN) Scots,2015,Nick Myers,myers n,1,true,14,8.0979,espn-pbp/ep-20260920-230959
113,Massachusetts Minutemen,2015,Blake Frohnapfel,frohnapfel b,12,true,503,-32.5313,espn-pbp/ep-20260920-230959
2377,McNeese Cowboys,2015,Daniel Sams,sams d,11,true,257,-50.7777,espn-pbp/ep-20260920-230959
235,Memphis Tigers,2015,Paxton Lynch,lynch p,13,true,450,134.3574,espn-pbp/ep-20260920-230959
2382,Mercer Bears,2015,John Russ,russ j,11,true,306,57.2922,espn-pbp/ep-20260920-230959
193,Miami (OH) RedHawks,2015,Billy Bahl,bahl b,7,false,230,-35.7562,espn-pbp/ep-20260920-230959
193,Miami (OH) RedHawks,2015,Drew Kummer,kummer d,5,true,129,-2.9360,espn-pbp/ep-20260920-230959
2390,Miami Hurricanes,2015,Brad Kaaya,kaaya b,12,true,905,98.3388,espn-pbp/ep-20260920-230959
2390,Miami Hurricanes,2015,Malik Rosier,rosier m,1,false,54,-8.4527,espn-pbp/ep-20260920-230959
127,Michigan State Spartans,2015,Connor Cook,cook c,13,true,415,87.7358,espn-pbp/ep-20260920-230959
127,Michigan State Spartans,2015,"O'Connor, Tyler",o'connor t,1,false,25,-1.3492,espn-pbp/ep-20260920-230959
130,Michigan Wolverines,2015,Jake Rudock,rudock j,13,true,388,91.8342,espn-pbp/ep-20260920-230959
2393,Middle Tennessee Blue Raiders,2015,Brent Stockstill,stockstill b,13,true,495,86.0475,espn-pbp/ep-20260920-230959
2396,Miles College Golden Bears,2015,John Mcdowell,mcdowell j,1,true,16,-3.8488,espn-pbp/ep-20260920-230959
135,Minnesota Golden Gophers,2015,Mitch Leidner,leidner m,13,true,372,40.9290,espn-pbp/ep-20260920-230959
2401,Mississippi College Choctaws,2015,Kyle Smith,smith k,1,true,6,-8.1431,espn-pbp/ep-20260920-230959
344,Mississippi State Bulldogs,2015,Dak Prescott,prescott d,13,true,471,114.1793,espn-pbp/ep-20260920-230959
2400,Mississippi Valley State Delta Devils,2015,Ruban Thurston Jr.,thurston r,1,false,32,-18.6226,espn-pbp/ep-20260920-230959
2400,Mississippi Valley State Delta Devils,2015,Dontrinell Scott,scott d,1,false,30,8.1918,espn-pbp/ep-20260920-230959
2400,Mississippi Valley State Delta Devils,2015,Quantavius Peterson,peterson q,1,true,10,-8.1512,espn-pbp/ep-20260920-230959
2400,Mississippi Valley State Delta Devils,2015,Jr. Thurston Rubin,rubin j,1,false,,,espn-pbp/ep-20260920-230959
2623,Missouri State Bears,2015,Brodie Lambert,lambert b,9,false,200,-87.7327,espn-pbp/ep-20260920-230959
2623,Missouri State Bears,2015,Breck Ruddick,ruddick b,2,true,110,-34.3590,espn-pbp/ep-20260920-230959
142,Missouri Tigers,2015,Drew Lock,lock d,8,false,269,-62.8485,espn-pbp/ep-20260920-230959
142,Missouri Tigers,2015,Maty Mauk,mauk m,4,true,109,-4.6588,espn-pbp/ep-20260920-230959
2405,Monmouth Hawks,2015,Cody Williams,williams c,11,true,286,-4.8821,espn-pbp/ep-20260920-230959
149,Montana Grizzlies,2015,Brady Gustafson,gustafson b,7,true,233,8.3222,espn-pbp/ep-20260920-230959
149,Montana Grizzlies,2015,Chad Chalich,chalich c,3,false,142,-8.9698,espn-pbp/ep-20260920-230959
149,Montana Grizzlies,2015,Makena Simis,simis m,3,false,113,-9.4222,espn-pbp/ep-20260920-230959
147,Montana State Bobcats,2015,Dakota Prukop,prukop d,11,true,350,79.0319,espn-pbp/ep-20260920-230959
2413,Morehead State Eagles,2015,Austin Gahafer,gahafer a,11,true,518,30.2221,espn-pbp/ep-20260920-230959
2415,Morgan State Bears,2015,Moses Skillon,skillon m,6,true,140,-27.5749,espn-pbp/ep-20260920-230959
426,Mount Union Raiders,2015,Taurice Scott,scott t,1,true,19,11.4550,espn-pbp/ep-20260920-230959
93,Murray State Racers,2015,KD Humphries,humphries k,11,true,441,39.1430,espn-pbp/ep-20260920-230959
93,Murray State Racers,2015,Bennie Coney,coney b,0,false,62,-2.5457,espn-pbp/ep-20260920-230959
152,NC State Wolfpack,2015,Jacoby Brissett,brissett j,13,true,394,34.4217,espn-pbp/ep-20260920-230959
2426,Navy Midshipmen,2015,Keenan Reynolds,reynolds k,13,true,118,38.5855,espn-pbp/ep-20260920-230959
158,Nebraska Cornhuskers,2015,Tommy Armstrong Jr.,armstrong t,12,true,402,48.6814,espn-pbp/ep-20260920-230959
158,Nebraska Cornhuskers,2015,Ryker Fyfe,fyfe r,1,false,57,15.3262,espn-pbp/ep-20260920-230959
2440,Nevada Wolf Pack,2015,Tyler Stewart,stewart t,13,true,333,37.8646,espn-pbp/ep-20260920-230959
160,New Hampshire Wildcats,2015,Sean Goldrich,goldrich s,8,true,340,1.9658,espn-pbp/ep-20260920-230959
160,New Hampshire Wildcats,2015,Adam Riese,riese a,3,false,82,15.2939,espn-pbp/ep-20260920-230959
160,New Hampshire Wildcats,2015,Chris McCormick,mccormick c,1,false,19,-17.2364,espn-pbp/ep-20260920-230959
2424,New Mexico Highlands Cowboys,2015,Keith Moore,moore k,1,true,27,-11.0399,espn-pbp/ep-20260920-230959
167,New Mexico Lobos,2015,Lamar Jordan,jordan l,11,true,121,-14.1829,espn-pbp/ep-20260920-230959
167,New Mexico Lobos,2015,Austin Apodaca,apodaca a,2,false,102,-7.4574,espn-pbp/ep-20260920-230959
166,New Mexico State Aggies,2015,Andrew Allen,allen a,5,false,182,9.7147,espn-pbp/ep-20260920-230959
166,New Mexico State Aggies,2015,Tyler Rogers,rogers t,4,true,136,-5.1447,espn-pbp/ep-20260920-230959
166,New Mexico State Aggies,2015,Nick Jeanty,jeanty n,3,false,108,-5.8706,espn-pbp/ep-20260920-230959
2447,Nicholls Colonels,2015,Tuskani Figaro,figaro t,8,true,149,-3.4112,espn-pbp/ep-20260920-230959
2447,Nicholls Colonels,2015,Landry Klann,klann l,3,false,99,12.9212,espn-pbp/ep-20260920-230959
2450,Norfolk State Spartans,2015,Greg Hankerson,hankerson g,9,true,293,-16.4717,espn-pbp/ep-20260920-230959
2448,North Carolina A&T Aggies,2015,Kwashaun Quick,quick k,5,false,100,-19.9005,espn-pbp/ep-20260920-230959
2448,North Carolina A&T Aggies,2015,Lamar Raynard,raynard l,4,true,78,9.9235,espn-pbp/ep-20260920-230959
2448,North Carolina A&T Aggies,2015,Kylil Carter,carter k,1,false,38,-2.3445,espn-pbp/ep-20260920-230959
2428,North Carolina Central Eagles,2015,Malcolm Bell,bell m,9,true,240,-41.3135,espn-pbp/ep-20260920-230959
153,North Carolina Tar Heels,2015,Marquise Williams,williams m,14,true,358,76.6132,espn-pbp/ep-20260920-230959
155,North Dakota Fighting Hawks,2015,Keaton Studsrud,studsrud k,9,true,165,48.1187,espn-pbp/ep-20260920-230959
155,North Dakota Fighting Hawks,2015,Ryan Bartels,bartels r,2,false,51,-13.0748,espn-pbp/ep-20260920-230959
2449,North Dakota State Bison,2015,Easton Stick,stick e,8,false,156,39.1005,espn-pbp/ep-20260920-230959
2449,North Dakota State Bison,2015,Carson Wentz,wentz c,7,true,212,63.3556,espn-pbp/ep-20260920-230959
2822,North Greenville Crusaders,2015,Nelson Hughes,hughes n,1,true,33,3.9383,espn-pbp/ep-20260920-230959
249,North Texas Mean Green,2015,DaMarcus Smith,smith d,6,false,200,-28.6846,espn-pbp/ep-20260920-230959
249,North Texas Mean Green,2015,Andrew McNulty,mcnulty a,5,true,155,-23.1114,espn-pbp/ep-20260920-230959
249,North Texas Mean Green,2015,Ryan Metz,metz r,1,false,,,espn-pbp/ep-20260920-230959
2464,Northern Arizona Lumberjacks,2015,Case Cookus,cookus c,11,true,342,135.1359,espn-pbp/ep-20260920-230959
2458,Northern Colorado Bears,2015,Jacob Knipp,knipp j,4,false,162,-26.6377,espn-pbp/ep-20260920-230959
2458,Northern Colorado Bears,2015,Jonathan Newsom,newsom j,2,true,26,-1.8671,espn-pbp/ep-20260920-230959
2459,Northern Illinois Huskies,2015,Drew Hare,hare d,9,true,258,27.1467,espn-pbp/ep-20260920-230959
2459,Northern Illinois Huskies,2015,Ryan Graham,graham r,4,false,103,-4.1394,espn-pbp/ep-20260920-230959
2459,Northern Illinois Huskies,2015,Tommy Fiedler,fiedler t,1,false,45,-2.2618,espn-pbp/ep-20260920-230959
2460,Northern Iowa Panthers,2015,Aaron Bailey,bailey a,11,true,218,12.5527,espn-pbp/ep-20260920-230959
2460,Northern Iowa Panthers,2015,Sawyer Kollmorgen,kollmorgen s,2,false,80,-16.4500,espn-pbp/ep-20260920-230959
138,Northwest Missouri State Bearcats,2015,Brady Bolles,bolles b,1,true,27,8.6007,espn-pbp/ep-20260920-230959
2466,Northwestern State Demons,2015,Stephen Rivers,rivers s,7,true,174,50.0574,espn-pbp/ep-20260920-230959
2466,Northwestern State Demons,2015,J.D. Almond,d. almond j,3,false,66,6.8466,espn-pbp/ep-20260920-230959
2466,Northwestern State Demons,2015,Joel Blumenthal,blumenthal j,1,false,30,10.6645,espn-pbp/ep-20260920-230959
77,Northwestern Wildcats,2015,Clayton Thorson,thorson c,13,true,297,-40.1758,espn-pbp/ep-20260920-230959
77,Northwestern Wildcats,2015,Zack Oliver,oliver z,0,false,54,-10.1117,espn-pbp/ep-20260920-230959
587,Notre Dame College (OH) Falcons,2015,Malik Grove,grove m,1,true,37,-1.4755,espn-pbp/ep-20260920-230959
87,Notre Dame Fighting Irish,2015,DeShone Kizer,kizer d,11,false,341,69.1973,espn-pbp/ep-20260920-230959
87,Notre Dame Fighting Irish,2015,Malik Zaire,zaire m,2,true,37,13.2027,espn-pbp/ep-20260920-230959
195,Ohio Bobcats,2015,Derrius Vick,vick d,10,true,248,31.6417,espn-pbp/ep-20260920-230959
195,Ohio Bobcats,2015,JD Sprague,sprague j,3,false,109,7.3912,espn-pbp/ep-20260920-230959
194,Ohio State Buckeyes,2015,Cardale Jones,jones c,8,true,175,25.7861,espn-pbp/ep-20260920-230959
194,Ohio State Buckeyes,2015,J.T. Barrett,t. barrett j,5,false,141,11.3180,espn-pbp/ep-20260920-230959
201,Oklahoma Sooners,2015,Baker Mayfield,mayfield b,13,true,386,130.4474,espn-pbp/ep-20260920-230959
197,Oklahoma State Cowboys,2015,Mason Rudolph,rudolph m,12,true,420,110.5788,espn-pbp/ep-20260920-230959
197,Oklahoma State Cowboys,2015,J.W. Walsh,w. walsh j,1,false,77,14.8008,espn-pbp/ep-20260920-230959
295,Old Dominion Monarchs,2015,Shuler Bentley,bentley s,8,true,238,-23.1983,espn-pbp/ep-20260920-230959
295,Old Dominion Monarchs,2015,David Washington,washington d,4,false,164,20.9504,espn-pbp/ep-20260920-230959
145,Ole Miss Rebels,2015,Chad Kelly,kelly c,13,true,465,108.0195,espn-pbp/ep-20260920-230959
2483,Oregon Ducks,2015,Vernon Adams Jr.,adams v,10,true,254,108.3629,espn-pbp/ep-20260920-230959
2483,Oregon Ducks,2015,Jeff Lockie,lockie j,3,false,89,-14.1981,espn-pbp/ep-20260920-230959
204,Oregon State Beavers,2015,Seth Collins,collins s,7,true,164,-6.8933,espn-pbp/ep-20260920-230959
204,Oregon State Beavers,2015,Nick Mitchell,mitchell n,4,false,120,-15.2673,espn-pbp/ep-20260920-230959
204,Oregon State Beavers,2015,Marcus McMaryion,mcmaryion m,1,false,69,-9.6581,espn-pbp/ep-20260920-230959
213,Penn State Nittany Lions,2015,Christian Hackenberg,hackenberg c,13,true,362,6.1686,espn-pbp/ep-20260920-230959
219,Pennsylvania Quakers,2015,Alek Torgersen,torgersen a,9,true,188,42.0202,espn-pbp/ep-20260920-230959
219,Pennsylvania Quakers,2015,Andrew Lisa,lisa a,1,false,65,11.4694,espn-pbp/ep-20260920-230959
95,Pikeville Bears,2015,Sani Warren,warren s,1,true,32,-1.6935,espn-pbp/ep-20260920-230959
221,Pittsburgh Panthers,2015,Nathan Peterman,peterman n,11,false,319,77.8490,espn-pbp/ep-20260920-230959
221,Pittsburgh Panthers,2015,Chad Voytik,voytik c,2,true,27,-6.0284,espn-pbp/ep-20260920-230959
2932,Point University Skyhawks,2015,Charles Fortis,fortis c,1,true,25,-10.4609,espn-pbp/ep-20260920-230959
2502,Portland State Vikings,2015,Alex Kuresa,kuresa a,11,true,196,38.4607,espn-pbp/ep-20260920-230959
2504,Prairie View A&M Panthers,2015,Trey Green,green t,6,true,149,48.0506,espn-pbp/ep-20260920-230959
2506,Presbyterian Blue Hose,2015,Ben Cheek,cheek b,6,false,83,-42.1352,espn-pbp/ep-20260920-230959
2506,Presbyterian Blue Hose,2015,Tamyn Garrick,garrick t,3,true,95,-35.6206,espn-pbp/ep-20260920-230959
2506,Presbyterian Blue Hose,2015,Kaleb Griffin,griffin k,2,false,49,-12.5134,espn-pbp/ep-20260920-230959
163,Princeton Tigers,2015,Chad Kanoff,kanoff c,10,true,326,28.9604,espn-pbp/ep-20260920-230959
2509,Purdue Boilermakers,2015,David Blough,blough d,8,false,301,-31.0081,espn-pbp/ep-20260920-230959
2509,Purdue Boilermakers,2015,Austin Appleby,appleby a,4,true,212,-1.6884,espn-pbp/ep-20260920-230959
227,Rhode Island Rams,2015,Paul Mroz,mroz p,6,true,185,-56.5196,espn-pbp/ep-20260920-230959
227,Rhode Island Rams,2015,Wesley McKoy,mckoy w,4,false,90,-15.4790,espn-pbp/ep-20260920-230959
227,Rhode Island Rams,2015,James Caparell,caparell j,1,false,39,-19.2772,espn-pbp/ep-20260920-230959
242,Rice Owls,2015,Driphus Jackson,jackson d,11,true,297,75.7061,espn-pbp/ep-20260920-230959
257,Richmond Spiders,2015,Kyle Lauletta,lauletta k,13,true,361,118.4677,espn-pbp/ep-20260920-230959
2523,Robert Morris Colonials,2015,Mathew Barr,barr m,9,true,189,-65.8252,espn-pbp/ep-20260920-230959
2523,Robert Morris Colonials,2015,Tyler Brown,brown t,1,false,30,-12.8321,espn-pbp/ep-20260920-230959
2523,Robert Morris Colonials,2015,Reid McCoy,mccoy r,1,false,5,-6.6888,espn-pbp/ep-20260920-230959
164,Rutgers Scarlet Knights,2015,Chris Laviano,laviano c,11,false,306,8.6178,espn-pbp/ep-20260920-230959
164,Rutgers Scarlet Knights,2015,Hayden Rettig,rettig h,1,true,27,5.9405,espn-pbp/ep-20260920-230959
2545,SE Louisiana Lions,2015,D'Shaie Landor,landor d,8,true,193,-16.6123,espn-pbp/ep-20260920-230959
2545,SE Louisiana Lions,2015,Donovan Isom,isom d,3,false,63,-9.7866,espn-pbp/ep-20260920-230959
2567,SMU Mustangs,2015,Matt Davis,davis m,12,true,358,41.5334,espn-pbp/ep-20260920-230959
16,Sacramento State Hornets,2015,Nate Ketteringham,ketteringham n,5,false,219,44.1046,espn-pbp/ep-20260920-230959
16,Sacramento State Hornets,2015,Daniel Kniffin,kniffin d,4,true,141,-13.6416,espn-pbp/ep-20260920-230959
16,Sacramento State Hornets,2015,Kolney Cassel,cassel k,2,false,81,13.6053,espn-pbp/ep-20260920-230959
2529,Sacred Heart Pioneers,2015,RJ Noel,noel r,11,true,341,39.9917,espn-pbp/ep-20260920-230959
2598,Saint Francis Red Flash,2015,Zack Drayer,drayer z,10,true,242,30.8989,espn-pbp/ep-20260920-230959
2534,Sam Houston Bearkats,2015,Jared Johnson,johnson j,12,true,269,20.9811,espn-pbp/ep-20260920-230959
2534,Sam Houston Bearkats,2015,Jeremiah Briscoe,briscoe j,3,false,209,16.9744,espn-pbp/ep-20260920-230959
2535,Samford Bulldogs,2015,Michael Eubank,eubank m,6,true,182,45.0522,espn-pbp/ep-20260920-230959
2535,Samford Bulldogs,2015,Devlin Hodges,hodges d,5,false,294,60.7622,espn-pbp/ep-20260920-230959
21,San Diego State Aztecs,2015,Maxwell Smith,smith m,11,false,198,30.1831,espn-pbp/ep-20260920-230959
21,San Diego State Aztecs,2015,Christian Chapman,chapman c,2,false,50,15.0565,espn-pbp/ep-20260920-230959
21,San Diego State Aztecs,2015,Trey Wheeler,wheeler t,1,true,,,espn-pbp/ep-20260920-230959
301,San Diego Toreros,2015,Anthony Lawrence,lawrence a,10,false,305,106.9625,espn-pbp/ep-20260920-230959
301,San Diego Toreros,2015,Maxwell Smith,smith m,1,true,,,espn-pbp/ep-20260920-230959
23,San José State Spartans,2015,Kenny Potter,potter k,10,false,279,78.5588,espn-pbp/ep-20260920-230959
23,San José State Spartans,2015,Joe Gray,gray j,3,true,106,24.2405,espn-pbp/ep-20260920-230959
2542,Savannah State Tigers,2015,Arshon Spaulding,spaulding a,6,false,112,-38.3856,espn-pbp/ep-20260920-230959
2542,Savannah State Tigers,2015,David Handler,handler d,1,false,54,-10.7141,espn-pbp/ep-20260920-230959
2542,Savannah State Tigers,2015,Tino Smith,smith t,1,true,16,-2.6033,espn-pbp/ep-20260920-230959
2551,Shaw Bears,2015,Danny Webster,webster d,1,true,9,-0.9887,espn-pbp/ep-20260920-230959
2974,Shepherd Rams,2015,Jeff Ziemba,ziemba j,1,true,16,4.6573,espn-pbp/ep-20260920-230959
2560,Shorter Hawks,2015,Aaron Bryant,bryant a,2,true,19,17.5291,espn-pbp/ep-20260920-230959
6,South Alabama Jaguars,2015,Cody Clements,clements c,12,true,331,-3.4300,espn-pbp/ep-20260920-230959
2579,South Carolina Gamecocks,2015,Perry Orth,orth p,8,false,262,17.7755,espn-pbp/ep-20260920-230959
2579,South Carolina Gamecocks,2015,Lorenzo Nunez,nunez l,2,false,52,8.5874,espn-pbp/ep-20260920-230959
2579,South Carolina Gamecocks,2015,Connor Mitch,mitch c,2,true,30,-4.0246,espn-pbp/ep-20260920-230959
2569,South Carolina State Bulldogs,2015,Caleb York,york c,4,true,119,3.6408,espn-pbp/ep-20260920-230959
2569,South Carolina State Bulldogs,2015,Adrian Kollock,kollock a,2,false,86,-2.0690,espn-pbp/ep-20260920-230959
233,South Dakota Coyotes,2015,Ryan Saeger,saeger r,11,true,305,-25.4058,espn-pbp/ep-20260920-230959
2571,South Dakota State Jackrabbits,2015,Zach Lujan,lujan z,7,true,223,77.0572,espn-pbp/ep-20260920-230959
2571,South Dakota State Jackrabbits,2015,Taryn Christion,christion t,5,false,175,37.4750,espn-pbp/ep-20260920-230959
58,South Florida Bulls,2015,Quinton Flowers,flowers q,13,true,278,9.9509,espn-pbp/ep-20260920-230959
2546,Southeast Missouri State Redhawks,2015,Dante Vandeven,vandeven d,8,false,236,6.0548,espn-pbp/ep-20260920-230959
2546,Southeast Missouri State Redhawks,2015,Tay Bender,bender t,3,true,54,-15.6100,espn-pbp/ep-20260920-230959
79,Southern Illinois Salukis,2015,Mark Iannotti,iannotti m,11,true,394,59.6163,espn-pbp/ep-20260920-230959
2582,Southern Jaguars,2015,Austin Howard,howard a,4,true,98,12.4690,espn-pbp/ep-20260920-230959
2572,Southern Miss Golden Eagles,2015,Nick Mullens,mullens n,14,true,541,164.7708,espn-pbp/ep-20260920-230959
253,Southern Utah Thunderbirds,2015,Ammon Olsen,olsen a,12,true,503,37.1575,espn-pbp/ep-20260920-230959
2830,St. Anselm Hawks,2015,Yianni Gavalas,gavalas y,1,true,43,-9.7303,espn-pbp/ep-20260920-230959
2900,St. Thomas-Minnesota Tommies,2015,John Gould,gould j,1,true,26,-1.3226,espn-pbp/ep-20260920-230959
24,Stanford Cardinal,2015,Kevin Hogan,hogan k,14,true,304,114.8766,espn-pbp/ep-20260920-230959
2617,Stephen F. Austin Lumberjacks,2015,Zach Conque,conque z,9,true,286,15.3380,espn-pbp/ep-20260920-230959
2617,Stephen F. Austin Lumberjacks,2015,Hunter Taylor,taylor h,1,false,94,-7.4670,espn-pbp/ep-20260920-230959
56,Stetson Hatters,2015,Ryan Tentler,tentler r,11,true,288,-23.3525,espn-pbp/ep-20260920-230959
2619,Stony Brook Seawolves,2015,Conor Bednarski,bednarski c,7,true,164,1.7321,espn-pbp/ep-20260920-230959
2619,Stony Brook Seawolves,2015,Joe Carbone,carbone j,3,false,125,-8.3083,espn-pbp/ep-20260920-230959
183,Syracuse Orange,2015,Eric Dungey,dungey e,8,true,175,17.6528,espn-pbp/ep-20260920-230959
183,Syracuse Orange,2015,Zack Mahoney,mahoney z,4,false,95,-7.4199,espn-pbp/ep-20260920-230959
2628,TCU Horned Frogs,2015,Trevone Boykin,boykin t,11,true,396,111.8344,espn-pbp/ep-20260920-230959
2628,TCU Horned Frogs,2015,Bram Kohlhausen,kohlhausen b,1,false,85,12.7285,espn-pbp/ep-20260920-230959
2628,TCU Horned Frogs,2015,Foster Sawyer,sawyer f,1,false,28,-14.1246,espn-pbp/ep-20260920-230959
218,Temple Owls,2015,P.J. Walker,j. walker p,14,true,429,51.5541,espn-pbp/ep-20260920-230959
2634,Tennessee State Tigers,2015,Oshay Ackerman-Carter,ackerman-carter o,6,true,166,15.3492,espn-pbp/ep-20260920-230959
2634,Tennessee State Tigers,2015,Ronald Butler,butler r,2,false,82,-7.6802,espn-pbp/ep-20260920-230959
2635,Tennessee Tech Golden Eagles,2015,Jared Davis,davis j,7,true,173,-11.8379,espn-pbp/ep-20260920-230959
2635,Tennessee Tech Golden Eagles,2015,Colby Brown,brown c,2,false,87,-9.4005,espn-pbp/ep-20260920-230959
2635,Tennessee Tech Golden Eagles,2015,Brock McCoin,mccoin b,2,false,52,8.0372,espn-pbp/ep-20260920-230959
2633,Tennessee Volunteers,2015,Joshua Dobbs,dobbs j,13,true,343,58.2068,espn-pbp/ep-20260920-230959
245,Texas A&M Aggies,2015,Kyle Allen,allen k,9,true,274,16.9789,espn-pbp/ep-20260920-230959
245,Texas A&M Aggies,2015,Kyler Murray,murray k,3,false,126,0.5266,espn-pbp/ep-20260920-230959
245,Texas A&M Aggies,2015,"Hubenak, Jake",hubenak j,1,false,81,-0.3210,espn-pbp/ep-20260920-230959
2658,Texas A&M-Kingsville Javelinas,2015,Myles Carr,carr m,1,true,27,0.2129,espn-pbp/ep-20260920-230959
251,Texas Longhorns,2015,Jerrod Heard,heard j,10,false,162,-8.9785,espn-pbp/ep-20260920-230959
251,Texas Longhorns,2015,Tyrone Swoopes,swoopes t,2,true,94,-20.4067,espn-pbp/ep-20260920-230959
2640,Texas Southern Tigers,2015,Johnathan Bowen,bowen j,2,true,60,-3.3669,espn-pbp/ep-20260920-230959
2640,Texas Southern Tigers,2015,Averion Hurts,hurts a,1,false,34,10.3666,espn-pbp/ep-20260920-230959
2640,Texas Southern Tigers,2015,Homer Causey,causey h,1,false,16,-3.8433,espn-pbp/ep-20260920-230959
326,Texas State Bobcats,2015,Tyler Jones,jones t,11,true,354,22.5785,espn-pbp/ep-20260920-230959
2641,Texas Tech Red Raiders,2015,Patrick Mahomes,mahomes p,13,true,569,45.6800,espn-pbp/ep-20260920-230959
2643,The Citadel Bulldogs,2015,Dominique Allen,allen d,13,true,86,1.6691,espn-pbp/ep-20260920-230959
2649,Toledo Rockets,2015,Phillip Ely,ely p,11,true,376,42.3349,espn-pbp/ep-20260920-230959
119,Towson Tigers,2015,Connor Frazier,frazier c,10,true,273,45.7294,espn-pbp/ep-20260920-230959
119,Towson Tigers,2015,Heath Dahlgren,dahlgren h,1,false,17,6.8742,espn-pbp/ep-20260920-230959
2653,Troy Trojans,2015,Brandon Silvers,silvers b,11,true,336,41.9053,espn-pbp/ep-20260920-230959
2653,Troy Trojans,2015,Dontreal Pruitt,pruitt d,1,false,33,1.1494,espn-pbp/ep-20260920-230959
2653,Troy Trojans,2015,Dallas Tidwell,tidwell d,0,false,54,-5.7215,espn-pbp/ep-20260920-230959
2655,Tulane Green Wave,2015,Tanner Lee,lee t,8,true,240,2.1426,espn-pbp/ep-20260920-230959
2655,Tulane Green Wave,2015,Jordy Joseph,joseph j,2,false,88,2.4346,espn-pbp/ep-20260920-230959
2655,Tulane Green Wave,2015,Devin Powell,powell d,1,false,36,-9.8660,espn-pbp/ep-20260920-230959
2655,Tulane Green Wave,2015,Bryant Shirreffs,shirreffs b,1,false,,,espn-pbp/ep-20260920-230959
202,Tulsa Golden Hurricane,2015,Dane Evans,evans d,13,true,498,119.2500,espn-pbp/ep-20260920-230959
399,UAlbany Great Danes,2015,D.J. Crook,j. crook d,6,true,184,-10.5587,espn-pbp/ep-20260920-230959
399,UAlbany Great Danes,2015,Neven Sussman,sussman n,4,false,93,-39.3523,espn-pbp/ep-20260920-230959
302,UC Davis Aggies,2015,Ben Scott,scott b,7,true,227,29.1170,espn-pbp/ep-20260920-230959
302,UC Davis Aggies,2015,C.J. Spencer,j. spencer c,3,false,122,13.3644,espn-pbp/ep-20260920-230959
2116,UCF Knights,2015,Justin Holman,holman j,8,true,263,-54.9904,espn-pbp/ep-20260920-230959
2116,UCF Knights,2015,Bo Schneider,schneider b,4,false,109,-24.7208,espn-pbp/ep-20260920-230959
2116,UCF Knights,2015,Tyler Harris,harris t,0,false,63,-5.6536,espn-pbp/ep-20260920-230959
26,UCLA Bruins,2015,Josh Rosen,rosen j,13,true,487,74.8423,espn-pbp/ep-20260920-230959
41,UConn Huskies,2015,Bryant Shirreffs,shirreffs b,10,true,268,42.0204,espn-pbp/ep-20260920-230959
41,UConn Huskies,2015,Tim Boyle,boyle t,2,false,61,-8.8110,espn-pbp/ep-20260920-230959
41,UConn Huskies,2015,Tanner Lee,lee t,1,false,,,espn-pbp/ep-20260920-230959
2433,UL Monroe Warhawks,2015,Garrett Smith,smith g,10,true,337,10.3462,espn-pbp/ep-20260920-230959
2433,UL Monroe Warhawks,2015,Earnest Carrington,carrington e,3,false,118,-34.3506,espn-pbp/ep-20260920-230959
2439,UNLV Rebels,2015,Blake Decker,decker b,9,true,220,23.2794,espn-pbp/ep-20260920-230959
2439,UNLV Rebels,2015,Kurt Palandech,palandech k,3,false,153,-21.7865,espn-pbp/ep-20260920-230959
30,USC Trojans,2015,Cody Kessler,kessler c,14,true,459,102.8417,espn-pbp/ep-20260920-230959
2630,UT Martin Skyhawks,2015,Jarod Neal,neal j,11,true,417,101.3482,espn-pbp/ep-20260920-230959
2638,UTEP Miners,2015,Mack Leftwich,leftwich m,6,true,154,4.4720,espn-pbp/ep-20260920-230959
2638,UTEP Miners,2015,Ryan Metz,metz r,4,false,86,-6.0260,espn-pbp/ep-20260920-230959
2638,UTEP Miners,2015,Andrew McNulty,mcnulty a,1,false,,,espn-pbp/ep-20260920-230959
2636,UTSA Roadrunners,2015,Dalton Sturm,sturm d,7,false,209,23.7872,espn-pbp/ep-20260920-230959
2636,UTSA Roadrunners,2015,Blake Bogenschutz,bogenschutz b,5,true,107,-2.5898,espn-pbp/ep-20260920-230959
328,Utah State Aggies,2015,Kent Myers,myers k,7,false,200,23.4851,espn-pbp/ep-20260920-230959
328,Utah State Aggies,2015,Chuckie Keeton,keeton c,6,true,206,-27.9418,espn-pbp/ep-20260920-230959
254,Utah Utes,2015,Travis Wilson,wilson t,12,true,321,33.0832,espn-pbp/ep-20260920-230959
254,Utah Utes,2015,Kendal Thompson,thompson k,1,false,38,14.8589,espn-pbp/ep-20260920-230959
2678,VMI Keydets,2015,Al Cobb,cobb a,10,true,389,41.0912,espn-pbp/ep-20260920-230959
2678,VMI Keydets,2015,Hayden Alford,alford h,1,false,42,-15.3985,espn-pbp/ep-20260920-230959
2674,Valparaiso Beacons,2015,Ryan Clarke,clarke r,6,false,160,4.6047,espn-pbp/ep-20260920-230959
2674,Valparaiso Beacons,2015,Scott Staal,staal s,2,false,169,-18.2327,espn-pbp/ep-20260920-230959
2674,Valparaiso Beacons,2015,Dalton Stokes,stokes d,2,true,32,-9.1602,espn-pbp/ep-20260920-230959
238,Vanderbilt Commodores,2015,Johnny McCrary,mccrary j,7,true,271,-6.5270,espn-pbp/ep-20260920-230959
238,Vanderbilt Commodores,2015,Kyle Shurmur,shurmur k,5,false,104,-24.1139,espn-pbp/ep-20260920-230959
222,Villanova Wildcats,2015,Zack Bednarczyk,bednarczyk z,8,false,212,23.8080,espn-pbp/ep-20260920-230959
222,Villanova Wildcats,2015,John Robertson,robertson j,3,true,76,15.5900,espn-pbp/ep-20260920-230959
258,Virginia Cavaliers,2015,Matt Johns,johns m,12,true,412,38.6908,espn-pbp/ep-20260920-230959
259,Virginia Tech Hokies,2015,Michael Brewer,brewer m,7,true,206,20.1282,espn-pbp/ep-20260920-230959
259,Virginia Tech Hokies,2015,Brenden Motley,motley b,6,false,165,11.1267,espn-pbp/ep-20260920-230959
2676,Virginia Union Panthers,2015,Shawheem Dowdy,dowdy s,1,true,20,-14.0376,espn-pbp/ep-20260920-230959
2681,Wagner Seahawks,2015,Alex Thomson,thomson a,9,false,189,-10.5254,espn-pbp/ep-20260920-230959
2681,Wagner Seahawks,2015,Chris Andrews,andrews c,2,true,51,-26.8809,espn-pbp/ep-20260920-230959
154,Wake Forest Demon Deacons,2015,John Wolford,wolford j,10,true,242,19.2901,espn-pbp/ep-20260920-230959
154,Wake Forest Demon Deacons,2015,Kendall Hinton,hinton k,2,false,185,-18.6946,espn-pbp/ep-20260920-230959
2683,Warner Royals,2015,Darrin Davis,davis d,2,true,43,-8.2878,espn-pbp/ep-20260920-230959
264,Washington Huskies,2015,Jake Browning,browning j,12,true,378,60.9516,espn-pbp/ep-20260920-230959
264,Washington Huskies,2015,K.J. Carta-Samuels,j. carta-samuels k,1,false,24,-1.5865,espn-pbp/ep-20260920-230959
265,Washington State Cougars,2015,Luke Falk,falk l,12,true,637,129.2466,espn-pbp/ep-20260920-230959
265,Washington State Cougars,2015,Peyton Bender,bender p,1,false,91,-7.8625,espn-pbp/ep-20260920-230959
2691,Webber International Warriors,2015,Billy Pavlock,pavlock b,1,true,19,0.3088,espn-pbp/ep-20260920-230959
2692,Weber State Wildcats,2015,Jadrian Clark,clark j,10,true,302,-44.9350,espn-pbp/ep-20260920-230959
277,West Virginia Mountaineers,2015,Skyler Howard,howard s,13,true,401,41.1169,espn-pbp/ep-20260920-230959
2717,Western Carolina Catamounts,2015,Troy Mitchell,mitchell t,10,true,308,55.4950,espn-pbp/ep-20260920-230959
2710,Western Illinois Leathernecks,2015,Trenton Norvell,norvell t,9,true,322,6.0665,espn-pbp/ep-20260920-230959
2710,Western Illinois Leathernecks,2015,Sean McGuire,mcguire s,3,false,116,2.3472,espn-pbp/ep-20260920-230959
98,Western Kentucky Hilltoppers,2015,Brandon Doughty,doughty b,13,true,520,181.5930,espn-pbp/ep-20260920-230959
2711,Western Michigan Broncos,2015,Zach Terrell,terrell z,12,true,383,92.6790,espn-pbp/ep-20260920-230959
2703,Western New Mexico Mustangs,2015,Mitch Glasmann,glasmann m,1,true,49,-5.6360,espn-pbp/ep-20260920-230959
2848,Western Oregon Wolves,2015,Trey Shimabukuro,shimabukuro t,1,true,35,-15.9868,espn-pbp/ep-20260920-230959
2729,William & Mary Tribe,2015,Steve Cluley,cluley s,12,true,358,60.8091,espn-pbp/ep-20260920-230959
2911,William Jewell Cardinals,2015,Nick West,west n,1,true,41,-5.1270,espn-pbp/ep-20260920-230959
275,Wisconsin Badgers,2015,Joel Stave,stave j,13,true,341,74.9509,espn-pbp/ep-20260920-230959
2747,Wofford Terriers,2015,Evan Jacks,jacks e,7,false,66,15.9520,espn-pbp/ep-20260920-230959
2747,Wofford Terriers,2015,Brad Butler,butler b,3,false,15,0.2915,espn-pbp/ep-20260920-230959
2747,Wofford Terriers,2015,Brandon Goodson,goodson b,1,true,13,-4.8683,espn-pbp/ep-20260920-230959
2751,Wyoming Cowboys,2015,Cameron Coffman,coffman c,9,true,249,36.8085,espn-pbp/ep-20260920-230959
2751,Wyoming Cowboys,2015,Nick Smith,smith n,2,false,63,-9.6331,espn-pbp/ep-20260920-230959
2751,Wyoming Cowboys,2015,Josh Allen,allen j,1,false,7,2.4135,espn-pbp/ep-20260920-230959
43,Yale Bulldogs,2015,Morgan Roberts,roberts m,10,true,422,-7.5050,espn-pbp/ep-20260920-230959
2754,Youngstown State Penguins,2015,Hunter Wells,wells h,11,true,272,17.2202,espn-pbp/ep-20260920-230959
2000,Abilene Christian Wildcats,2016,Dallas Sealey,sealey d,9,true,345,50.6780,espn-pbp/ep-20260920-230959
2000,Abilene Christian Wildcats,2016,Parker McKenzie,mckenzie p,1,false,70,-5.5664,espn-pbp/ep-20260920-230959
2005,Air Force Falcons,2016,Nate Romine,romine n,8,true,108,21.7932,espn-pbp/ep-20260920-230959
2005,Air Force Falcons,2016,Arion Worthman,worthman a,4,false,33,23.6785,espn-pbp/ep-20260920-230959
2006,Akron Zips,2016,Thomas Woodson,woodson t,7,true,256,65.4879,espn-pbp/ep-20260920-230959
2006,Akron Zips,2016,Tra'Von Chapman,chapman t,4,false,122,-15.8646,espn-pbp/ep-20260920-230959
2006,Akron Zips,2016,Tyrell Goodman,goodman t,1,false,37,-4.9216,espn-pbp/ep-20260920-230959
2010,Alabama A&M Bulldogs,2016,De'Angelo Ballard,ballard d,4,true,83,-29.5931,espn-pbp/ep-20260920-230959
333,Alabama Crimson Tide,2016,Jalen Hurts,hurts j,14,false,383,26.0881,espn-pbp/ep-20260920-230959
333,Alabama Crimson Tide,2016,Blake Barnett,barnett b,1,true,19,6.6208,espn-pbp/ep-20260920-230959
2011,Alabama State Hornets,2016,Jujuan Young-Battle,young-battle j,2,true,40,-5.4568,espn-pbp/ep-20260920-230959
2016,Alcorn State Braves,2016,Lenorris Footman,footman l,4,false,95,34.2205,espn-pbp/ep-20260920-230959
2016,Alcorn State Braves,2016,Noah Johnson,johnson n,3,true,87,-5.1176,espn-pbp/ep-20260920-230959
2017,Alderson Broaddus Battlers,2016,Dakota Bruggeman,bruggeman d,1,true,24,-1.3923,espn-pbp/ep-20260920-230959
2026,App State Mountaineers,2016,Taylor Lamb,lamb t,12,true,307,53.9721,espn-pbp/ep-20260920-230959
9,Arizona State Sun Devils,2016,Manny Wilkins,wilkins m,10,true,312,42.1518,espn-pbp/ep-20260920-230959
9,Arizona State Sun Devils,2016,Dillon Sterling-Cole,sterling-cole d,1,false,55,-1.9187,espn-pbp/ep-20260920-230959
9,Arizona State Sun Devils,2016,Brady White,white b,1,false,49,-6.4687,espn-pbp/ep-20260920-230959
12,Arizona Wildcats,2016,Brandon Dawkins,dawkins b,8,true,165,6.4356,espn-pbp/ep-20260920-230959
12,Arizona Wildcats,2016,Khalil Tate,tate k,1,false,50,-6.6360,espn-pbp/ep-20260920-230959
12,Arizona Wildcats,2016,Anu Solomon,solomon a,1,false,28,4.2056,espn-pbp/ep-20260920-230959
8,Arkansas Razorbacks,2016,Austin Allen,allen a,13,true,403,122.8587,espn-pbp/ep-20260920-230959
2032,Arkansas State Red Wolves,2016,Justice Hansen,hansen j,10,false,346,41.5838,espn-pbp/ep-20260920-230959
2032,Arkansas State Red Wolves,2016,Chad Voytik,voytik c,3,true,58,-22.8052,espn-pbp/ep-20260920-230959
2029,Arkansas-Pine Bluff Golden Lions,2016,Brandon Duncan,duncan b,6,true,210,-5.1383,espn-pbp/ep-20260920-230959
2029,Arkansas-Pine Bluff Golden Lions,2016,LaEarl Patterson,patterson l,1,false,56,-24.0166,espn-pbp/ep-20260920-230959
349,Army Black Knights,2016,Ahmad Bradshaw,bradshaw a,11,true,85,-6.3953,espn-pbp/ep-20260920-230959
349,Army Black Knights,2016,"Carter, Chris post",carter c,1,false,22,1.9668,espn-pbp/ep-20260920-230959
2,Auburn Tigers,2016,Sean White,white s,9,false,210,41.0441,espn-pbp/ep-20260920-230959
2,Auburn Tigers,2016,Jeremy Johnson,johnson j,3,true,47,0.7282,espn-pbp/ep-20260920-230959
2,Auburn Tigers,2016,John Franklin III,franklin j,1,false,26,0.1471,espn-pbp/ep-20260920-230959
2046,Austin Peay Governors,2016,Timarious Mitchell,mitchell t,5,true,120,14.9726,espn-pbp/ep-20260920-230959
2046,Austin Peay Governors,2016,JaVaughn Craig,craig j,3,false,74,-12.3959,espn-pbp/ep-20260920-230959
2046,Austin Peay Governors,2016,Tommy Hays,hays t,2,false,49,6.2981,espn-pbp/ep-20260920-230959
252,BYU Cougars,2016,Taysom Hill,hill t,11,true,361,-3.1074,espn-pbp/ep-20260920-230959
252,BYU Cougars,2016,Tanner Mangum,mangum t,1,false,36,9.1204,espn-pbp/ep-20260920-230959
487,Bacone College Warriors,2016,Trey Seward,seward t,1,true,23,-8.9710,espn-pbp/ep-20260920-230959
2050,Ball State Cardinals,2016,Riley Neal,neal r,11,true,409,31.2686,espn-pbp/ep-20260920-230959
2050,Ball State Cardinals,2016,Jack Milas,milas j,1,false,38,-13.4525,espn-pbp/ep-20260920-230959
239,Baylor Bears,2016,Seth Russell,russell s,9,true,269,4.4869,espn-pbp/ep-20260920-230959
239,Baylor Bears,2016,Zach Smith,smith z,4,false,196,17.9321,espn-pbp/ep-20260920-230959
490,Benedict College Tigers,2016,Phillip Brown,brown p,1,true,5,-8.4859,espn-pbp/ep-20260920-230959
2065,Bethune-Cookman Wildcats,2016,Larry Brihm Jr.,brihm l,5,true,139,17.1136,espn-pbp/ep-20260920-230959
2065,Bethune-Cookman Wildcats,2016,Akevious Williams,williams a,1,false,81,6.5716,espn-pbp/ep-20260920-230959
2065,Bethune-Cookman Wildcats,2016,Anthony Cruz,cruz a,1,false,5,-3.6445,espn-pbp/ep-20260920-230959
495,Bluefield University Ramblin' Rams,2016,Ashten Dixon,dixon a,1,true,10,-9.1245,espn-pbp/ep-20260920-230959
68,Boise State Broncos,2016,Brett Rypien,rypien b,13,true,389,104.3422,espn-pbp/ep-20260920-230959
103,Boston College Eagles,2016,Patrick Towles,towles p,13,true,283,-30.8284,espn-pbp/ep-20260920-230959
2075,Bowie State Bulldogs,2016,Amir Hall,hall a,1,true,52,9.3040,espn-pbp/ep-20260920-230959
189,Bowling Green Falcons,2016,James Morgan,morgan j,7,false,303,0.3712,espn-pbp/ep-20260920-230959
189,Bowling Green Falcons,2016,James Knapke,knapke j,4,true,48,-28.0932,espn-pbp/ep-20260920-230959
225,Brown Bears,2016,Kyle Moreno,moreno k,4,true,150,-3.7397,espn-pbp/ep-20260920-230959
225,Brown Bears,2016,Thomas Linta,linta t,4,false,105,-12.6579,espn-pbp/ep-20260920-230959
2803,Bryant Bulldogs,2016,Dalton Easton,easton d,11,true,353,78.8496,espn-pbp/ep-20260920-230959
2083,Bucknell Bison,2016,R.J. Nitti,j. nitti r,5,false,86,-4.1037,espn-pbp/ep-20260920-230959
2083,Bucknell Bison,2016,Matt Muh,muh m,4,true,82,-1.6243,espn-pbp/ep-20260920-230959
2083,Bucknell Bison,2016,John Chiarolanzio,chiarolanzio j,0,false,79,-2.1819,espn-pbp/ep-20260920-230959
2084,Buffalo Bulls,2016,Tyree Jackson,jackson t,9,false,315,-39.4292,espn-pbp/ep-20260920-230959
2084,Buffalo Bulls,2016,Grant Rohach,rohach g,3,true,85,1.6527,espn-pbp/ep-20260920-230959
2086,Butler Bulldogs,2016,Malcolm Weaver,weaver m,7,true,214,-0.6783,espn-pbp/ep-20260920-230959
2086,Butler Bulldogs,2016,Will Marty,marty w,3,false,107,0.5380,espn-pbp/ep-20260920-230959
13,Cal Poly Mustangs,2016,Dano Graves,graves d,10,true,115,64.4929,espn-pbp/ep-20260920-230959
25,California Golden Bears,2016,Davis Webb,webb d,12,true,636,37.4770,espn-pbp/ep-20260920-230959
2097,Campbell Fighting Camels,2016,Anthony Robbins,robbins a,4,false,165,-15.6364,espn-pbp/ep-20260920-230959
2097,Campbell Fighting Camels,2016,Elijah Burress,burress e,4,true,73,2.9900,espn-pbp/ep-20260920-230959
2110,Central Arkansas Bears,2016,Hayden Hildebrand,hildebrand h,12,true,375,61.9940,espn-pbp/ep-20260920-230959
2115,Central Connecticut Blue Devils,2016,Jacob Dolegala,dolegala j,11,true,386,36.1673,espn-pbp/ep-20260920-230959
2117,Central Michigan Chippewas,2016,Cooper Rush,rush c,13,true,399,30.7015,espn-pbp/ep-20260920-230959
2120,Central Washington Wildcats,2016,Justin Lane,lane j,1,true,36,2.3104,espn-pbp/ep-20260920-230959
2127,Charleston Southern Buccaneers,2016,Shane Bucenell,bucenell s,8,false,114,34.5421,espn-pbp/ep-20260920-230959
2127,Charleston Southern Buccaneers,2016,Kyle Copeland,copeland k,2,true,19,-0.4764,espn-pbp/ep-20260920-230959
2127,Charleston Southern Buccaneers,2016,Robert Mitchell,mitchell r,1,false,42,-13.2736,espn-pbp/ep-20260920-230959
2429,Charlotte 49ers,2016,Hasaan Klugh,klugh h,7,false,229,-2.6017,espn-pbp/ep-20260920-230959
2429,Charlotte 49ers,2016,Kevin Olsen,olsen k,4,true,150,-30.1485,espn-pbp/ep-20260920-230959
236,Chattanooga Mocs,2016,Alejandro Bennifield,bennifield a,13,true,328,49.4331,espn-pbp/ep-20260920-230959
2132,Cincinnati Bearcats,2016,Hayden Moore,moore h,7,true,258,19.3785,espn-pbp/ep-20260920-230959
2132,Cincinnati Bearcats,2016,Gunner Kiel,kiel g,3,false,132,0.4149,espn-pbp/ep-20260920-230959
2132,Cincinnati Bearcats,2016,Ross Trail,trail r,2,false,72,16.5348,espn-pbp/ep-20260920-230959
2805,Clark Atlanta Panthers,2016,Dashawn Blow,blow d,1,true,25,-3.7039,espn-pbp/ep-20260920-230959
228,Clemson Tigers,2016,Deshaun Watson,watson d,15,true,577,149.5118,espn-pbp/ep-20260920-230959
324,Coastal Carolina Chanticleers,2016,Tyler Keane,keane t,6,false,102,21.9488,espn-pbp/ep-20260920-230959
324,Coastal Carolina Chanticleers,2016,Josh Stilley,stilley j,2,true,34,0.2604,espn-pbp/ep-20260920-230959
324,Coastal Carolina Chanticleers,2016,Tyler Chadwick,chadwick t,2,false,24,0.1266,espn-pbp/ep-20260920-230959
324,Coastal Carolina Chanticleers,2016,Austin Bradley,bradley a,1,false,20,-10.5898,espn-pbp/ep-20260920-230959
2142,Colgate Raiders,2016,Jake Melville,melville j,10,true,218,-1.8809,espn-pbp/ep-20260920-230959
38,Colorado Buffaloes,2016,Sefo Liufau,liufau s,9,true,300,69.7171,espn-pbp/ep-20260920-230959
38,Colorado Buffaloes,2016,Steven Montez,montez s,4,false,141,10.2981,espn-pbp/ep-20260920-230959
36,Colorado State Rams,2016,Nick Stevens,stevens n,7,true,172,49.2136,espn-pbp/ep-20260920-230959
36,Colorado State Rams,2016,Collin Hill,hill c,4,false,129,34.3135,espn-pbp/ep-20260920-230959
36,Colorado State Rams,2016,Faton Bauta,bauta f,1,false,30,-11.0390,espn-pbp/ep-20260920-230959
171,Columbia Lions,2016,Anders Hill,hill a,8,false,254,4.5901,espn-pbp/ep-20260920-230959
171,Columbia Lions,2016,Skyler Mornhinweg,mornhinweg s,2,true,71,-19.5086,espn-pbp/ep-20260920-230959
2985,Concordia College (MI) Cardinals,2016,Seth Suida,suida s,1,true,16,-8.0682,espn-pbp/ep-20260920-230959
172,Cornell Big Red,2016,Dalton Banks,banks d,10,true,354,20.3641,espn-pbp/ep-20260920-230959
2161,Cumberland (TN) Bulldogs,2016,Justin Snyder,snyder j,1,true,36,-0.9837,espn-pbp/ep-20260920-230959
159,Dartmouth Big Green,2016,Jack Heneghan,heneghan j,9,true,424,23.4171,espn-pbp/ep-20260920-230959
159,Dartmouth Big Green,2016,Bruce Dixon IV,dixon b,1,false,8,-3.2060,espn-pbp/ep-20260920-230959
2166,Davidson Wildcats,2016,Stockton McGuire,mcguire s,6,true,154,-62.4556,espn-pbp/ep-20260920-230959
2166,Davidson Wildcats,2016,Taylor Mitchell,mitchell t,2,false,63,2.6038,espn-pbp/ep-20260920-230959
2168,Dayton Flyers,2016,Alex Jeske,jeske a,9,true,223,25.4426,espn-pbp/ep-20260920-230959
48,Delaware Blue Hens,2016,Joe Walker,walker j,9,true,153,-25.7947,espn-pbp/ep-20260920-230959
48,Delaware Blue Hens,2016,Blake Rankin,rankin b,1,false,25,-5.8370,espn-pbp/ep-20260920-230959
2169,Delaware State Hornets,2016,Daniel Epperson,epperson d,5,false,105,-4.7750,espn-pbp/ep-20260920-230959
2169,Delaware State Hornets,2016,Gil Rivera,rivera g,2,false,69,14.5043,espn-pbp/ep-20260920-230959
2169,Delaware State Hornets,2016,Kobie Lain,lain k,1,true,28,-13.0815,espn-pbp/ep-20260920-230959
2181,Drake Bulldogs,2016,Grant Kraemer,kraemer g,8,false,294,64.1017,espn-pbp/ep-20260920-230959
2181,Drake Bulldogs,2016,Cody Thibault,thibault c,1,true,21,-6.0767,espn-pbp/ep-20260920-230959
150,Duke Blue Devils,2016,Daniel Jones,jones d,11,true,431,61.9995,espn-pbp/ep-20260920-230959
2184,Duquesne Dukes,2016,Dillon Buechel,buechel d,10,true,340,72.1238,espn-pbp/ep-20260920-230959
151,East Carolina Pirates,2016,Philip Nelson,nelson p,10,true,363,75.2485,espn-pbp/ep-20260920-230959
151,East Carolina Pirates,2016,Gardner Minshew,minshew g,2,false,204,25.9758,espn-pbp/ep-20260920-230959
2193,East Tennessee State Buccaneers,2016,Austin Herink,herink a,11,true,284,7.2546,espn-pbp/ep-20260920-230959
2197,Eastern Illinois Panthers,2016,Mitch Kimble,kimble m,7,true,195,27.5532,espn-pbp/ep-20260920-230959
2197,Eastern Illinois Panthers,2016,Austin Green,green a,3,false,110,4.4439,espn-pbp/ep-20260920-230959
2197,Eastern Illinois Panthers,2016,Jared Pilson,pilson j,1,false,14,12.0554,espn-pbp/ep-20260920-230959
2198,Eastern Kentucky Colonels,2016,Bennie Coney,coney b,5,true,164,43.0223,espn-pbp/ep-20260920-230959
2198,Eastern Kentucky Colonels,2016,Tyler Swafford,swafford t,4,false,137,-1.7626,espn-pbp/ep-20260920-230959
2198,Eastern Kentucky Colonels,2016,Maty Mauk,mauk m,1,false,42,-1.3558,espn-pbp/ep-20260920-230959
2198,Eastern Kentucky Colonels,2016,Eli Jenkins,jenkins e,1,false,23,-6.3248,espn-pbp/ep-20260920-230959
2199,Eastern Michigan Eagles,2016,Brogan Roback,roback b,8,false,388,62.0313,espn-pbp/ep-20260920-230959
2199,Eastern Michigan Eagles,2016,Todd Porter,porter t,5,true,147,27.4431,espn-pbp/ep-20260920-230959
331,Eastern Washington Eagles,2016,Gage Gubrud,gubrud g,14,true,585,198.1269,espn-pbp/ep-20260920-230959
2206,Edward Waters Tigers,2016,Tyler Mahla,mahla t,1,true,30,-5.6679,espn-pbp/ep-20260920-230959
2207,Elizabeth City State Vikings,2016,Daquan Neal,neal d,2,true,74,-36.9675,espn-pbp/ep-20260920-230959
2210,Elon Phoenix,2016,Daniel Thompson,thompson d,10,false,312,-48.0246,espn-pbp/ep-20260920-230959
2210,Elon Phoenix,2016,Connor Christiansen,christiansen c,1,true,24,-1.3693,espn-pbp/ep-20260920-230959
2220,Fayetteville State Broncos,2016,DeMarius Davis,davis d,1,true,19,-9.0633,espn-pbp/ep-20260920-230959
50,Florida A&M Rattlers,2016,Ryan Stanley,stanley r,3,false,91,-4.2004,espn-pbp/ep-20260920-230959
50,Florida A&M Rattlers,2016,Kenneth Coleman,coleman k,1,true,19,0.2709,espn-pbp/ep-20260920-230959
2226,Florida Atlantic Owls,2016,Jason Driskel,driskel j,10,true,291,19.5882,espn-pbp/ep-20260920-230959
2226,Florida Atlantic Owls,2016,Daniel Parr,parr d,1,false,30,-14.1759,espn-pbp/ep-20260920-230959
57,Florida Gators,2016,Austin Appleby,appleby a,7,false,209,1.2579,espn-pbp/ep-20260920-230959
57,Florida Gators,2016,Luke Del Rio,del rio l,6,true,201,13.5655,espn-pbp/ep-20260920-230959
2229,Florida International Panthers,2016,Alex McGough,mcgough a,8,true,333,16.8445,espn-pbp/ep-20260920-230959
2229,Florida International Panthers,2016,Maurice Alexander,alexander m,4,false,95,2.0199,espn-pbp/ep-20260920-230959
52,Florida State Seminoles,2016,Deondre Francois,francois d,13,true,405,77.6310,espn-pbp/ep-20260920-230959
53,Florida Tech Panthers,2016,Mark Cato,cato m,1,true,33,0.4030,espn-pbp/ep-20260920-230959
2230,Fordham Rams,2016,Kevin Anderson,anderson k,10,true,329,92.9757,espn-pbp/ep-20260920-230959
2230,Fordham Rams,2016,Luke Medlock,medlock l,1,false,27,-1.0457,espn-pbp/ep-20260920-230959
2233,Franklin Grizzlies,2016,Chase Burton,burton c,1,true,36,-1.3122,espn-pbp/ep-20260920-230959
278,Fresno State Bulldogs,2016,Chason Virgil,virgil c,9,true,329,-3.2177,espn-pbp/ep-20260920-230959
278,Fresno State Bulldogs,2016,Zach Kline,kline z,3,false,83,-5.9930,espn-pbp/ep-20260920-230959
231,Furman Paladins,2016,Reese Hannon,hannon r,8,false,299,88.2476,espn-pbp/ep-20260920-230959
231,Furman Paladins,2016,P.J. Blazejowski,j. blazejowski p,2,true,46,-8.1724,espn-pbp/ep-20260920-230959
2241,Gardner-Webb Runnin' Bulldogs,2016,Tyrell Maxwell,maxwell t,11,true,217,-5.9839,espn-pbp/ep-20260920-230959
46,Georgetown Hoyas,2016,Clay Norris,norris c,4,false,127,-33.1187,espn-pbp/ep-20260920-230959
46,Georgetown Hoyas,2016,Tim Barnes,barnes t,2,true,16,-8.5400,espn-pbp/ep-20260920-230959
46,Georgetown Hoyas,2016,Brock Johnson,johnson b,1,false,38,-17.0525,espn-pbp/ep-20260920-230959
61,Georgia Bulldogs,2016,Jacob Eason,eason j,12,false,371,-7.6176,espn-pbp/ep-20260920-230959
61,Georgia Bulldogs,2016,Greyson Lambert,lambert g,1,true,12,0.8479,espn-pbp/ep-20260920-230959
290,Georgia Southern Eagles,2016,Kevin Ellison,ellison k,6,true,107,12.1560,espn-pbp/ep-20260920-230959
290,Georgia Southern Eagles,2016,Favian Upshaw,upshaw f,4,false,88,23.2807,espn-pbp/ep-20260920-230959
290,Georgia Southern Eagles,2016,Seth Shuman,shuman s,2,false,71,-12.0112,espn-pbp/ep-20260920-230959
2247,Georgia State Panthers,2016,Conner Manning,manning c,10,true,383,20.3469,espn-pbp/ep-20260920-230959
2247,Georgia State Panthers,2016,Aaron Winchester,winchester a,2,false,46,-5.8352,espn-pbp/ep-20260920-230959
59,Georgia Tech Yellow Jackets,2016,Justin Thomas,thomas j,12,true,157,47.2308,espn-pbp/ep-20260920-230959
59,Georgia Tech Yellow Jackets,2016,Matthew Jordan,jordan m,1,false,9,-0.4004,espn-pbp/ep-20260920-230959
2755,Grambling Tigers,2016,DeVante Kincade,kincade d,5,true,133,25.6261,espn-pbp/ep-20260920-230959
2261,Hampton Pirates,2016,Jaylian Williamson,williamson j,8,true,258,12.9025,espn-pbp/ep-20260920-230959
108,Harvard Crimson,2016,Joseph Viviano III,viviano j,9,true,261,43.2803,espn-pbp/ep-20260920-230959
62,Hawai'i Rainbow Warriors,2016,Dru Brown,brown d,9,false,301,43.5824,espn-pbp/ep-20260920-230959
62,Hawai'i Rainbow Warriors,2016,Ikaika Woolsey,woolsey i,4,true,92,-18.2329,espn-pbp/ep-20260920-230959
62,Hawai'i Rainbow Warriors,2016,Brent Stockstill,stockstill b,1,false,,,espn-pbp/ep-20260920-230959
107,Holy Cross Crusaders,2016,Peter Pujals,pujals p,4,true,174,27.3031,espn-pbp/ep-20260920-230959
107,Holy Cross Crusaders,2016,Geoff Wade,wade g,4,false,113,6.8476,espn-pbp/ep-20260920-230959
107,Holy Cross Crusaders,2016,Blaise Bell,bell b,1,false,53,-20.1435,espn-pbp/ep-20260920-230959
2277,Houston Christian Huskies,2016,Tony Dawson,dawson t,11,true,288,-26.0878,espn-pbp/ep-20260920-230959
248,Houston Cougars,2016,Greg Ward Jr.,ward g,12,true,466,99.4431,espn-pbp/ep-20260920-230959
248,Houston Cougars,2016,Kyle Postma,postma k,1,false,46,2.5014,espn-pbp/ep-20260920-230959
47,Howard Bison,2016,Kalen Johnson,johnson k,5,true,142,4.1881,espn-pbp/ep-20260920-230959
304,Idaho State Bengals,2016,Tanner Gueller,gueller t,9,true,378,-41.9718,espn-pbp/ep-20260920-230959
304,Idaho State Bengals,2016,Trae Pilster,pilster t,1,false,48,-4.6452,espn-pbp/ep-20260920-230959
70,Idaho Vandals,2016,Matt Linehan,linehan m,11,true,325,55.8175,espn-pbp/ep-20260920-230959
356,Illinois Fighting Illini,2016,Wes Lunt,lunt w,7,true,239,-1.1893,espn-pbp/ep-20260920-230959
356,Illinois Fighting Illini,2016,Jeff George Jr.,george j,4,false,95,-39.0941,espn-pbp/ep-20260920-230959
356,Illinois Fighting Illini,2016,Chayce Crouch,crouch c,1,false,34,1.9326,espn-pbp/ep-20260920-230959
2287,Illinois State Redbirds,2016,Jake Kolbe,kolbe j,11,true,334,67.0221,espn-pbp/ep-20260920-230959
2287,Illinois State Redbirds,2016,Tristan Smith,smith t,1,false,10,-7.8281,espn-pbp/ep-20260920-230959
2916,Incarnate Word Cardinals,2016,Trent Brittain,brittain t,9,true,296,-0.4766,espn-pbp/ep-20260920-230959
84,Indiana Hoosiers,2016,Richard Lagow,lagow r,13,true,485,59.0817,espn-pbp/ep-20260920-230959
282,Indiana State Sycamores,2016,Isaac Harker,harker i,10,true,380,21.8968,espn-pbp/ep-20260920-230959
282,Indiana State Sycamores,2016,Aaron Young,young a,1,false,42,-12.2302,espn-pbp/ep-20260920-230959
2294,Iowa Hawkeyes,2016,C.J. Beathard,j. beathard c,13,true,275,11.8420,espn-pbp/ep-20260920-230959
66,Iowa State Cyclones,2016,Joel Lanning,lanning j,9,true,174,10.1461,espn-pbp/ep-20260920-230959
66,Iowa State Cyclones,2016,Jacob Park,park j,3,false,235,50.1259,espn-pbp/ep-20260920-230959
2296,Jackson State Tigers,2016,LaMontiez Ivy,ivy l,2,true,88,-17.0187,espn-pbp/ep-20260920-230959
2296,Jackson State Tigers,2016,Jarin Morikawa,morikawa j,2,false,77,1.0160,espn-pbp/ep-20260920-230959
2296,Jackson State Tigers,2016,Brent Lyles,lyles b,1,false,36,8.4879,espn-pbp/ep-20260920-230959
294,Jacksonville Dolphins,2016,Rylan Wells,wells r,9,true,182,28.5421,espn-pbp/ep-20260920-230959
55,Jacksonville State Gamecocks,2016,Eli Jenkins,jenkins e,11,true,302,10.8144,espn-pbp/ep-20260920-230959
55,Jacksonville State Gamecocks,2016,Bennie Coney,coney b,1,false,17,-5.0702,espn-pbp/ep-20260920-230959
256,James Madison Dukes,2016,Bryan Schor,schor b,14,true,297,168.1592,espn-pbp/ep-20260920-230959
256,James Madison Dukes,2016,Cole Johnson,johnson c,1,false,31,14.7756,espn-pbp/ep-20260920-230959
2304,Johnson C Smith Golden Bulls,2016,Jordan Lane,lane j,1,true,11,-6.0149,espn-pbp/ep-20260920-230959
2305,Kansas Jayhawks,2016,Montell Cozart,cozart m,7,true,191,-33.6818,espn-pbp/ep-20260920-230959
2305,Kansas Jayhawks,2016,Carter Stanley,stanley c,3,false,156,-37.5384,espn-pbp/ep-20260920-230959
2305,Kansas Jayhawks,2016,Ryan Willis,willis r,2,false,119,-10.9920,espn-pbp/ep-20260920-230959
2306,Kansas State Wildcats,2016,Jesse Ertz,ertz j,13,true,257,35.3680,espn-pbp/ep-20260920-230959
338,Kennesaw State Owls,2016,Chandler Burks,burks c,10,false,137,32.7606,espn-pbp/ep-20260920-230959
338,Kennesaw State Owls,2016,Trey White,white t,1,true,10,5.5860,espn-pbp/ep-20260920-230959
2309,Kent State Golden Flashes,2016,Nick Holley,holley n,7,false,152,-16.2779,espn-pbp/ep-20260920-230959
2309,Kent State Golden Flashes,2016,Mylik Mitchell,mitchell m,2,false,40,-8.9387,espn-pbp/ep-20260920-230959
2309,Kent State Golden Flashes,2016,George Bollas,bollas g,1,false,56,-6.3724,espn-pbp/ep-20260920-230959
2309,Kent State Golden Flashes,2016,Justin Agner,agner j,1,true,15,-3.0674,espn-pbp/ep-20260920-230959
2310,Kentucky State Thorobreds,2016,CJ Johnson,johnson c,1,true,12,-3.6409,espn-pbp/ep-20260920-230959
2316,Kentucky Wesleyan Panthers,2016,DaMarcus Smith,smith d,1,true,30,-0.2186,espn-pbp/ep-20260920-230959
96,Kentucky Wildcats,2016,Stephen Johnson,johnson s,10,false,229,-6.5099,espn-pbp/ep-20260920-230959
96,Kentucky Wildcats,2016,Drew Barker,barker d,2,true,36,-8.7966,espn-pbp/ep-20260920-230959
96,Kentucky Wildcats,2016,Luke Wright,wright l,1,false,4,-0.1537,espn-pbp/ep-20260920-230959
99,LSU Tigers,2016,Danny Etling,etling d,10,false,241,33.0287,espn-pbp/ep-20260920-230959
99,LSU Tigers,2016,Brandon Harris,harris b,2,true,26,-5.8943,espn-pbp/ep-20260920-230959
322,Lafayette Leopards,2016,Drew Reed,reed d,9,true,309,22.7923,espn-pbp/ep-20260920-230959
322,Lafayette Leopards,2016,Blake Searfoss,searfoss b,2,false,145,20.1846,espn-pbp/ep-20260920-230959
2320,Lamar Cardinals,2016,Carson Earp,earp c,6,true,127,27.8549,espn-pbp/ep-20260920-230959
2320,Lamar Cardinals,2016,Adam Morse,morse a,3,false,147,-32.0421,espn-pbp/ep-20260920-230959
2320,Lamar Cardinals,2016,Andrew Allen,allen a,1,false,86,-7.9262,espn-pbp/ep-20260920-230959
2320,Lamar Cardinals,2016,"Robinson, Case",robinson c,1,false,19,-1.9160,espn-pbp/ep-20260920-230959
2329,Lehigh Mountain Hawks,2016,Nick Shafnisky,shafnisky n,7,true,202,54.2117,espn-pbp/ep-20260920-230959
2329,Lehigh Mountain Hawks,2016,Brad Mayes,mayes b,2,false,101,42.9983,espn-pbp/ep-20260920-230959
2335,Liberty Flames,2016,Stephen Calvert,calvert s,7,false,280,38.7688,espn-pbp/ep-20260920-230959
2335,Liberty Flames,2016,Stephon Masha,masha s,4,true,75,-24.1852,espn-pbp/ep-20260920-230959
2940,Livingstone Blue Bears,2016,Bryan Digsby,digsby b,1,true,38,6.1341,espn-pbp/ep-20260920-230959
309,Louisiana Ragin' Cajuns,2016,Anthony Jennings,jennings a,13,true,308,2.0815,espn-pbp/ep-20260920-230959
2348,Louisiana Tech Bulldogs,2016,Ryan Higgins,higgins r,13,false,500,200.8807,espn-pbp/ep-20260920-230959
2348,Louisiana Tech Bulldogs,2016,J'mar Smith,smith j,1,true,42,14.1692,espn-pbp/ep-20260920-230959
97,Louisville Cardinals,2016,Lamar Jackson,jackson l,13,true,412,87.5109,espn-pbp/ep-20260920-230959
311,Maine Black Bears,2016,Dan Collins,collins d,10,true,268,19.6130,espn-pbp/ep-20260920-230959
556,Malone Pioneers,2016,John Iacucci,iacucci j,2,true,55,5.4661,espn-pbp/ep-20260920-230959
2368,Marist Red Foxes,2016,Mike White,white m,5,true,211,11.0523,espn-pbp/ep-20260920-230959
2369,Mars Hill Lions,2016,Austin Brown,brown a,1,true,12,3.7527,espn-pbp/ep-20260920-230959
276,Marshall Thundering Herd,2016,Chase Litton,litton c,8,true,338,4.4345,espn-pbp/ep-20260920-230959
276,Marshall Thundering Herd,2016,Garet Morrell,morrell g,2,false,64,-12.9876,espn-pbp/ep-20260920-230959
2371,Mary Hardin-Baylor Crusaders,2016,Blake Jackson,jackson b,1,true,28,2.7918,espn-pbp/ep-20260920-230959
120,Maryland Terrapins,2016,Perry Hills,hills p,11,true,195,22.9772,espn-pbp/ep-20260920-230959
120,Maryland Terrapins,2016,Tyrrell Pigrome,pigrome t,1,false,71,-6.2835,espn-pbp/ep-20260920-230959
120,Maryland Terrapins,2016,Max Bortenschlager,bortenschlager m,1,false,32,-8.8358,espn-pbp/ep-20260920-230959
113,Massachusetts Minutemen,2016,Andrew Ford,ford a,9,false,380,56.2828,espn-pbp/ep-20260920-230959
113,Massachusetts Minutemen,2016,Ross Comis,comis r,3,true,66,-10.6610,espn-pbp/ep-20260920-230959
2816,McKendree Bearcats,2016,B Wildman,wildman b,1,true,30,-0.6922,espn-pbp/ep-20260920-230959
2377,McNeese Cowboys,2016,James Tabary,tabary j,9,true,348,37.8976,espn-pbp/ep-20260920-230959
235,Memphis Tigers,2016,Riley Ferguson,ferguson r,13,true,459,120.1870,espn-pbp/ep-20260920-230959
2382,Mercer Bears,2016,John Russ,russ j,10,true,290,10.3035,espn-pbp/ep-20260920-230959
2771,Merrimack Warriors,2016,Nick Davis,davis n,1,true,51,10.4638,espn-pbp/ep-20260920-230959
193,Miami (OH) RedHawks,2016,Gus Ragland,ragland g,7,false,182,63.4227,espn-pbp/ep-20260920-230959
193,Miami (OH) RedHawks,2016,Billy Bahl,bahl b,5,true,133,30.0367,espn-pbp/ep-20260920-230959
193,Miami (OH) RedHawks,2016,Noah Wezensky,wezensky n,1,false,53,4.3646,espn-pbp/ep-20260920-230959
2390,Miami Hurricanes,2016,Brad Kaaya,kaaya b,13,true,422,83.9471,espn-pbp/ep-20260920-230959
127,Michigan State Spartans,2016,Tyler O'Connor,o'connor t,9,true,264,40.5950,espn-pbp/ep-20260920-230959
127,Michigan State Spartans,2016,Brian Lewerke,lewerke b,2,false,58,-7.5813,espn-pbp/ep-20260920-230959
127,Michigan State Spartans,2016,Damion Terry,terry d,1,false,47,3.8193,espn-pbp/ep-20260920-230959
130,Michigan Wolverines,2016,Wilton Speight,speight w,12,true,320,66.0323,espn-pbp/ep-20260920-230959
130,Michigan Wolverines,2016,John O'Korn,o'korn j,1,false,32,0.5371,espn-pbp/ep-20260920-230959
2393,Middle Tennessee Blue Raiders,2016,Brent Stockstill,stockstill b,9,true,285,66.5280,espn-pbp/ep-20260920-230959
2393,Middle Tennessee Blue Raiders,2016,John Urzua,urzua j,3,false,133,-7.6950,espn-pbp/ep-20260920-230959
2393,Middle Tennessee Blue Raiders,2016,Dru Brown,brown d,1,false,,,espn-pbp/ep-20260920-230959
135,Minnesota Golden Gophers,2016,Mitch Leidner,leidner m,12,true,312,18.4517,espn-pbp/ep-20260920-230959
135,Minnesota Golden Gophers,2016,Conor Rhoda,rhoda c,1,false,18,2.5354,espn-pbp/ep-20260920-230959
344,Mississippi State Bulldogs,2016,Nick Fitzgerald,fitzgerald n,13,true,341,10.3910,espn-pbp/ep-20260920-230959
2400,Mississippi Valley State Delta Devils,2016,Austin Bray,bray a,2,true,74,3.3490,espn-pbp/ep-20260920-230959
2400,Mississippi Valley State Delta Devils,2016,Slade Jarman,jarman s,2,false,60,-3.6903,espn-pbp/ep-20260920-230959
2402,Missouri S&T Miners,2016,Tyler Swart,swart t,1,true,20,-10.7999,espn-pbp/ep-20260920-230959
2623,Missouri State Bears,2016,Brodie Lambert,lambert b,8,true,252,-5.9418,espn-pbp/ep-20260920-230959
2623,Missouri State Bears,2016,Breck Ruddick,ruddick b,1,false,15,7.0731,espn-pbp/ep-20260920-230959
142,Missouri Tigers,2016,Drew Lock,lock d,12,true,453,9.6454,espn-pbp/ep-20260920-230959
2405,Monmouth Hawks,2016,Cody Williams,williams c,7,true,169,0.4205,espn-pbp/ep-20260920-230959
2405,Monmouth Hawks,2016,Kenji Bahar,bahar k,3,false,172,-5.1007,espn-pbp/ep-20260920-230959
149,Montana Grizzlies,2016,Brady Gustafson,gustafson b,8,true,347,64.4252,espn-pbp/ep-20260920-230959
149,Montana Grizzlies,2016,Chad Chalich,chalich c,2,false,82,27.7229,espn-pbp/ep-20260920-230959
147,Montana State Bobcats,2016,Tyler Bruggman,bruggman t,6,true,167,-25.0439,espn-pbp/ep-20260920-230959
147,Montana State Bobcats,2016,Chris Murray,murray c,5,false,104,-15.5651,espn-pbp/ep-20260920-230959
2413,Morehead State Eagles,2016,Austin Gahafer,gahafer a,10,true,424,4.9316,espn-pbp/ep-20260920-230959
2415,Morgan State Bears,2016,Chris Andrews,andrews c,7,true,150,-11.3619,espn-pbp/ep-20260920-230959
2415,Morgan State Bears,2016,DeAndre Harris,harris d,1,false,66,-12.2592,espn-pbp/ep-20260920-230959
93,Murray State Racers,2016,KD Humphries,humphries k,8,true,382,32.9224,espn-pbp/ep-20260920-230959
93,Murray State Racers,2016,Cameron Birse,birse c,1,false,36,-13.6139,espn-pbp/ep-20260920-230959
152,NC State Wolfpack,2016,Ryan Finley,finley r,12,true,402,46.2300,espn-pbp/ep-20260920-230959
152,NC State Wolfpack,2016,DeShone Kizer,kizer d,1,false,,,espn-pbp/ep-20260920-230959
2426,Navy Midshipmen,2016,Will Worth,worth w,11,true,118,68.5286,espn-pbp/ep-20260920-230959
2426,Navy Midshipmen,2016,Zach Abey,abey z,3,false,35,5.2150,espn-pbp/ep-20260920-230959
158,Nebraska Cornhuskers,2016,Tommy Armstrong Jr.,armstrong t,11,true,292,46.2773,espn-pbp/ep-20260920-230959
158,Nebraska Cornhuskers,2016,Ryker Fyfe,fyfe r,2,false,99,-14.3085,espn-pbp/ep-20260920-230959
2440,Nevada Wolf Pack,2016,Tyler Stewart,stewart t,7,true,150,16.1214,espn-pbp/ep-20260920-230959
2440,Nevada Wolf Pack,2016,Ty Gangi,gangi t,4,false,132,14.1279,espn-pbp/ep-20260920-230959
160,New Hampshire Wildcats,2016,Trevor Knight,knight t,9,true,291,5.3954,espn-pbp/ep-20260920-230959
160,New Hampshire Wildcats,2016,Adam Riese,riese a,1,false,76,22.0099,espn-pbp/ep-20260920-230959
160,New Hampshire Wildcats,2016,Ellis Knudson,knudson e,1,false,,,espn-pbp/ep-20260920-230959
2424,New Mexico Highlands Cowboys,2016,Cody Keith,keith c,1,true,31,-9.0189,espn-pbp/ep-20260920-230959
167,New Mexico Lobos,2016,Lamar Jordan,jordan l,8,false,73,14.1353,espn-pbp/ep-20260920-230959
167,New Mexico Lobos,2016,Austin Apodaca,apodaca a,4,true,99,10.9139,espn-pbp/ep-20260920-230959
167,New Mexico Lobos,2016,Dalton Sturm,sturm d,1,false,,,espn-pbp/ep-20260920-230959
166,New Mexico State Aggies,2016,Tyler Rogers,rogers t,10,true,337,-22.1596,espn-pbp/ep-20260920-230959
166,New Mexico State Aggies,2016,Nick Jeanty,jeanty n,1,false,9,-4.5367,espn-pbp/ep-20260920-230959
2447,Nicholls Colonels,2016,Chase Fourcade,fourcade c,10,true,284,13.5699,espn-pbp/ep-20260920-230959
2450,Norfolk State Spartans,2016,Greg Hankerson,hankerson g,10,true,269,-41.1161,espn-pbp/ep-20260920-230959
2453,North Alabama Lions,2016,Jacob Tucker,tucker j,2,true,69,-9.0605,espn-pbp/ep-20260920-230959
2448,North Carolina A&T Aggies,2016,Lamar Raynard,raynard l,6,true,176,43.9525,espn-pbp/ep-20260920-230959
2448,North Carolina A&T Aggies,2016,Oluwafemi Bamiro,bamiro o,3,false,75,-33.0759,espn-pbp/ep-20260920-230959
2428,North Carolina Central Eagles,2016,Malcolm Bell,bell m,12,true,313,8.2559,espn-pbp/ep-20260920-230959
153,North Carolina Tar Heels,2016,Mitch Trubisky,trubisky m,13,true,458,138.0671,espn-pbp/ep-20260920-230959
155,North Dakota Fighting Hawks,2016,Keaton Studsrud,studsrud k,10,false,224,51.9362,espn-pbp/ep-20260920-230959
155,North Dakota Fighting Hawks,2016,Joe Carbone,carbone j,1,true,33,-3.4845,espn-pbp/ep-20260920-230959
155,North Dakota Fighting Hawks,2016,Ryan Bartels,bartels r,1,false,21,-0.7495,espn-pbp/ep-20260920-230959
2449,North Dakota State Bison,2016,Easton Stick,stick e,14,true,293,51.2471,espn-pbp/ep-20260920-230959
249,North Texas Mean Green,2016,Mason Fine,fine m,9,false,260,2.7862,espn-pbp/ep-20260920-230959
249,North Texas Mean Green,2016,Alec Morris,morris a,3,true,144,-4.1025,espn-pbp/ep-20260920-230959
2464,Northern Arizona Lumberjacks,2016,Blake Kemp,kemp b,6,false,288,23.1169,espn-pbp/ep-20260920-230959
2464,Northern Arizona Lumberjacks,2016,Case Cookus,cookus c,4,true,124,42.7193,espn-pbp/ep-20260920-230959
2458,Northern Colorado Bears,2016,Kyle Sloter,sloter k,9,true,294,63.4777,espn-pbp/ep-20260920-230959
2459,Northern Illinois Huskies,2016,Anthony Maddie,maddie a,5,false,149,7.0045,espn-pbp/ep-20260920-230959
2459,Northern Illinois Huskies,2016,Ryan Graham,graham r,4,false,131,-6.1006,espn-pbp/ep-20260920-230959
2459,Northern Illinois Huskies,2016,Drew Hare,hare d,2,true,54,4.6214,espn-pbp/ep-20260920-230959
2459,Northern Illinois Huskies,2016,Daniel Santacaterina,santacaterina d,1,false,37,4.2677,espn-pbp/ep-20260920-230959
2460,Northern Iowa Panthers,2016,Aaron Bailey,bailey a,6,true,144,5.3350,espn-pbp/ep-20260920-230959
2460,Northern Iowa Panthers,2016,Eli Dunne,dunne e,3,false,118,8.9066,espn-pbp/ep-20260920-230959
2460,Northern Iowa Panthers,2016,Colton Howell,howell c,1,false,22,-4.4545,espn-pbp/ep-20260920-230959
138,Northwest Missouri State Bearcats,2016,Kyle Zimmerman,zimmerman k,1,true,27,-4.8018,espn-pbp/ep-20260920-230959
2466,Northwestern State Demons,2016,Brooks Haack,haack b,7,true,201,0.0786,espn-pbp/ep-20260920-230959
2466,Northwestern State Demons,2016,J.D. Almond,d. almond j,3,false,72,-10.4649,espn-pbp/ep-20260920-230959
77,Northwestern Wildcats,2016,Clayton Thorson,thorson c,13,true,453,89.1527,espn-pbp/ep-20260920-230959
87,Notre Dame Fighting Irish,2016,DeShone Kizer,kizer d,11,true,339,74.7951,espn-pbp/ep-20260920-230959
87,Notre Dame Fighting Irish,2016,Ryan Finley,finley r,1,false,,,espn-pbp/ep-20260920-230959
195,Ohio Bobcats,2016,Greg Windham,windham g,9,true,300,19.4748,espn-pbp/ep-20260920-230959
195,Ohio Bobcats,2016,Quinton Maxwell,maxwell q,5,false,174,22.0494,espn-pbp/ep-20260920-230959
194,Ohio State Buckeyes,2016,J.T. Barrett,t. barrett j,13,true,360,33.5879,espn-pbp/ep-20260920-230959
2824,Oklahoma Panhandle State Ok Panhandle St,2016,Shane Truelove,truelove s,2,true,62,12.6821,espn-pbp/ep-20260920-230959
201,Oklahoma Sooners,2016,Baker Mayfield,mayfield b,13,true,356,196.6202,espn-pbp/ep-20260920-230959
197,Oklahoma State Cowboys,2016,Mason Rudolph,rudolph m,13,true,409,142.1948,espn-pbp/ep-20260920-230959
295,Old Dominion Monarchs,2016,David Washington,washington d,12,true,331,60.3939,espn-pbp/ep-20260920-230959
145,Ole Miss Rebels,2016,Chad Kelly,kelly c,9,true,329,87.4026,espn-pbp/ep-20260920-230959
145,Ole Miss Rebels,2016,Shea Patterson,patterson s,3,false,131,-3.6048,espn-pbp/ep-20260920-230959
2483,Oregon Ducks,2016,Justin Herbert,herbert j,7,false,250,28.6566,espn-pbp/ep-20260920-230959
2483,Oregon Ducks,2016,Dakota Prukop,prukop d,5,true,143,39.7513,espn-pbp/ep-20260920-230959
204,Oregon State Beavers,2016,Marcus McMaryion,mcmaryion m,6,false,178,7.6318,espn-pbp/ep-20260920-230959
204,Oregon State Beavers,2016,Darell Garretson,garretson d,6,true,151,-33.2256,espn-pbp/ep-20260920-230959
213,Penn State Nittany Lions,2016,Trace McSorley,mcsorley t,14,true,395,96.5864,espn-pbp/ep-20260920-230959
219,Pennsylvania Quakers,2016,Alek Torgersen,torgersen a,9,true,273,39.3007,espn-pbp/ep-20260920-230959
95,Pikeville Bears,2016,Sani Warren,warren s,1,true,8,8.6543,espn-pbp/ep-20260920-230959
221,Pittsburgh Panthers,2016,Nathan Peterman,peterman n,13,true,325,98.0889,espn-pbp/ep-20260920-230959
2932,Point University Skyhawks,2016,Rashad Louie,louie r,1,true,11,-2.3874,espn-pbp/ep-20260920-230959
2502,Portland State Vikings,2016,Alex Kuresa,kuresa a,10,true,204,42.9187,espn-pbp/ep-20260920-230959
2504,Prairie View A&M Panthers,2016,Trey Green,green t,3,true,117,12.2227,espn-pbp/ep-20260920-230959
2504,Prairie View A&M Panthers,2016,Jalen Morton,morton j,3,false,56,-8.0162,espn-pbp/ep-20260920-230959
2506,Presbyterian Blue Hose,2016,Ben Cheek,cheek b,8,true,178,-45.6738,espn-pbp/ep-20260920-230959
2506,Presbyterian Blue Hose,2016,Will Brock,brock w,2,false,85,7.5798,espn-pbp/ep-20260920-230959
2506,Presbyterian Blue Hose,2016,John Walker,walker j,1,false,52,-16.2955,espn-pbp/ep-20260920-230959
163,Princeton Tigers,2016,Chad Kanoff,kanoff c,7,true,156,34.0937,espn-pbp/ep-20260920-230959
2509,Purdue Boilermakers,2016,David Blough,blough d,12,true,536,3.2048,espn-pbp/ep-20260920-230959
227,Rhode Island Rams,2016,Jordan Vazzano,vazzano j,7,false,195,-82.4908,espn-pbp/ep-20260920-230959
227,Rhode Island Rams,2016,Wesley McKoy,mckoy w,3,true,51,-36.0598,espn-pbp/ep-20260920-230959
227,Rhode Island Rams,2016,Paul Mroz,mroz p,1,false,59,-4.9042,espn-pbp/ep-20260920-230959
242,Rice Owls,2016,Tyler Stehling,stehling t,10,true,320,10.6315,espn-pbp/ep-20260920-230959
242,Rice Owls,2016,Jackson Tyner,tyner j,2,false,70,-8.5554,espn-pbp/ep-20260920-230959
257,Richmond Spiders,2016,Kyle Lauletta,lauletta k,11,true,323,107.3010,espn-pbp/ep-20260920-230959
257,Richmond Spiders,2016,Kevin Johnson,johnson k,2,false,51,0.2232,espn-pbp/ep-20260920-230959
2523,Robert Morris Colonials,2016,Joe Carroll,carroll j,5,false,124,-64.1439,espn-pbp/ep-20260920-230959
2523,Robert Morris Colonials,2016,Andrew Romanchak,romanchak a,4,false,124,-60.1325,espn-pbp/ep-20260920-230959
2523,Robert Morris Colonials,2016,Luke Brumbaugh,brumbaugh l,1,true,8,-7.6268,espn-pbp/ep-20260920-230959
2523,Robert Morris Colonials,2016,Chase Bodeman,bodeman c,1,false,4,-5.4556,espn-pbp/ep-20260920-230959
164,Rutgers Scarlet Knights,2016,Chris Laviano,laviano c,7,true,122,-26.2945,espn-pbp/ep-20260920-230959
164,Rutgers Scarlet Knights,2016,Giovanni Rescigno,rescigno g,5,false,167,-34.4707,espn-pbp/ep-20260920-230959
2545,SE Louisiana Lions,2016,Justin Alo,alo j,6,false,136,17.5983,espn-pbp/ep-20260920-230959
2545,SE Louisiana Lions,2016,D'Shaie Landor,landor d,3,true,92,24.3896,espn-pbp/ep-20260920-230959
2567,SMU Mustangs,2016,Ben Hicks,hicks b,11,false,432,31.2502,espn-pbp/ep-20260920-230959
2567,SMU Mustangs,2016,Matt Davis,davis m,1,true,17,3.9057,espn-pbp/ep-20260920-230959
16,Sacramento State Hornets,2016,Nate Ketteringham,ketteringham n,8,true,261,-34.5268,espn-pbp/ep-20260920-230959
16,Sacramento State Hornets,2016,Nolan Merker,merker n,1,false,24,-8.1559,espn-pbp/ep-20260920-230959
2529,Sacred Heart Pioneers,2016,RJ Noel,noel r,11,true,325,-27.2268,espn-pbp/ep-20260920-230959
395,Saint Augustine's Falcons,2016,D.J. Johnson,j. johnson d,2,true,51,-17.6463,espn-pbp/ep-20260920-230959
2598,Saint Francis Red Flash,2016,Zack Drayer,drayer z,11,true,307,-1.3197,espn-pbp/ep-20260920-230959
2534,Sam Houston Bearkats,2016,Jeremiah Briscoe,briscoe j,12,true,451,132.0827,espn-pbp/ep-20260920-230959
2535,Samford Bulldogs,2016,Devlin Hodges,hodges d,12,true,540,115.6877,espn-pbp/ep-20260920-230959
21,San Diego State Aztecs,2016,Christian Chapman,chapman c,13,true,229,48.1004,espn-pbp/ep-20260920-230959
301,San Diego Toreros,2016,Anthony Lawrence,lawrence a,9,true,270,85.7741,espn-pbp/ep-20260920-230959
23,San José State Spartans,2016,Kenny Potter,potter k,11,true,317,39.9875,espn-pbp/ep-20260920-230959
23,San José State Spartans,2016,Josh Love,love j,1,false,60,-2.7887,espn-pbp/ep-20260920-230959
2542,Savannah State Tigers,2016,T.J. Bell,j. bell t,4,false,129,-3.0512,espn-pbp/ep-20260920-230959
2542,Savannah State Tigers,2016,Blake Dever,dever b,4,true,89,-20.2371,espn-pbp/ep-20260920-230959
2560,Shorter Hawks,2016,Tyler Pullum,pullum t,1,true,10,-14.6767,espn-pbp/ep-20260920-230959
2829,Simon Fraser Red Leafs,2016,Miles Richardson,richardson m,1,true,44,-8.8516,espn-pbp/ep-20260920-230959
6,South Alabama Jaguars,2016,Dallas Davis,davis d,10,true,259,42.5268,espn-pbp/ep-20260920-230959
6,South Alabama Jaguars,2016,Cole Garvin,garvin c,3,false,60,-17.0823,espn-pbp/ep-20260920-230959
2579,South Carolina Gamecocks,2016,Jake Bentley,bentley j,7,false,194,39.3546,espn-pbp/ep-20260920-230959
2579,South Carolina Gamecocks,2016,Brandon McIlwain,mcilwain b,3,false,121,-10.7181,espn-pbp/ep-20260920-230959
2579,South Carolina Gamecocks,2016,Perry Orth,orth p,3,true,90,4.5927,espn-pbp/ep-20260920-230959
2569,South Carolina State Bulldogs,2016,Caleb York,york c,3,true,136,-35.8409,espn-pbp/ep-20260920-230959
2569,South Carolina State Bulldogs,2016,Jr. Adrian Kollck,kollck j,1,false,18,3.4920,espn-pbp/ep-20260920-230959
2569,South Carolina State Bulldogs,2016,Adrian Kollock Jr.,kollock a,1,false,8,-1.1247,espn-pbp/ep-20260920-230959
233,South Dakota Coyotes,2016,Chris Streveler,streveler c,10,true,281,18.2186,espn-pbp/ep-20260920-230959
233,South Dakota Coyotes,2016,Ryan Saeger,saeger r,1,false,28,-3.5953,espn-pbp/ep-20260920-230959
2571,South Dakota State Jackrabbits,2016,Taryn Christion,christion t,13,true,452,129.7195,espn-pbp/ep-20260920-230959
58,South Florida Bulls,2016,Quinton Flowers,flowers q,12,true,303,29.6802,espn-pbp/ep-20260920-230959
2546,Southeast Missouri State Redhawks,2016,Jesse Hosket,hosket j,10,true,327,-9.0473,espn-pbp/ep-20260920-230959
79,Southern Illinois Salukis,2016,Josh Straughan,straughan j,8,true,336,33.6683,espn-pbp/ep-20260920-230959
79,Southern Illinois Salukis,2016,Sam Straub,straub s,3,false,134,25.7154,espn-pbp/ep-20260920-230959
2582,Southern Jaguars,2016,Austin Howard,howard a,7,true,219,9.0485,espn-pbp/ep-20260920-230959
2572,Southern Miss Golden Eagles,2016,Nick Mullens,mullens n,11,true,387,74.3806,espn-pbp/ep-20260920-230959
2572,Southern Miss Golden Eagles,2016,Keon Howard,howard k,2,false,50,-7.3712,espn-pbp/ep-20260920-230959
2584,Southern Oregon Raiders,2016,Tanner Trosin,trosin t,1,true,53,11.9972,espn-pbp/ep-20260920-230959
253,Southern Utah Thunderbirds,2016,Patrick Tyler,tyler p,9,false,310,-11.2931,espn-pbp/ep-20260920-230959
253,Southern Utah Thunderbirds,2016,McCoy Hill,hill m,1,true,16,-1.3492,espn-pbp/ep-20260920-230959
616,Southwestern College Moundbuilders,2016,Braden Langston,langston b,1,false,12,-12.7803,espn-pbp/ep-20260920-230959
2830,St. Anselm Hawks,2016,Yianni Gavalas,gavalas y,1,true,,,espn-pbp/ep-20260920-230959
24,Stanford Cardinal,2016,Ryan Burns,burns r,7,true,151,19.0616,espn-pbp/ep-20260920-230959
24,Stanford Cardinal,2016,Keller Chryst,chryst k,6,false,141,9.1258,espn-pbp/ep-20260920-230959
2617,Stephen F. Austin Lumberjacks,2016,Zach Conque,conque z,4,true,189,21.0281,espn-pbp/ep-20260920-230959
2617,Stephen F. Austin Lumberjacks,2016,Hunter Taylor,taylor h,1,false,52,-2.5696,espn-pbp/ep-20260920-230959
56,Stetson Hatters,2016,Gaven DeFilippo,defilippo g,7,true,240,-35.3286,espn-pbp/ep-20260920-230959
56,Stetson Hatters,2016,Nick Andreas,andreas n,3,false,100,-5.7641,espn-pbp/ep-20260920-230959
56,Stetson Hatters,2016,Cole Martin,martin c,1,false,44,7.9370,espn-pbp/ep-20260920-230959
2619,Stony Brook Seawolves,2016,Joe Carbone,carbone j,8,false,139,1.2659,espn-pbp/ep-20260920-230959
2619,Stony Brook Seawolves,2016,Keaton Studsrud,studsrud k,1,true,26,-5.2288,espn-pbp/ep-20260920-230959
2619,Stony Brook Seawolves,2016,Jack Cassidy,cassidy j,1,false,24,-9.5183,espn-pbp/ep-20260920-230959
2619,Stony Brook Seawolves,2016,Pat Irwin,irwin p,1,false,16,-4.8655,espn-pbp/ep-20260920-230959
183,Syracuse Orange,2016,Eric Dungey,dungey e,9,true,377,69.3933,espn-pbp/ep-20260920-230959
183,Syracuse Orange,2016,Zack Mahoney,mahoney z,3,false,131,11.0581,espn-pbp/ep-20260920-230959
2628,TCU Horned Frogs,2016,Kenny Hill,hill k,12,true,447,40.9819,espn-pbp/ep-20260920-230959
2628,TCU Horned Frogs,2016,Foster Sawyer,sawyer f,1,false,52,-8.8546,espn-pbp/ep-20260920-230959
2627,Tarleton State Texans,2016,Zed Woerner,woerner z,1,true,13,-9.2609,espn-pbp/ep-20260920-230959
218,Temple Owls,2016,Phillip Walker,walker p,14,true,405,98.9639,espn-pbp/ep-20260920-230959
2634,Tennessee State Tigers,2016,Ronald Butler,butler r,8,false,249,39.6279,espn-pbp/ep-20260920-230959
2634,Tennessee State Tigers,2016,O'Shay Ackerman-Carter,ackerman-carter o,1,true,18,12.0738,espn-pbp/ep-20260920-230959
2635,Tennessee Tech Golden Eagles,2016,Michael Birdsong,birdsong m,9,true,295,53.3883,espn-pbp/ep-20260920-230959
2633,Tennessee Volunteers,2016,Joshua Dobbs,dobbs j,13,true,311,47.0762,espn-pbp/ep-20260920-230959
245,Texas A&M Aggies,2016,Trevor Knight,knight t,11,true,295,14.5953,espn-pbp/ep-20260920-230959
245,Texas A&M Aggies,2016,Jake Hubenak,hubenak j,2,false,97,8.9781,espn-pbp/ep-20260920-230959
2658,Texas A&M-Kingsville Javelinas,2016,M. Carr,carr m,1,true,27,14.8881,espn-pbp/ep-20260920-230959
251,Texas Longhorns,2016,Shane Buechele,buechele s,12,true,394,29.9707,espn-pbp/ep-20260920-230959
2640,Texas Southern Tigers,2016,Averion Hurts,hurts a,5,false,145,-26.9803,espn-pbp/ep-20260920-230959
2640,Texas Southern Tigers,2016,Johnathan Bowen,bowen j,1,false,15,-5.7664,espn-pbp/ep-20260920-230959
2640,Texas Southern Tigers,2016,Jay Christophe,christophe j,1,true,7,2.9198,espn-pbp/ep-20260920-230959
326,Texas State Bobcats,2016,Tyler Jones,jones t,10,true,347,-2.6121,espn-pbp/ep-20260920-230959
326,Texas State Bobcats,2016,Connor White,white c,2,false,47,-8.9555,espn-pbp/ep-20260920-230959
2641,Texas Tech Red Raiders,2016,Patrick Mahomes II,mahomes p,12,true,606,170.3694,espn-pbp/ep-20260920-230959
2641,Texas Tech Red Raiders,2016,Nic Shimonek,shimonek n,0,false,60,9.1772,espn-pbp/ep-20260920-230959
2643,The Citadel Bulldogs,2016,Dominique Allen,allen d,8,false,75,-17.9610,espn-pbp/ep-20260920-230959
2643,The Citadel Bulldogs,2016,Jordan Black,black j,1,true,15,1.6849,espn-pbp/ep-20260920-230959
2649,Toledo Rockets,2016,Logan Woodside,woodside l,12,true,402,138.2678,espn-pbp/ep-20260920-230959
119,Towson Tigers,2016,Ellis Knudson,knudson e,5,false,178,9.9393,espn-pbp/ep-20260920-230959
119,Towson Tigers,2016,Morgan Mahalak,mahalak m,5,true,93,0.0145,espn-pbp/ep-20260920-230959
119,Towson Tigers,2016,Trevor Knight,knight t,1,false,,,espn-pbp/ep-20260920-230959
2907,Trinity International (IL) Trojans,2016,J.J. Burmeister,j. burmeister j,1,true,25,-3.7871,espn-pbp/ep-20260920-230959
2653,Troy Trojans,2016,Brandon Silvers,silvers b,11,true,398,20.9001,espn-pbp/ep-20260920-230959
2655,Tulane Green Wave,2016,Glen Cuiellette,cuiellette g,9,true,244,-37.0873,espn-pbp/ep-20260920-230959
2655,Tulane Green Wave,2016,Johnathan Brantley,brantley j,3,false,21,-12.1284,espn-pbp/ep-20260920-230959
202,Tulsa Golden Hurricane,2016,Dane Evans,evans d,13,true,445,87.1897,espn-pbp/ep-20260920-230959
399,UAlbany Great Danes,2016,Neven Sussman,sussman n,9,true,125,-6.8778,espn-pbp/ep-20260920-230959
399,UAlbany Great Danes,2016,Will Brunson,brunson w,2,false,49,-0.8126,espn-pbp/ep-20260920-230959
302,UC Davis Aggies,2016,Ben Scott,scott b,10,true,295,44.4828,espn-pbp/ep-20260920-230959
302,UC Davis Aggies,2016,Brock Dale,dale b,1,false,53,-6.8733,espn-pbp/ep-20260920-230959
2116,UCF Knights,2016,McKenzie Milton,milton m,9,false,298,-23.0799,espn-pbp/ep-20260920-230959
2116,UCF Knights,2016,Justin Holman,holman j,3,true,81,-22.4388,espn-pbp/ep-20260920-230959
26,UCLA Bruins,2016,Mike Fafaul,fafaul m,6,false,256,-31.6967,espn-pbp/ep-20260920-230959
26,UCLA Bruins,2016,Josh Rosen,rosen j,6,true,229,58.1908,espn-pbp/ep-20260920-230959
41,UConn Huskies,2016,Bryant Shirreffs,shirreffs b,9,true,290,34.8456,espn-pbp/ep-20260920-230959
41,UConn Huskies,2016,Donovan Williams,williams d,3,false,79,-27.2161,espn-pbp/ep-20260920-230959
2433,UL Monroe Warhawks,2016,Garrett Smith,smith g,6,true,183,-10.7419,espn-pbp/ep-20260920-230959
2433,UL Monroe Warhawks,2016,Caleb Evans,evans c,4,false,146,-11.8626,espn-pbp/ep-20260920-230959
2433,UL Monroe Warhawks,2016,Will Collins,collins w,2,false,42,-3.0611,espn-pbp/ep-20260920-230959
2439,UNLV Rebels,2016,Dalton Sneed,sneed d,5,false,94,-7.6297,espn-pbp/ep-20260920-230959
2439,UNLV Rebels,2016,Johnny Stanton,stanton j,4,true,108,-4.6911,espn-pbp/ep-20260920-230959
2439,UNLV Rebels,2016,Kurt Palandech,palandech k,3,false,98,3.5308,espn-pbp/ep-20260920-230959
30,USC Trojans,2016,Sam Darnold,darnold s,10,false,359,112.6880,espn-pbp/ep-20260920-230959
30,USC Trojans,2016,Max Browne,browne m,3,true,91,-0.2498,espn-pbp/ep-20260920-230959
2630,UT Martin Skyhawks,2016,Troy Cook,cook t,10,false,299,35.9126,espn-pbp/ep-20260920-230959
2630,UT Martin Skyhawks,2016,Gunnar Holcombe,holcombe g,1,true,49,-1.1943,espn-pbp/ep-20260920-230959
2638,UTEP Miners,2016,Ryan Metz,metz r,5,false,163,3.9535,espn-pbp/ep-20260920-230959
2638,UTEP Miners,2016,Zack Greenlee,greenlee z,4,true,110,-10.5236,espn-pbp/ep-20260920-230959
2638,UTEP Miners,2016,Kavika Johnson,johnson k,1,false,24,-14.6117,espn-pbp/ep-20260920-230959
2636,UTSA Roadrunners,2016,Dalton Sturm,sturm d,11,true,239,25.6380,espn-pbp/ep-20260920-230959
2636,UTSA Roadrunners,2016,Lamar Jordan,jordan l,1,false,,,espn-pbp/ep-20260920-230959
328,Utah State Aggies,2016,Kent Myers,myers k,12,true,380,22.7665,espn-pbp/ep-20260920-230959
254,Utah Utes,2016,Troy Williams,williams t,13,true,425,38.5678,espn-pbp/ep-20260920-230959
2678,VMI Keydets,2016,Al Cobb,cobb a,9,true,272,33.6900,espn-pbp/ep-20260920-230959
2678,VMI Keydets,2016,Austin Coulling,coulling a,2,false,62,0.9594,espn-pbp/ep-20260920-230959
2674,Valparaiso Beacons,2016,Jimmy Seewald,seewald j,5,false,192,4.3458,espn-pbp/ep-20260920-230959
2674,Valparaiso Beacons,2016,Ryan Clarke,clarke r,5,true,125,-22.4017,espn-pbp/ep-20260920-230959
238,Vanderbilt Commodores,2016,Kyle Shurmur,shurmur k,13,true,381,31.2850,espn-pbp/ep-20260920-230959
222,Villanova Wildcats,2016,Zach Bednarczyk,bednarczyk z,12,true,273,34.6119,espn-pbp/ep-20260920-230959
258,Virginia Cavaliers,2016,Kurt Benkert,benkert k,10,true,418,13.0359,espn-pbp/ep-20260920-230959
258,Virginia Cavaliers,2016,Matt Johns,johns m,2,false,62,-21.2461,espn-pbp/ep-20260920-230959
259,Virginia Tech Hokies,2016,Jerod Evans,evans j,14,true,427,135.9425,espn-pbp/ep-20260920-230959
2681,Wagner Seahawks,2016,Alex Thomson,thomson a,11,true,308,45.3290,espn-pbp/ep-20260920-230959
154,Wake Forest Demon Deacons,2016,John Wolford,wolford j,11,true,329,-7.5478,espn-pbp/ep-20260920-230959
154,Wake Forest Demon Deacons,2016,Kyle Kearns,kearns k,1,false,35,-11.2459,espn-pbp/ep-20260920-230959
154,Wake Forest Demon Deacons,2016,Kendall Hinton,hinton k,1,false,19,-2.5733,espn-pbp/ep-20260920-230959
2683,Warner Royals,2016,Darrin Davis,davis d,1,true,11,-9.1209,espn-pbp/ep-20260920-230959
264,Washington Huskies,2016,Jake Browning,browning j,14,true,386,111.3983,espn-pbp/ep-20260920-230959
265,Washington State Cougars,2016,Luke Falk,falk l,13,true,658,153.3668,espn-pbp/ep-20260920-230959
2692,Weber State Wildcats,2016,Jadrian Clark,clark j,12,true,393,35.9633,espn-pbp/ep-20260920-230959
277,West Virginia Mountaineers,2016,Skyler Howard,howard s,13,true,404,72.9676,espn-pbp/ep-20260920-230959
455,West Virginia Wesleyan Bobcats,2016,Ryan Deal,deal r,1,true,28,7.8855,espn-pbp/ep-20260920-230959
2717,Western Carolina Catamounts,2016,Tyrie Adams,adams t,11,true,349,36.0749,espn-pbp/ep-20260920-230959
2710,Western Illinois Leathernecks,2016,Sean McGuire,mcguire s,11,true,408,49.9825,espn-pbp/ep-20260920-230959
98,Western Kentucky Hilltoppers,2016,Mike White,white m,14,true,390,174.1492,espn-pbp/ep-20260920-230959
2711,Western Michigan Broncos,2016,Zach Terrell,terrell z,14,true,373,149.5144,espn-pbp/ep-20260920-230959
2703,Western New Mexico Mustangs,2016,Javia Hall,hall j,1,true,16,-3.6015,espn-pbp/ep-20260920-230959
2848,Western Oregon Wolves,2016,Phillip Fenumiai,fenumiai p,2,true,31,-10.3247,espn-pbp/ep-20260920-230959
2729,William & Mary Tribe,2016,Steve Cluley,cluley s,10,true,259,9.0597,espn-pbp/ep-20260920-230959
275,Wisconsin Badgers,2016,Alex Hornibrook,hornibrook a,9,false,178,24.8040,espn-pbp/ep-20260920-230959
275,Wisconsin Badgers,2016,Bart Houston,houston b,5,true,143,60.6005,espn-pbp/ep-20260920-230959
271,Wisconsin-Oshkosh Titans,2016,Brett Kasper,kasper b,1,true,34,-3.1838,espn-pbp/ep-20260920-230959
2747,Wofford Terriers,2016,Brandon Goodson,goodson b,7,false,84,10.3957,espn-pbp/ep-20260920-230959
2747,Wofford Terriers,2016,Brad Butler,butler b,4,true,29,11.0664,espn-pbp/ep-20260920-230959
2747,Wofford Terriers,2016,Joe Newman,newman j,1,false,3,-1.4838,espn-pbp/ep-20260920-230959
2751,Wyoming Cowboys,2016,Josh Allen,allen j,13,true,374,92.6070,espn-pbp/ep-20260920-230959
43,Yale Bulldogs,2016,Tre Moore,moore t,4,false,159,-27.1150,espn-pbp/ep-20260920-230959
43,Yale Bulldogs,2016,Kurt Rawlings,rawlings k,3,false,140,-5.3473,espn-pbp/ep-20260920-230959
43,Yale Bulldogs,2016,Rafe Chapple,chapple r,2,true,41,-15.9017,espn-pbp/ep-20260920-230959
43,Yale Bulldogs,2016,Devin Moore,moore d,1,false,9,-10.3587,espn-pbp/ep-20260920-230959
2754,Youngstown State Penguins,2016,Hunter Wells,wells h,9,false,221,47.1006,espn-pbp/ep-20260920-230959
2754,Youngstown State Penguins,2016,Ricky Davis,davis r,6,true,108,7.5212,espn-pbp/ep-20260920-230959
2754,Youngstown State Penguins,2016,Trent Hosick,hosick t,1,false,22,1.9735,espn-pbp/ep-20260920-230959
2000,Abilene Christian Wildcats,2017,Dallas Sealey,sealey d,8,true,311,-23.8342,espn-pbp/ep-20260920-230959
2000,Abilene Christian Wildcats,2017,L. Anthony,anthony l,2,false,134,10.2720,espn-pbp/ep-20260920-230959
2000,Abilene Christian Wildcats,2017,Kade Munden,munden k,1,false,30,-11.5760,espn-pbp/ep-20260920-230959
2005,Air Force Falcons,2017,Arion Worthman,worthman a,10,true,113,31.3706,espn-pbp/ep-20260920-230959
2005,Air Force Falcons,2017,Nate Romine,romine n,1,false,16,5.3185,espn-pbp/ep-20260920-230959
2005,Air Force Falcons,2017,Isaiah Sanders,sanders i,1,false,16,-4.7964,espn-pbp/ep-20260920-230959
2006,Akron Zips,2017,Thomas Woodson,woodson t,9,true,292,11.6130,espn-pbp/ep-20260920-230959
2006,Akron Zips,2017,Kato Nelson,nelson k,5,false,143,-5.4405,espn-pbp/ep-20260920-230959
2010,Alabama A&M Bulldogs,2017,Aqeel Glass,glass a,5,true,105,-41.2087,espn-pbp/ep-20260920-230959
2010,Alabama A&M Bulldogs,2017,Damion May,may d,1,false,78,-28.3800,espn-pbp/ep-20260920-230959
333,Alabama Crimson Tide,2017,Jalen Hurts,hurts j,14,true,260,53.2432,espn-pbp/ep-20260920-230959
333,Alabama Crimson Tide,2017,Tua Tagovailoa,tagovailoa t,0,false,72,15.9029,espn-pbp/ep-20260920-230959
2011,Alabama State Hornets,2017,Kobie Jones,jones k,5,true,128,-35.2351,espn-pbp/ep-20260920-230959
2011,Alabama State Hornets,2017,Darryl Pearson Jr.,pearson d,4,false,90,-33.0069,espn-pbp/ep-20260920-230959
2016,Alcorn State Braves,2017,Lenorris Footman,footman l,8,true,229,37.6692,espn-pbp/ep-20260920-230959
2016,Alcorn State Braves,2017,Noah Johnson,johnson n,2,false,69,20.7246,espn-pbp/ep-20260920-230959
2026,App State Mountaineers,2017,Taylor Lamb,lamb t,13,true,346,42.3862,espn-pbp/ep-20260920-230959
9,Arizona State Sun Devils,2017,Manny Wilkins,wilkins m,13,true,412,78.3990,espn-pbp/ep-20260920-230959
12,Arizona Wildcats,2017,Khalil Tate,tate k,9,false,182,35.3813,espn-pbp/ep-20260920-230959
12,Arizona Wildcats,2017,Brandon Dawkins,dawkins b,4,true,114,6.2609,espn-pbp/ep-20260920-230959
8,Arkansas Razorbacks,2017,Austin Allen,allen a,8,true,191,39.1885,espn-pbp/ep-20260920-230959
8,Arkansas Razorbacks,2017,Cole Kelley,kelley c,4,false,133,21.5589,espn-pbp/ep-20260920-230959
2032,Arkansas State Red Wolves,2017,Justice Hansen,hansen j,12,true,440,84.0107,espn-pbp/ep-20260920-230959
2029,Arkansas-Pine Bluff Golden Lions,2017,Brandon Duncan,duncan b,2,true,66,-14.4643,espn-pbp/ep-20260920-230959
2029,Arkansas-Pine Bluff Golden Lions,2017,Marcus Terrell,terrell m,1,false,44,-4.3759,espn-pbp/ep-20260920-230959
2029,Arkansas-Pine Bluff Golden Lions,2017,Leearl Pattson,pattson l,1,false,20,-0.1242,espn-pbp/ep-20260920-230959
349,Army Black Knights,2017,Ahmad Bradshaw,bradshaw a,12,true,45,-16.9477,espn-pbp/ep-20260920-230959
2,Auburn Tigers,2017,Jarrett Stidham,stidham j,14,true,345,73.4005,espn-pbp/ep-20260920-230959
2046,Austin Peay Governors,2017,Jeremiah Oatsvall,oatsvall j,7,false,142,3.8174,espn-pbp/ep-20260920-230959
2046,Austin Peay Governors,2017,JaVaughn Craig,craig j,5,true,71,-16.3777,espn-pbp/ep-20260920-230959
252,BYU Cougars,2017,Tanner Mangum,mangum t,8,true,262,-19.6341,espn-pbp/ep-20260920-230959
252,BYU Cougars,2017,Joe Critchlow,critchlow j,3,false,102,-3.0641,espn-pbp/ep-20260920-230959
252,BYU Cougars,2017,Beau Hoge,hoge b,2,false,40,-6.1404,espn-pbp/ep-20260920-230959
487,Bacone College Warriors,2017,Samuel Sewards,sewards s,1,true,37,0.4620,espn-pbp/ep-20260920-230959
2050,Ball State Cardinals,2017,Jack Milas,milas j,5,false,208,-54.9180,espn-pbp/ep-20260920-230959
2050,Ball State Cardinals,2017,Riley Neal,neal r,3,true,103,30.7551,espn-pbp/ep-20260920-230959
2050,Ball State Cardinals,2017,Drew Plitt,plitt d,3,false,85,-15.1893,espn-pbp/ep-20260920-230959
2050,Ball State Cardinals,2017,Zack Blair,blair z,1,false,15,-1.0800,espn-pbp/ep-20260920-230959
239,Baylor Bears,2017,Zach Smith,smith z,6,false,204,-4.9710,espn-pbp/ep-20260920-230959
239,Baylor Bears,2017,Charlie Brewer,brewer c,4,false,213,48.5818,espn-pbp/ep-20260920-230959
239,Baylor Bears,2017,Anu Solomon,solomon a,2,true,59,-6.0950,espn-pbp/ep-20260920-230959
2065,Bethune-Cookman Wildcats,2017,Larry Brihm Jr.,brihm l,9,true,291,44.2327,espn-pbp/ep-20260920-230959
2065,Bethune-Cookman Wildcats,2017,Akevious Williams,williams a,1,false,40,-22.9125,espn-pbp/ep-20260920-230959
68,Boise State Broncos,2017,Brett Rypien,rypien b,13,true,353,86.6302,espn-pbp/ep-20260920-230959
68,Boise State Broncos,2017,Montell Cozart,cozart m,1,false,90,21.9072,espn-pbp/ep-20260920-230959
103,Boston College Eagles,2017,Anthony Brown,brown a,10,true,268,-32.3108,espn-pbp/ep-20260920-230959
103,Boston College Eagles,2017,Darius Wade,wade d,3,false,103,22.1197,espn-pbp/ep-20260920-230959
189,Bowling Green Falcons,2017,James Morgan,morgan j,6,true,220,-39.5754,espn-pbp/ep-20260920-230959
189,Bowling Green Falcons,2017,Jarret Doege,doege j,6,false,191,43.4715,espn-pbp/ep-20260920-230959
225,Brown Bears,2017,Thomas Linta,linta t,6,false,265,-26.4882,espn-pbp/ep-20260920-230959
225,Brown Bears,2017,Nicholas Duncan,duncan n,3,true,106,-51.5060,espn-pbp/ep-20260920-230959
225,Brown Bears,2017,Jeffrey Jonke,jonke j,1,false,35,-5.9028,espn-pbp/ep-20260920-230959
2803,Bryant Bulldogs,2017,Price Wilson,wilson p,11,true,451,28.3188,espn-pbp/ep-20260920-230959
2083,Bucknell Bison,2017,John Chiarolanzio,chiarolanzio j,6,false,180,-20.4641,espn-pbp/ep-20260920-230959
2083,Bucknell Bison,2017,Matt Muh,muh m,4,true,152,-5.4503,espn-pbp/ep-20260920-230959
2083,Bucknell Bison,2017,Sean O'Malley,o'malley s,1,false,29,-0.9587,espn-pbp/ep-20260920-230959
2084,Buffalo Bulls,2017,Tyree Jackson,jackson t,8,true,237,57.2915,espn-pbp/ep-20260920-230959
2084,Buffalo Bulls,2017,Drew Anderson,anderson d,3,false,89,29.9808,espn-pbp/ep-20260920-230959
2084,Buffalo Bulls,2017,Kyle Vantrease,vantrease k,1,false,60,2.4635,espn-pbp/ep-20260920-230959
2086,Butler Bulldogs,2017,Will Marty,marty w,9,true,255,10.1867,espn-pbp/ep-20260920-230959
2086,Butler Bulldogs,2017,Colin McGovern,mcgovern c,1,false,28,-11.2142,espn-pbp/ep-20260920-230959
13,Cal Poly Mustangs,2017,Jake Jeffrey,jeffrey j,6,false,115,7.3018,espn-pbp/ep-20260920-230959
13,Cal Poly Mustangs,2017,Khaleel Jenkins,jenkins k,5,true,62,-5.7238,espn-pbp/ep-20260920-230959
25,California Golden Bears,2017,Ross Bowers,bowers r,12,true,479,54.8910,espn-pbp/ep-20260920-230959
2097,Campbell Fighting Camels,2017,Daniel Smith,smith d,8,false,254,36.3899,espn-pbp/ep-20260920-230959
2097,Campbell Fighting Camels,2017,Anthony Robbins,robbins a,2,true,55,0.6413,espn-pbp/ep-20260920-230959
2107,Catawba Indians,2017,P.O'Brien,o'brien p,1,true,1,-2.8005,espn-pbp/ep-20260920-230959
2110,Central Arkansas Bears,2017,Hayden Hildebrand,hildebrand h,12,true,318,120.2065,espn-pbp/ep-20260920-230959
2115,Central Connecticut Blue Devils,2017,Jake Dolegala,dolegala j,11,true,280,3.3067,espn-pbp/ep-20260920-230959
2115,Central Connecticut Blue Devils,2017,Tanner Kingsley,kingsley t,1,false,30,-9.2312,espn-pbp/ep-20260920-230959
2117,Central Michigan Chippewas,2017,Shane Morris,morris s,13,true,454,9.8423,espn-pbp/ep-20260920-230959
2127,Charleston Southern Buccaneers,2017,Shane Bucenell,bucenell s,7,true,103,-17.2167,espn-pbp/ep-20260920-230959
2127,Charleston Southern Buccaneers,2017,London Johnson,johnson l,3,false,80,5.0173,espn-pbp/ep-20260920-230959
2127,Charleston Southern Buccaneers,2017,Robert Mitchell,mitchell r,1,false,7,-3.4584,espn-pbp/ep-20260920-230959
2429,Charlotte 49ers,2017,Hasaan Klugh,klugh h,11,true,298,-48.6446,espn-pbp/ep-20260920-230959
2429,Charlotte 49ers,2017,Brooks Barden,barden b,1,false,33,-14.0300,espn-pbp/ep-20260920-230959
236,Chattanooga Mocs,2017,Cole Copeland,copeland c,6,false,212,-2.1522,espn-pbp/ep-20260920-230959
236,Chattanooga Mocs,2017,Nick Tiano,tiano n,4,true,161,-1.7292,espn-pbp/ep-20260920-230959
236,Chattanooga Mocs,2017,Alejandro Bennifield,bennifield a,1,false,5,-0.7725,espn-pbp/ep-20260920-230959
2132,Cincinnati Bearcats,2017,Hayden Moore,moore h,12,true,412,30.2798,espn-pbp/ep-20260920-230959
2134,Clarion Golden Eagles,2017,Asiantii Woulard,woulard a,1,true,24,-21.0825,espn-pbp/ep-20260920-230959
228,Clemson Tigers,2017,Kelly Bryant,bryant k,14,true,403,71.2274,espn-pbp/ep-20260920-230959
324,Coastal Carolina Chanticleers,2017,Tyler Keane,keane t,9,true,180,42.4036,espn-pbp/ep-20260920-230959
324,Coastal Carolina Chanticleers,2017,Kilton Anderson,anderson k,3,false,113,3.5087,espn-pbp/ep-20260920-230959
2142,Colgate Raiders,2017,Grant Breneman,breneman g,9,false,240,31.9825,espn-pbp/ep-20260920-230959
2142,Colgate Raiders,2017,Carmine Scarfone,scarfone c,2,true,19,-6.4146,espn-pbp/ep-20260920-230959
108382,College of Idaho Yotes,2017,Darius-James Peterson,peterson d,1,true,28,-4.0225,espn-pbp/ep-20260920-230959
38,Colorado Buffaloes,2017,Steven Montez,montez s,12,true,384,89.8801,espn-pbp/ep-20260920-230959
36,Colorado State Rams,2017,Nick Stevens,stevens n,13,true,486,154.5014,espn-pbp/ep-20260920-230959
171,Columbia Lions,2017,Anders Hill,hill a,10,true,340,52.6294,espn-pbp/ep-20260920-230959
172,Cornell Big Red,2017,Dalton Banks,banks d,10,true,332,11.6297,espn-pbp/ep-20260920-230959
2161,Cumberland (TN) Bulldogs,2017,Dezmon Huntley,huntley d,1,true,29,-8.1530,espn-pbp/ep-20260920-230959
159,Dartmouth Big Green,2017,Jack Heneghan,heneghan j,10,true,287,44.8137,espn-pbp/ep-20260920-230959
2166,Davidson Wildcats,2017,Tyler Phelps,phelps t,7,false,301,-20.0420,espn-pbp/ep-20260920-230959
2166,Davidson Wildcats,2017,Stockton McGuire,mcguire s,2,false,78,-11.2446,espn-pbp/ep-20260920-230959
2166,Davidson Wildcats,2017,Taylor Mitchell,mitchell t,1,true,22,-12.9239,espn-pbp/ep-20260920-230959
2168,Dayton Flyers,2017,Alex Jeske,jeske a,6,false,179,27.3509,espn-pbp/ep-20260920-230959
2168,Dayton Flyers,2017,Kyle Kaparos,kaparos k,5,true,136,-3.5972,espn-pbp/ep-20260920-230959
48,Delaware Blue Hens,2017,J.P. Caruso,p. caruso j,6,false,141,-34.6446,espn-pbp/ep-20260920-230959
48,Delaware Blue Hens,2017,Joe Walker,walker j,5,true,94,13.3412,espn-pbp/ep-20260920-230959
2169,Delaware State Hornets,2017,Keenan Black,black k,5,false,161,5.5991,espn-pbp/ep-20260920-230959
2169,Delaware State Hornets,2017,Jack McDaniels,mcdaniels j,3,true,97,-26.0828,espn-pbp/ep-20260920-230959
2181,Drake Bulldogs,2017,Grant Kraemer,kraemer g,10,true,300,110.5227,espn-pbp/ep-20260920-230959
2181,Drake Bulldogs,2017,Sam Hefner,hefner s,1,false,61,-15.8040,espn-pbp/ep-20260920-230959
150,Duke Blue Devils,2017,Daniel Jones,jones d,13,true,464,2.7893,espn-pbp/ep-20260920-230959
2184,Duquesne Dukes,2017,Tommy Stuart,stuart t,11,true,311,109.7875,espn-pbp/ep-20260920-230959
151,East Carolina Pirates,2017,Thomas Sirk,sirk t,7,false,256,32.4862,espn-pbp/ep-20260920-230959
151,East Carolina Pirates,2017,Gardner Minshew,minshew g,5,true,262,49.8751,espn-pbp/ep-20260920-230959
2193,East Tennessee State Buccaneers,2017,Austin Herink,herink a,10,true,317,22.4319,espn-pbp/ep-20260920-230959
2837,East Texas A&M Lions,2017,Luis Perez,perez l,1,true,32,6.4709,espn-pbp/ep-20260920-230959
2197,Eastern Illinois Panthers,2017,Scotty Gilkey Jr,gilkey s,4,false,77,-12.5560,espn-pbp/ep-20260920-230959
2197,Eastern Illinois Panthers,2017,Bud Martin,martin b,3,false,120,-2.6334,espn-pbp/ep-20260920-230959
2197,Eastern Illinois Panthers,2017,Mitch Kimble,kimble m,3,true,96,-28.8373,espn-pbp/ep-20260920-230959
2198,Eastern Kentucky Colonels,2017,Tim Boyle,boyle t,11,true,299,-1.0525,espn-pbp/ep-20260920-230959
2199,Eastern Michigan Eagles,2017,Brogan Roback,roback b,12,true,331,39.0375,espn-pbp/ep-20260920-230959
331,Eastern Washington Eagles,2017,Gage Gubrud,gubrud g,10,true,441,95.0031,espn-pbp/ep-20260920-230959
331,Eastern Washington Eagles,2017,Eric Barriere,barriere e,1,false,26,0.5609,espn-pbp/ep-20260920-230959
2206,Edward Waters Tigers,2017,Christian Hayes,hayes c,1,true,20,-17.6469,espn-pbp/ep-20260920-230959
2210,Elon Phoenix,2017,Davis Cheek,cheek d,12,true,332,61.0268,espn-pbp/ep-20260920-230959
50,Florida A&M Rattlers,2017,Ryan Stanley,stanley r,5,false,147,13.8956,espn-pbp/ep-20260920-230959
50,Florida A&M Rattlers,2017,Vincent Jeffries,jeffries v,1,true,27,-1.8296,espn-pbp/ep-20260920-230959
2226,Florida Atlantic Owls,2017,Jason Driskel,driskel j,11,false,293,70.7296,espn-pbp/ep-20260920-230959
2226,Florida Atlantic Owls,2017,Daniel Parr,parr d,3,true,81,-10.6531,espn-pbp/ep-20260920-230959
57,Florida Gators,2017,Feleipe Franks,franks f,8,true,231,-0.6474,espn-pbp/ep-20260920-230959
57,Florida Gators,2017,Malik Zaire,zaire m,2,false,57,-4.9440,espn-pbp/ep-20260920-230959
57,Florida Gators,2017,Luke Del Rio,del rio l,1,false,25,-1.9839,espn-pbp/ep-20260920-230959
2229,Florida International Panthers,2017,Alex McGough,mcgough a,12,true,333,79.4011,espn-pbp/ep-20260920-230959
2229,Florida International Panthers,2017,Maurice Alexander,alexander m,1,false,41,-8.3927,espn-pbp/ep-20260920-230959
52,Florida State Seminoles,2017,James Blackman,blackman j,12,false,304,35.3124,espn-pbp/ep-20260920-230959
52,Florida State Seminoles,2017,Deondre Francois,francois d,1,true,33,-3.9827,espn-pbp/ep-20260920-230959
2230,Fordham Rams,2017,Kevin Anderson,anderson k,8,true,258,49.8433,espn-pbp/ep-20260920-230959
2230,Fordham Rams,2017,Luke Medlock,medlock l,2,false,100,-0.0066,espn-pbp/ep-20260920-230959
2230,Fordham Rams,2017,Austin King,king a,1,false,42,-2.9418,espn-pbp/ep-20260920-230959
2232,Fort Valley State Wildcats,2017,Slade Jarman,jarman s,1,true,19,-6.4739,espn-pbp/ep-20260920-230959
278,Fresno State Bulldogs,2017,Marcus McMaryion,mcmaryion m,11,false,359,38.7092,espn-pbp/ep-20260920-230959
278,Fresno State Bulldogs,2017,Chason Virgil,virgil c,3,true,83,4.9213,espn-pbp/ep-20260920-230959
231,Furman Paladins,2017,P.J. Blazejowski,j. blazejowski p,13,true,232,103.7236,espn-pbp/ep-20260920-230959
2241,Gardner-Webb Runnin' Bulldogs,2017,Tyrell Maxwell,maxwell t,11,true,259,-41.5907,espn-pbp/ep-20260920-230959
46,Georgetown Hoyas,2017,Gunther Johnson,johnson g,4,false,186,-43.6162,espn-pbp/ep-20260920-230959
46,Georgetown Hoyas,2017,Tim Barnes,barnes t,4,true,101,-26.5387,espn-pbp/ep-20260920-230959
46,Georgetown Hoyas,2017,Clay Norris,norris c,2,false,57,-21.0046,espn-pbp/ep-20260920-230959
61,Georgia Bulldogs,2017,Jake Fromm,fromm j,14,false,282,59.8878,espn-pbp/ep-20260920-230959
61,Georgia Bulldogs,2017,Jacob Eason,eason j,1,true,7,-1.3512,espn-pbp/ep-20260920-230959
290,Georgia Southern Eagles,2017,Shai Werts,werts s,10,true,157,-21.2709,espn-pbp/ep-20260920-230959
290,Georgia Southern Eagles,2017,Kado Brown,brown k,2,false,30,-1.3172,espn-pbp/ep-20260920-230959
2247,Georgia State Panthers,2017,Conner Manning,manning c,10,true,344,55.1137,espn-pbp/ep-20260920-230959
59,Georgia Tech Yellow Jackets,2017,TaQuon Marshall,marshall t,11,true,122,-3.1676,espn-pbp/ep-20260920-230959
2755,Grambling Tigers,2017,Devante Kincade,kincade d,5,true,135,26.6660,espn-pbp/ep-20260920-230959
2258,Guilford Quakers,2017,Karsten Miller,miller k,2,true,82,-7.5857,espn-pbp/ep-20260920-230959
2261,Hampton Pirates,2017,Delmon Williams,williams d,8,false,148,19.7058,espn-pbp/ep-20260920-230959
2261,Hampton Pirates,2017,Greene Brendan,brendan g,1,true,9,-9.4542,espn-pbp/ep-20260920-230959
108,Harvard Crimson,2017,Jake Smith,smith j,8,false,178,2.4429,espn-pbp/ep-20260920-230959
108,Harvard Crimson,2017,Joseph Viviano III,viviano j,2,true,96,4.2391,espn-pbp/ep-20260920-230959
62,Hawai'i Rainbow Warriors,2017,Dru Brown,brown d,12,true,376,-0.7614,espn-pbp/ep-20260920-230959
107,Holy Cross Crusaders,2017,Peter Pujals,pujals p,11,true,395,4.5964,espn-pbp/ep-20260920-230959
2277,Houston Christian Huskies,2017,Bailey Zappe,zappe b,9,true,255,-32.6413,espn-pbp/ep-20260920-230959
2277,Houston Christian Huskies,2017,Jesse Crebbe,crebbe j,1,false,20,-14.9126,espn-pbp/ep-20260920-230959
2277,Houston Christian Huskies,2017,Andrew Haidet,haidet a,1,false,20,-1.4929,espn-pbp/ep-20260920-230959
248,Houston Cougars,2017,Kyle Postma,postma k,5,false,177,15.8511,espn-pbp/ep-20260920-230959
248,Houston Cougars,2017,D'Eriq King,king d,4,false,139,35.4417,espn-pbp/ep-20260920-230959
248,Houston Cougars,2017,Kyle Allen,allen k,3,true,109,16.8207,espn-pbp/ep-20260920-230959
47,Howard Bison,2017,Caylin Newton,newton c,4,true,121,13.7619,espn-pbp/ep-20260920-230959
304,Idaho State Bengals,2017,Tanner Gueller,gueller t,11,true,316,59.6299,espn-pbp/ep-20260920-230959
70,Idaho Vandals,2017,Matt Linehan,linehan m,9,true,287,20.9581,espn-pbp/ep-20260920-230959
70,Idaho Vandals,2017,Colton Richardson,richardson c,2,false,67,5.8832,espn-pbp/ep-20260920-230959
70,Idaho Vandals,2017,Mason Petrino,petrino m,1,false,36,10.8907,espn-pbp/ep-20260920-230959
356,Illinois Fighting Illini,2017,Jeff George Jr.,george j,5,false,183,-6.7249,espn-pbp/ep-20260920-230959
356,Illinois Fighting Illini,2017,Chayce Crouch,crouch c,5,true,99,-9.3438,espn-pbp/ep-20260920-230959
356,Illinois Fighting Illini,2017,Cam Thomas,thomas c,2,false,66,-24.3916,espn-pbp/ep-20260920-230959
2287,Illinois State Redbirds,2017,Jake Kolbe,kolbe j,10,true,270,-4.7547,espn-pbp/ep-20260920-230959
2287,Illinois State Redbirds,2017,Malachi Broadnax,broadnax m,1,false,23,-7.7542,espn-pbp/ep-20260920-230959
2916,Incarnate Word Cardinals,2017,Sean Brophy,brophy s,7,false,243,-30.4729,espn-pbp/ep-20260920-230959
2916,Incarnate Word Cardinals,2017,Taylor Laird,laird t,4,true,122,-15.5091,espn-pbp/ep-20260920-230959
84,Indiana Hoosiers,2017,Richard Lagow,lagow r,8,true,307,14.5663,espn-pbp/ep-20260920-230959
84,Indiana Hoosiers,2017,Peyton Ramsey,ramsey p,4,false,218,6.5115,espn-pbp/ep-20260920-230959
282,Indiana State Sycamores,2017,Cade Sparks,sparks c,6,false,160,-37.5793,espn-pbp/ep-20260920-230959
282,Indiana State Sycamores,2017,Isaac Harker,harker i,5,true,108,-29.6050,espn-pbp/ep-20260920-230959
2294,Iowa Hawkeyes,2017,Nathan Stanley,stanley n,13,true,333,22.5915,espn-pbp/ep-20260920-230959
66,Iowa State Cyclones,2017,Kyle Kempt,kempt k,8,false,253,88.0553,espn-pbp/ep-20260920-230959
66,Iowa State Cyclones,2017,Jacob Park,park j,4,true,159,17.5946,espn-pbp/ep-20260920-230959
66,Iowa State Cyclones,2017,Zeb Noland,noland z,1,false,70,13.8774,espn-pbp/ep-20260920-230959
2296,Jackson State Tigers,2017,Brent Lyles,lyles b,2,true,27,-0.4520,espn-pbp/ep-20260920-230959
2296,Jackson State Tigers,2017,Jordan Williams,williams j,1,false,23,-4.0377,espn-pbp/ep-20260920-230959
294,Jacksonville Dolphins,2017,Rylan Wells,wells r,11,true,163,46.4079,espn-pbp/ep-20260920-230959
55,Jacksonville State Gamecocks,2017,Bryant Horn,horn b,12,true,222,9.6115,espn-pbp/ep-20260920-230959
55,Jacksonville State Gamecocks,2017,Kendrick Doss,doss k,0,false,60,7.1085,espn-pbp/ep-20260920-230959
256,James Madison Dukes,2017,Bryan Schor,schor b,15,true,426,100.2017,espn-pbp/ep-20260920-230959
2305,Kansas Jayhawks,2017,Peyton Bender,bender p,8,true,284,-17.5765,espn-pbp/ep-20260920-230959
2305,Kansas Jayhawks,2017,Carter Stanley,stanley c,4,false,191,-22.8651,espn-pbp/ep-20260920-230959
2306,Kansas State Wildcats,2017,Jesse Ertz,ertz j,5,true,85,13.3468,espn-pbp/ep-20260920-230959
2306,Kansas State Wildcats,2017,Skylar Thompson,thompson s,4,false,77,-13.3957,espn-pbp/ep-20260920-230959
2306,Kansas State Wildcats,2017,Alex Delton,delton a,4,false,63,-6.8570,espn-pbp/ep-20260920-230959
338,Kennesaw State Owls,2017,Chandler Burks,burks c,14,true,162,48.8923,espn-pbp/ep-20260920-230959
2309,Kent State Golden Flashes,2017,George Bollas,bollas g,8,false,192,-31.8722,espn-pbp/ep-20260920-230959
2309,Kent State Golden Flashes,2017,Dustin Crum,crum d,2,false,32,-4.3407,espn-pbp/ep-20260920-230959
2309,Kent State Golden Flashes,2017,Nick Holley,holley n,2,true,21,-4.8055,espn-pbp/ep-20260920-230959
3077,Kentucky Christian Knights,2017,Jakwon Roberts,roberts j,1,true,22,-17.3399,espn-pbp/ep-20260920-230959
2316,Kentucky Wesleyan Panthers,2017,Mike McGee,mcgee m,1,true,25,-9.2590,espn-pbp/ep-20260920-230959
96,Kentucky Wildcats,2017,Stephen Johnson,johnson s,13,true,320,46.0347,espn-pbp/ep-20260920-230959
99,LSU Tigers,2017,Danny Etling,etling d,13,true,283,66.2792,espn-pbp/ep-20260920-230959
322,Lafayette Leopards,2017,Sean O'Malley,o'malley s,10,true,375,-47.4147,espn-pbp/ep-20260920-230959
322,Lafayette Leopards,2017,John Chiarolanzio,chiarolanzio j,1,false,25,-2.2323,espn-pbp/ep-20260920-230959
2320,Lamar Cardinals,2017,Darrel Colbert Jr.,colbert d,5,true,141,-34.0824,espn-pbp/ep-20260920-230959
2320,Lamar Cardinals,2017,Andrew Allen,allen a,3,false,130,-18.0015,espn-pbp/ep-20260920-230959
2320,Lamar Cardinals,2017,Blake McKenzie,mckenzie b,2,false,104,-12.5728,espn-pbp/ep-20260920-230959
2329,Lehigh Mountain Hawks,2017,Brad Mayes,mayes b,11,true,416,139.9450,espn-pbp/ep-20260920-230959
2335,Liberty Flames,2017,Stephen Calvert,calvert s,11,true,450,68.6159,espn-pbp/ep-20260920-230959
2940,Livingstone Blue Bears,2017,Thaddeus Bell,bell t,1,true,17,-15.4228,espn-pbp/ep-20260920-230959
209,Lock Haven University Bald Eagles,2017,Cameron Tobias,tobias c,1,true,33,-15.6366,espn-pbp/ep-20260920-230959
309,Louisiana Ragin' Cajuns,2017,Jordan Davis,davis j,6,true,189,-10.1591,espn-pbp/ep-20260920-230959
309,Louisiana Ragin' Cajuns,2017,Levi Lewis,lewis l,3,false,56,-1.3363,espn-pbp/ep-20260920-230959
309,Louisiana Ragin' Cajuns,2017,Andre Nunez,nunez a,2,false,103,32.6770,espn-pbp/ep-20260920-230959
2348,Louisiana Tech Bulldogs,2017,J'Mar Smith,smith j,13,true,440,67.7983,espn-pbp/ep-20260920-230959
97,Louisville Cardinals,2017,Lamar Jackson,jackson l,13,true,435,122.5963,espn-pbp/ep-20260920-230959
311,Maine Black Bears,2017,Chris Ferguson,ferguson c,10,true,319,-13.7339,espn-pbp/ep-20260920-230959
2368,Marist Red Foxes,2017,Mike White,white m,9,true,358,-14.5750,espn-pbp/ep-20260920-230959
2368,Marist Red Foxes,2017,Jacob Hallenbeck,hallenbeck j,2,false,49,-8.2922,espn-pbp/ep-20260920-230959
2368,Marist Red Foxes,2017,Lawson Page,page l,0,false,51,12.1479,espn-pbp/ep-20260920-230959
2369,Mars Hill Lions,2017,David Salmon,salmon d,1,true,33,4.1369,espn-pbp/ep-20260920-230959
276,Marshall Thundering Herd,2017,Chase Litton,litton c,13,true,460,87.2053,espn-pbp/ep-20260920-230959
2371,Mary Hardin-Baylor Crusaders,2017,Carl Robinson III,robinson c,1,true,19,-4.8633,espn-pbp/ep-20260920-230959
120,Maryland Terrapins,2017,Max Bortenschlager,bortenschlager m,8,false,235,-32.0324,espn-pbp/ep-20260920-230959
120,Maryland Terrapins,2017,Kasim Hill,hill k,2,false,24,15.3709,espn-pbp/ep-20260920-230959
120,Maryland Terrapins,2017,Ryan Brand,brand r,1,false,50,-11.7830,espn-pbp/ep-20260920-230959
120,Maryland Terrapins,2017,Tyrrell Pigrome,pigrome t,1,true,11,9.2589,espn-pbp/ep-20260920-230959
113,Massachusetts Minutemen,2017,Andrew Ford,ford a,10,true,368,103.5202,espn-pbp/ep-20260920-230959
113,Massachusetts Minutemen,2017,Ross Comis,comis r,2,false,89,6.6971,espn-pbp/ep-20260920-230959
2377,McNeese Cowboys,2017,James Tabary,tabary j,10,true,275,9.3641,espn-pbp/ep-20260920-230959
235,Memphis Tigers,2017,Riley Ferguson,ferguson r,13,true,446,141.6956,espn-pbp/ep-20260920-230959
2382,Mercer Bears,2017,Kaelan Riley,riley k,11,true,273,7.6273,espn-pbp/ep-20260920-230959
2771,Merrimack Warriors,2017,Cj Scarpa,scarpa c,1,true,76,14.4912,espn-pbp/ep-20260920-230959
291,Methodist Monarchs,2017,Devan Cox,cox d,1,true,4,2.3783,espn-pbp/ep-20260920-230959
193,Miami (OH) RedHawks,2017,Gus Ragland,ragland g,9,true,286,61.3235,espn-pbp/ep-20260920-230959
193,Miami (OH) RedHawks,2017,Billy Bahl,bahl b,3,false,122,11.1212,espn-pbp/ep-20260920-230959
2390,Miami Hurricanes,2017,Malik Rosier,rosier m,13,true,416,10.0844,espn-pbp/ep-20260920-230959
127,Michigan State Spartans,2017,Brian Lewerke,lewerke b,13,true,427,66.0580,espn-pbp/ep-20260920-230959
130,Michigan Wolverines,2017,John O'Korn,o'korn j,5,false,159,-17.3243,espn-pbp/ep-20260920-230959
130,Michigan Wolverines,2017,Brandon Peters,peters b,4,false,113,9.9100,espn-pbp/ep-20260920-230959
130,Michigan Wolverines,2017,Wilton Speight,speight w,4,true,80,3.1335,espn-pbp/ep-20260920-230959
2393,Middle Tennessee Blue Raiders,2017,John Urzua,urzua j,6,false,231,17.0003,espn-pbp/ep-20260920-230959
2393,Middle Tennessee Blue Raiders,2017,Brent Stockstill,stockstill b,6,true,196,-0.2013,espn-pbp/ep-20260920-230959
2393,Middle Tennessee Blue Raiders,2017,Mike White,white m,1,false,,,espn-pbp/ep-20260920-230959
2396,Miles College Golden Bears,2017,Li'Jon Cordier,cordier l,1,true,11,-4.8536,espn-pbp/ep-20260920-230959
135,Minnesota Golden Gophers,2017,Demry Croft,croft d,6,false,125,-26.1466,espn-pbp/ep-20260920-230959
135,Minnesota Golden Gophers,2017,Conor Rhoda,rhoda c,6,true,117,-1.1595,espn-pbp/ep-20260920-230959
344,Mississippi State Bulldogs,2017,Nick Fitzgerald,fitzgerald n,12,true,299,7.4851,espn-pbp/ep-20260920-230959
344,Mississippi State Bulldogs,2017,Keytaon Thompson,thompson k,1,false,68,-7.8386,espn-pbp/ep-20260920-230959
2400,Mississippi Valley State Delta Devils,2017,Christopher Fowler,fowler c,2,false,75,-7.4089,espn-pbp/ep-20260920-230959
2400,Mississippi Valley State Delta Devils,2017,Jett Even,even j,2,true,24,-16.1863,espn-pbp/ep-20260920-230959
2400,Mississippi Valley State Delta Devils,2017,Dewayne Betts,betts d,0,false,57,-17.6950,espn-pbp/ep-20260920-230959
2623,Missouri State Bears,2017,Peyton Huslig,huslig p,11,true,294,1.1888,espn-pbp/ep-20260920-230959
142,Missouri Tigers,2017,Drew Lock,lock d,13,true,437,103.2593,espn-pbp/ep-20260920-230959
2405,Monmouth Hawks,2017,Kenji Bahar,bahar k,11,true,270,42.3053,espn-pbp/ep-20260920-230959
149,Montana Grizzlies,2017,Gresch Jensen,jensen g,7,false,251,47.8805,espn-pbp/ep-20260920-230959
149,Montana Grizzlies,2017,Reese Phillips,phillips r,3,true,83,17.8048,espn-pbp/ep-20260920-230959
149,Montana Grizzlies,2017,Makena Simis,simis m,1,false,16,-16.4831,espn-pbp/ep-20260920-230959
147,Montana State Bobcats,2017,Chris Murray,murray c,11,true,226,16.2119,espn-pbp/ep-20260920-230959
2701,Montana-Western Bulldogs,2017,Bennett Gibson,gibson b,1,true,25,-14.4406,espn-pbp/ep-20260920-230959
2413,Morehead State Eagles,2017,Lawson Page,page l,11,true,310,21.1924,espn-pbp/ep-20260920-230959
2413,Morehead State Eagles,2017,Jack Sherry,sherry j,0,false,55,-0.6038,espn-pbp/ep-20260920-230959
2415,Morgan State Bears,2017,DeAndre Harris,harris d,2,true,57,12.2826,espn-pbp/ep-20260920-230959
2415,Morgan State Bears,2017,Elijah Staley,staley e,2,false,56,-26.2943,espn-pbp/ep-20260920-230959
426,Mount Union Raiders,2017,D'Angelo Fulford,fulford d,1,true,21,-2.9030,espn-pbp/ep-20260920-230959
93,Murray State Racers,2017,Shuler Bentley,bentley s,8,true,336,-24.0072,espn-pbp/ep-20260920-230959
93,Murray State Racers,2017,Corey Newble,newble c,2,false,66,-22.1962,espn-pbp/ep-20260920-230959
93,Murray State Racers,2017,Troy Cook,cook t,1,false,,,espn-pbp/ep-20260920-230959
152,NC State Wolfpack,2017,Ryan Finley,finley r,13,true,482,97.3801,espn-pbp/ep-20260920-230959
2426,Navy Midshipmen,2017,Zach Abey,abey z,11,true,59,4.0908,espn-pbp/ep-20260920-230959
2426,Navy Midshipmen,2017,Malcolm Perry,perry m,1,false,2,-1.5111,espn-pbp/ep-20260920-230959
158,Nebraska Cornhuskers,2017,Tanner Lee,lee t,12,true,439,48.3650,espn-pbp/ep-20260920-230959
2440,Nevada Wolf Pack,2017,Ty Gangi,gangi t,10,true,387,30.0625,espn-pbp/ep-20260920-230959
2440,Nevada Wolf Pack,2017,Kaymen Cureton,cureton k,2,false,42,3.5130,espn-pbp/ep-20260920-230959
160,New Hampshire Wildcats,2017,Trevor Knight,knight t,14,true,483,79.4762,espn-pbp/ep-20260920-230959
167,New Mexico Lobos,2017,Lamar Jordan,jordan l,9,true,96,-14.2567,espn-pbp/ep-20260920-230959
167,New Mexico Lobos,2017,Tevaka Tuioti,tuioti t,2,false,125,-15.9934,espn-pbp/ep-20260920-230959
167,New Mexico Lobos,2017,Coltin Gerhart,gerhart c,1,false,31,5.8724,espn-pbp/ep-20260920-230959
166,New Mexico State Aggies,2017,Tyler Rogers,rogers t,12,true,559,46.1213,espn-pbp/ep-20260920-230959
166,New Mexico State Aggies,2017,Nick Jeanty,jeanty n,1,false,72,-2.5528,espn-pbp/ep-20260920-230959
2444,Newberry Wolves,2017,Nick Jones,jones n,1,true,30,3.8457,espn-pbp/ep-20260920-230959
2447,Nicholls Colonels,2017,Chase Fourcade,fourcade c,11,true,314,14.3456,espn-pbp/ep-20260920-230959
2447,Nicholls Colonels,2017,Tuskani Figaro,figaro t,1,false,24,-5.7902,espn-pbp/ep-20260920-230959
2450,Norfolk State Spartans,2017,Juwan Carter,carter j,6,false,214,-19.0654,espn-pbp/ep-20260920-230959
2450,Norfolk State Spartans,2017,Tripp Harrington,harrington t,2,true,32,-9.5133,espn-pbp/ep-20260920-230959
2448,North Carolina A&T Aggies,2017,Lamar Raynard,raynard l,9,true,241,75.3682,espn-pbp/ep-20260920-230959
2428,North Carolina Central Eagles,2017,Chauncey Caldwell,caldwell c,8,false,222,-22.1553,espn-pbp/ep-20260920-230959
2428,North Carolina Central Eagles,2017,Micah Zanders,zanders m,2,true,22,-10.9217,espn-pbp/ep-20260920-230959
153,North Carolina Tar Heels,2017,Chazz Surratt,surratt c,6,false,187,5.0658,espn-pbp/ep-20260920-230959
153,North Carolina Tar Heels,2017,Nathan Elliott,elliott n,3,false,146,13.6625,espn-pbp/ep-20260920-230959
153,North Carolina Tar Heels,2017,Brandon Harris,harris b,3,true,71,-16.2659,espn-pbp/ep-20260920-230959
155,North Dakota Fighting Hawks,2017,Keaton Studsrud,studsrud k,9,true,239,43.8181,espn-pbp/ep-20260920-230959
155,North Dakota Fighting Hawks,2017,Brad Heidlebaugh,heidlebaugh b,1,false,25,-16.8329,espn-pbp/ep-20260920-230959
2449,North Dakota State Bison,2017,Easton Stick,stick e,15,true,267,99.5077,espn-pbp/ep-20260920-230959
2822,North Greenville Crusaders,2017,Will Hunter,hunter w,1,true,35,11.2815,espn-pbp/ep-20260920-230959
249,North Texas Mean Green,2017,Mason Fine,fine m,14,true,510,121.9294,espn-pbp/ep-20260920-230959
2464,Northern Arizona Lumberjacks,2017,Case Cookus,cookus c,12,true,509,85.1179,espn-pbp/ep-20260920-230959
2458,Northern Colorado Bears,2017,Conor Regan,regan c,5,false,188,-0.6376,espn-pbp/ep-20260920-230959
2458,Northern Colorado Bears,2017,Jacob Knipp,knipp j,5,true,156,51.0520,espn-pbp/ep-20260920-230959
2459,Northern Illinois Huskies,2017,Marcus Childers,childers m,9,false,230,9.6219,espn-pbp/ep-20260920-230959
2459,Northern Illinois Huskies,2017,Daniel Santacaterina,santacaterina d,3,false,96,3.2346,espn-pbp/ep-20260920-230959
2459,Northern Illinois Huskies,2017,Ryan Graham,graham r,1,true,41,-1.0093,espn-pbp/ep-20260920-230959
2460,Northern Iowa Panthers,2017,Eli Dunne,dunne e,12,true,330,49.6553,espn-pbp/ep-20260920-230959
2460,Northern Iowa Panthers,2017,Colton Howell,howell c,1,false,51,18.6093,espn-pbp/ep-20260920-230959
2466,Northwestern State Demons,2017,Clay Holgorsen,holgorsen c,6,false,127,-3.4506,espn-pbp/ep-20260920-230959
2466,Northwestern State Demons,2017,J.D. Almond,d. almond j,4,true,109,-5.0064,espn-pbp/ep-20260920-230959
77,Northwestern Wildcats,2017,Clayton Thorson,thorson c,13,true,454,16.1636,espn-pbp/ep-20260920-230959
87,Notre Dame Fighting Irish,2017,Brandon Wimbush,wimbush b,12,true,276,7.1496,espn-pbp/ep-20260920-230959
87,Notre Dame Fighting Irish,2017,Ian Book,book i,1,false,75,7.7358,espn-pbp/ep-20260920-230959
195,Ohio Bobcats,2017,Nathan Rourke,rourke n,11,false,280,32.2514,espn-pbp/ep-20260920-230959
195,Ohio Bobcats,2017,Quinton Maxwell,maxwell q,1,true,22,-8.6282,espn-pbp/ep-20260920-230959
194,Ohio State Buckeyes,2017,J.T. Barrett,t. barrett j,14,true,354,61.7548,espn-pbp/ep-20260920-230959
194,Ohio State Buckeyes,2017,Dwayne Haskins,haskins d,0,false,58,27.1311,espn-pbp/ep-20260920-230959
201,Oklahoma Sooners,2017,Baker Mayfield,mayfield b,14,true,397,222.1200,espn-pbp/ep-20260920-230959
197,Oklahoma State Cowboys,2017,Mason Rudolph,rudolph m,13,true,491,186.8323,espn-pbp/ep-20260920-230959
295,Old Dominion Monarchs,2017,Steven Williams,williams s,7,false,272,-21.9882,espn-pbp/ep-20260920-230959
295,Old Dominion Monarchs,2017,Blake LaRussa,larussa b,4,true,69,-5.2857,espn-pbp/ep-20260920-230959
295,Old Dominion Monarchs,2017,Jordan Hoy,hoy j,1,false,19,-11.1591,espn-pbp/ep-20260920-230959
145,Ole Miss Rebels,2017,Shea Patterson,patterson s,7,true,267,49.3086,espn-pbp/ep-20260920-230959
145,Ole Miss Rebels,2017,Jordan Ta'amu,ta'amu j,5,false,171,44.6351,espn-pbp/ep-20260920-230959
2483,Oregon Ducks,2017,Justin Herbert,herbert j,8,true,212,81.0559,espn-pbp/ep-20260920-230959
2483,Oregon Ducks,2017,Braxton Burmeister,burmeister b,5,false,79,-19.6815,espn-pbp/ep-20260920-230959
204,Oregon State Beavers,2017,Darell Garretson,garretson d,8,false,229,3.8541,espn-pbp/ep-20260920-230959
204,Oregon State Beavers,2017,Jake Luton,luton j,4,true,140,7.0542,espn-pbp/ep-20260920-230959
213,Penn State Nittany Lions,2017,Trace McSorley,mcsorley t,13,true,443,150.7823,espn-pbp/ep-20260920-230959
219,Pennsylvania Quakers,2017,Will Fischer-Colbrie,fischer-colbrie w,8,true,159,25.7630,espn-pbp/ep-20260920-230959
219,Pennsylvania Quakers,2017,Nick Robinson,robinson n,1,false,74,10.5446,espn-pbp/ep-20260920-230959
221,Pittsburgh Panthers,2017,Ben Dinucci,dinucci b,6,false,162,4.5063,espn-pbp/ep-20260920-230959
221,Pittsburgh Panthers,2017,Max Browne,browne m,5,true,135,25.6789,espn-pbp/ep-20260920-230959
221,Pittsburgh Panthers,2017,Kenny Pickett,pickett k,1,false,67,2.2175,espn-pbp/ep-20260920-230959
2932,Point University Skyhawks,2017,Derek Bellard,bellard d,1,true,9,-0.5335,espn-pbp/ep-20260920-230959
2502,Portland State Vikings,2017,Jalani Eason,eason j,5,true,141,-20.3852,espn-pbp/ep-20260920-230959
2502,Portland State Vikings,2017,Davis Alexander,alexander d,3,false,163,29.0403,espn-pbp/ep-20260920-230959
2502,Portland State Vikings,2017,Josh Kraght,kraght j,3,false,145,-16.4189,espn-pbp/ep-20260920-230959
2504,Prairie View A&M Panthers,2017,Neiko Hollins,hollins n,6,false,255,25.5983,espn-pbp/ep-20260920-230959
2504,Prairie View A&M Panthers,2017,LaVell McCullers,mccullers l,5,true,146,0.8635,espn-pbp/ep-20260920-230959
2506,Presbyterian Blue Hose,2017,Ben Cheek,cheek b,8,true,144,-5.8671,espn-pbp/ep-20260920-230959
2506,Presbyterian Blue Hose,2017,Will Brock,brock w,2,false,93,1.3585,espn-pbp/ep-20260920-230959
2506,Presbyterian Blue Hose,2017,John Walker,walker j,1,false,11,-13.7141,espn-pbp/ep-20260920-230959
163,Princeton Tigers,2017,Chad Kanoff,kanoff c,9,true,376,155.0625,espn-pbp/ep-20260920-230959
2509,Purdue Boilermakers,2017,Elijah Sindelar,sindelar e,7,true,328,0.1878,espn-pbp/ep-20260920-230959
2509,Purdue Boilermakers,2017,David Blough,blough d,5,false,151,8.2635,espn-pbp/ep-20260920-230959
227,Rhode Island Rams,2017,Tyler Harris,harris t,5,true,205,-29.8748,espn-pbp/ep-20260920-230959
227,Rhode Island Rams,2017,JaJuan Lawson,lawson j,5,false,173,11.0555,espn-pbp/ep-20260920-230959
227,Rhode Island Rams,2017,Joe Carbone,carbone j,1,false,,,espn-pbp/ep-20260920-230959
242,Rice Owls,2017,Miklo Smalls,smalls m,5,false,78,8.9469,espn-pbp/ep-20260920-230959
242,Rice Owls,2017,Sam Glaesmann,glaesmann s,5,true,75,-19.3086,espn-pbp/ep-20260920-230959
242,Rice Owls,2017,Jackson Tyner,tyner j,2,false,71,-10.9358,espn-pbp/ep-20260920-230959
257,Richmond Spiders,2017,Kyle Lauletta,lauletta k,9,true,420,80.3950,espn-pbp/ep-20260920-230959
257,Richmond Spiders,2017,Kyle McCloskey,mccloskey k,1,false,,,espn-pbp/ep-20260920-230959
2523,Robert Morris Colonials,2017,Jimmy Walker,walker j,8,true,287,0.3601,espn-pbp/ep-20260920-230959
2523,Robert Morris Colonials,2017,Mathew Barr,barr m,3,false,69,-52.7971,espn-pbp/ep-20260920-230959
164,Rutgers Scarlet Knights,2017,Giovanni Rescigno,rescigno g,7,false,102,-18.3235,espn-pbp/ep-20260920-230959
164,Rutgers Scarlet Knights,2017,Kyle Bolin,bolin k,5,true,132,-18.5814,espn-pbp/ep-20260920-230959
2545,SE Louisiana Lions,2017,Lorenzo Nunez,nunez l,9,false,148,-2.9031,espn-pbp/ep-20260920-230959
2545,SE Louisiana Lions,2017,Donovan Isom,isom d,1,true,25,-3.5231,espn-pbp/ep-20260920-230959
2567,SMU Mustangs,2017,Ben Hicks,hicks b,13,true,480,87.2786,espn-pbp/ep-20260920-230959
16,Sacramento State Hornets,2017,Kevin Thomson,thomson k,8,true,182,53.5147,espn-pbp/ep-20260920-230959
16,Sacramento State Hornets,2017,Roman Ale,ale r,2,false,57,0.6897,espn-pbp/ep-20260920-230959
16,Sacramento State Hornets,2017,Wyatt Clapper,clapper w,1,false,16,-6.1368,espn-pbp/ep-20260920-230959
2529,Sacred Heart Pioneers,2017,Kevin Duke,duke k,11,true,378,52.4160,espn-pbp/ep-20260920-230959
2598,Saint Francis Red Flash,2017,Bear Fenimore,fenimore b,10,true,293,14.6407,espn-pbp/ep-20260920-230959
2598,Saint Francis Red Flash,2017,Freddy Bopst,bopst f,1,false,26,-2.6319,espn-pbp/ep-20260920-230959
2534,Sam Houston Bearkats,2017,Jeremiah Briscoe,briscoe j,14,true,613,141.3957,espn-pbp/ep-20260920-230959
2535,Samford Bulldogs,2017,Devlin Hodges,hodges d,12,true,546,103.8273,espn-pbp/ep-20260920-230959
21,San Diego State Aztecs,2017,Christian Chapman,chapman c,13,true,266,52.9068,espn-pbp/ep-20260920-230959
301,San Diego Toreros,2017,Anthony Lawrence,lawrence a,13,true,356,141.7317,espn-pbp/ep-20260920-230959
23,San José State Spartans,2017,Montel Aaron,aaron m,8,false,227,-7.5501,espn-pbp/ep-20260920-230959
23,San José State Spartans,2017,Josh Love,love j,5,true,178,-12.7257,espn-pbp/ep-20260920-230959
2542,Savannah State Tigers,2017,D'Vonn Gibbons,gibbons d,8,false,161,3.6842,espn-pbp/ep-20260920-230959
2542,Savannah State Tigers,2017,TJ Bell,bell t,2,true,34,-8.9130,espn-pbp/ep-20260920-230959
2560,Shorter Hawks,2017,Tyler Pullum,pullum t,1,true,28,8.6280,espn-pbp/ep-20260920-230959
6,South Alabama Jaguars,2017,Cole Garvin,garvin c,6,true,238,-19.5282,espn-pbp/ep-20260920-230959
6,South Alabama Jaguars,2017,Dallas Davis,davis d,6,false,179,17.5180,espn-pbp/ep-20260920-230959
2579,South Carolina Gamecocks,2017,Jake Bentley,bentley j,13,true,404,35.2391,espn-pbp/ep-20260920-230959
2569,South Carolina State Bulldogs,2017,Dewann Ford,ford d,6,true,190,-21.5351,espn-pbp/ep-20260920-230959
233,South Dakota Coyotes,2017,Chris Streveler,streveler c,11,true,447,103.8152,espn-pbp/ep-20260920-230959
2571,South Dakota State Jackrabbits,2017,Taryn Christion,christion t,14,true,449,138.1121,espn-pbp/ep-20260920-230959
58,South Florida Bulls,2017,Quinton Flowers,flowers q,12,true,357,52.0998,espn-pbp/ep-20260920-230959
2546,Southeast Missouri State Redhawks,2017,Jesse Hosket,hosket j,11,true,343,-42.0412,espn-pbp/ep-20260920-230959
79,Southern Illinois Salukis,2017,Sam Straub,straub s,8,true,274,24.5195,espn-pbp/ep-20260920-230959
79,Southern Illinois Salukis,2017,Matt DeSomer,desomer m,2,false,41,-9.1461,espn-pbp/ep-20260920-230959
79,Southern Illinois Salukis,2017,Tanner Hearn,hearn t,1,false,76,-22.8396,espn-pbp/ep-20260920-230959
2582,Southern Jaguars,2017,Austin Howard,howard a,8,true,248,56.0822,espn-pbp/ep-20260920-230959
2582,Southern Jaguars,2017,Glendon McDaniel,mcdaniel g,1,false,30,-23.8494,espn-pbp/ep-20260920-230959
2582,Southern Jaguars,2017,Darquez Lee,lee d,1,false,23,-18.9265,espn-pbp/ep-20260920-230959
2572,Southern Miss Golden Eagles,2017,Kwadra Griggs,griggs k,7,false,274,26.5089,espn-pbp/ep-20260920-230959
2572,Southern Miss Golden Eagles,2017,Keon Howard,howard k,6,true,172,-3.1978,espn-pbp/ep-20260920-230959
253,Southern Utah Thunderbirds,2017,Patrick Tyler,tyler p,11,true,362,51.1891,espn-pbp/ep-20260920-230959
253,Southern Utah Thunderbirds,2017,Aaron Zwahlen,zwahlen a,1,false,66,-11.3239,espn-pbp/ep-20260920-230959
616,Southwestern College Moundbuilders,2017,Christian Gordon,gordon c,1,false,25,-13.2736,espn-pbp/ep-20260920-230959
2830,St. Anselm Hawks,2017,Eric Fairweather,fairweather e,1,true,15,-15.3384,espn-pbp/ep-20260920-230959
24,Stanford Cardinal,2017,K.J. Costello,j. costello k,7,false,203,50.4674,espn-pbp/ep-20260920-230959
24,Stanford Cardinal,2017,Keller Chryst,chryst k,7,true,143,15.7869,espn-pbp/ep-20260920-230959
2617,Stephen F. Austin Lumberjacks,2017,Jake Blumrick,blumrick j,8,true,321,-24.9540,espn-pbp/ep-20260920-230959
2617,Stephen F. Austin Lumberjacks,2017,Foster Sawyer,sawyer f,3,false,110,1.2372,espn-pbp/ep-20260920-230959
56,Stetson Hatters,2017,Colin McGovern,mcgovern c,10,true,386,18.6891,espn-pbp/ep-20260920-230959
56,Stetson Hatters,2017,Will Marty,marty w,1,false,16,-3.6492,espn-pbp/ep-20260920-230959
2619,Stony Brook Seawolves,2017,Joe Carbone,carbone j,10,true,280,12.2945,espn-pbp/ep-20260920-230959
2619,Stony Brook Seawolves,2017,Tyler Harris,harris t,1,false,,,espn-pbp/ep-20260920-230959
183,Syracuse Orange,2017,Eric Dungey,dungey e,9,true,384,16.9091,espn-pbp/ep-20260920-230959
183,Syracuse Orange,2017,Zack Mahoney,mahoney z,2,false,90,-12.6449,espn-pbp/ep-20260920-230959
183,Syracuse Orange,2017,Rex Culpepper,culpepper r,1,false,75,-6.8198,espn-pbp/ep-20260920-230959
2628,TCU Horned Frogs,2017,Kenny Hill,hill k,13,true,400,64.4807,espn-pbp/ep-20260920-230959
2628,TCU Horned Frogs,2017,Shawn Robinson,robinson s,1,false,29,1.2063,espn-pbp/ep-20260920-230959
620,Taylor Trojans,2017,Everett Pollard,pollard e,1,true,36,1.7878,espn-pbp/ep-20260920-230959
218,Temple Owls,2017,Logan Marchi,marchi l,7,true,259,10.5407,espn-pbp/ep-20260920-230959
218,Temple Owls,2017,Frank Nutile,nutile f,6,false,201,56.1856,espn-pbp/ep-20260920-230959
2634,Tennessee State Tigers,2017,Michael Hughes,hughes m,6,false,147,20.8001,espn-pbp/ep-20260920-230959
2634,Tennessee State Tigers,2017,Treon Harris,harris t,2,true,56,0.5424,espn-pbp/ep-20260920-230959
2635,Tennessee Tech Golden Eagles,2017,Andre Sale,sale a,7,true,219,1.6584,espn-pbp/ep-20260920-230959
2635,Tennessee Tech Golden Eagles,2017,Luke Ward,ward l,3,false,106,-5.9313,espn-pbp/ep-20260920-230959
2635,Tennessee Tech Golden Eagles,2017,Adam Browner,browner a,1,false,30,-9.9389,espn-pbp/ep-20260920-230959
2633,Tennessee Volunteers,2017,Jarrett Guarantano,guarantano j,6,false,143,8.9762,espn-pbp/ep-20260920-230959
2633,Tennessee Volunteers,2017,Quinten Dormady,dormady q,5,true,139,-4.1712,espn-pbp/ep-20260920-230959
2633,Tennessee Volunteers,2017,Will McBride,mcbride w,1,false,40,-14.7808,espn-pbp/ep-20260920-230959
245,Texas A&M Aggies,2017,Kellen Mond,mond k,8,false,231,-14.8775,espn-pbp/ep-20260920-230959
245,Texas A&M Aggies,2017,Nick Starkel,starkel n,5,true,211,65.9987,espn-pbp/ep-20260920-230959
251,Texas Longhorns,2017,Shane Buechele,buechele s,7,true,227,-7.9772,espn-pbp/ep-20260920-230959
251,Texas Longhorns,2017,Sam Ehlinger,ehlinger s,6,false,190,13.6819,espn-pbp/ep-20260920-230959
2640,Texas Southern Tigers,2017,Dominic DeLira,delira d,3,false,99,-10.0811,espn-pbp/ep-20260920-230959
2640,Texas Southern Tigers,2017,Elijah Odom,odom e,2,false,44,-14.7082,espn-pbp/ep-20260920-230959
2640,Texas Southern Tigers,2017,Jay Christophe,christophe j,1,true,30,2.8241,espn-pbp/ep-20260920-230959
326,Texas State Bobcats,2017,Damian Williams,williams d,11,true,296,-3.4791,espn-pbp/ep-20260920-230959
2641,Texas Tech Red Raiders,2017,Nic Shimonek,shimonek n,12,true,463,105.0650,espn-pbp/ep-20260920-230959
2641,Texas Tech Red Raiders,2017,McLane Carter,carter m,1,false,47,2.1303,espn-pbp/ep-20260920-230959
2643,The Citadel Bulldogs,2017,Dominique Allen,allen d,9,true,88,-30.8621,espn-pbp/ep-20260920-230959
2643,The Citadel Bulldogs,2017,Jordan Black,black j,2,false,49,3.0035,espn-pbp/ep-20260920-230959
2649,Toledo Rockets,2017,Logan Woodside,woodside l,14,true,425,120.4895,espn-pbp/ep-20260920-230959
119,Towson Tigers,2017,Ryan Stover,stover r,9,true,302,-11.5074,espn-pbp/ep-20260920-230959
2653,Troy Trojans,2017,Brandon Silvers,silvers b,12,true,382,52.5246,espn-pbp/ep-20260920-230959
2655,Tulane Green Wave,2017,Jonathan Banks,banks j,10,true,201,55.8835,espn-pbp/ep-20260920-230959
2655,Tulane Green Wave,2017,Johnathan Brantley,brantley j,1,false,9,-5.5667,espn-pbp/ep-20260920-230959
202,Tulsa Golden Hurricane,2017,Chad President,president c,7,true,168,-0.4426,espn-pbp/ep-20260920-230959
202,Tulsa Golden Hurricane,2017,Luke Skipper,skipper l,5,false,130,0.8195,espn-pbp/ep-20260920-230959
2657,Tuskegee Golden Tigers,2017,Jamarcus Ezell,ezell j,1,true,18,-2.7134,espn-pbp/ep-20260920-230959
5,UAB Blazers,2017,A.J. Erdely,j. erdely a,13,true,338,19.1187,espn-pbp/ep-20260920-230959
399,UAlbany Great Danes,2017,Will Brunson,brunson w,8,true,182,-7.1090,espn-pbp/ep-20260920-230959
302,UC Davis Aggies,2017,Jake Maier,maier j,11,true,419,98.8099,espn-pbp/ep-20260920-230959
2116,UCF Knights,2017,McKenzie Milton,milton m,13,true,402,155.3615,espn-pbp/ep-20260920-230959
26,UCLA Bruins,2017,Josh Rosen,rosen j,11,true,457,129.3025,espn-pbp/ep-20260920-230959
26,UCLA Bruins,2017,Devon Modster,modster d,2,false,79,0.6597,espn-pbp/ep-20260920-230959
41,UConn Huskies,2017,Bryant Shirreffs,shirreffs b,8,false,270,81.9461,espn-pbp/ep-20260920-230959
41,UConn Huskies,2017,David Pindell,pindell d,4,true,114,-11.9668,espn-pbp/ep-20260920-230959
2433,UL Monroe Warhawks,2017,Caleb Evans,evans c,11,true,330,89.0960,espn-pbp/ep-20260920-230959
2433,UL Monroe Warhawks,2017,Garrett Smith,smith g,1,false,44,13.7717,espn-pbp/ep-20260920-230959
2439,UNLV Rebels,2017,Armani Rogers,rogers a,9,true,192,-3.0703,espn-pbp/ep-20260920-230959
2439,UNLV Rebels,2017,Johnny Stanton,stanton j,3,false,93,28.2591,espn-pbp/ep-20260920-230959
30,USC Trojans,2017,Sam Darnold,darnold s,14,true,435,129.4938,espn-pbp/ep-20260920-230959
2630,UT Martin Skyhawks,2017,Troy Cook,cook t,5,true,172,1.0178,espn-pbp/ep-20260920-230959
2630,UT Martin Skyhawks,2017,Dresser Winn,winn d,5,false,93,27.0344,espn-pbp/ep-20260920-230959
2630,UT Martin Skyhawks,2017,Shuler Bentley,bentley s,1,false,,,espn-pbp/ep-20260920-230959
2638,UTEP Miners,2017,Zack Greenlee,greenlee z,7,false,157,-34.9819,espn-pbp/ep-20260920-230959
2638,UTEP Miners,2017,Ryan Metz,metz r,5,true,134,-35.7999,espn-pbp/ep-20260920-230959
2636,UTSA Roadrunners,2017,Dalton Sturm,sturm d,11,true,298,72.4510,espn-pbp/ep-20260920-230959
328,Utah State Aggies,2017,Kent Myers,myers k,7,true,212,8.9298,espn-pbp/ep-20260920-230959
328,Utah State Aggies,2017,Jordan Love,love j,6,false,237,-18.3087,espn-pbp/ep-20260920-230959
254,Utah Utes,2017,Tyler Huntley,huntley t,10,true,331,65.2267,espn-pbp/ep-20260920-230959
254,Utah Utes,2017,Troy Williams,williams t,3,false,116,16.1765,espn-pbp/ep-20260920-230959
2678,VMI Keydets,2017,Duncan Hodges,hodges d,6,false,143,-64.6315,espn-pbp/ep-20260920-230959
2678,VMI Keydets,2017,Austin Coulling,coulling a,4,true,72,-26.4536,espn-pbp/ep-20260920-230959
2678,VMI Keydets,2017,Reece Udinski,udinski r,1,false,88,-20.5129,espn-pbp/ep-20260920-230959
2674,Valparaiso Beacons,2017,Jimmy Seewald,seewald j,10,true,284,22.6194,espn-pbp/ep-20260920-230959
238,Vanderbilt Commodores,2017,Kyle Shurmur,shurmur k,12,true,387,67.3285,espn-pbp/ep-20260920-230959
222,Villanova Wildcats,2017,Zach Bednarczyk,bednarczyk z,4,true,87,35.7307,espn-pbp/ep-20260920-230959
222,Villanova Wildcats,2017,Jack Schetelich,schetelich j,4,false,76,-30.8365,espn-pbp/ep-20260920-230959
222,Villanova Wildcats,2017,Kyle McCloskey,mccloskey k,1,false,45,-7.6830,espn-pbp/ep-20260920-230959
222,Villanova Wildcats,2017,Kyle Lauletta,lauletta k,1,false,,,espn-pbp/ep-20260920-230959
258,Virginia Cavaliers,2017,Kurt Benkert,benkert k,13,true,525,8.9008,espn-pbp/ep-20260920-230959
2355,Virginia Lynchburg Dragons,2017,Thomas Jones,jones t,1,true,6,-4.7370,espn-pbp/ep-20260920-230959
330,Virginia State Trojans,2017,Cordelral Cook,cook c,1,true,22,-6.0247,espn-pbp/ep-20260920-230959
259,Virginia Tech Hokies,2017,Josh Jackson,jackson j,13,true,390,38.4071,espn-pbp/ep-20260920-230959
2681,Wagner Seahawks,2017,Luke Massei,massei l,8,false,226,-3.7173,espn-pbp/ep-20260920-230959
2681,Wagner Seahawks,2017,Alex Thomson,thomson a,2,true,48,2.8160,espn-pbp/ep-20260920-230959
2681,Wagner Seahawks,2017,Donald Glenn,glenn d,1,false,30,-7.2608,espn-pbp/ep-20260920-230959
154,Wake Forest Demon Deacons,2017,John Wolford,wolford j,12,true,382,108.9743,espn-pbp/ep-20260920-230959
154,Wake Forest Demon Deacons,2017,Kendall Hinton,hinton k,1,false,49,19.2263,espn-pbp/ep-20260920-230959
2682,Walsh Cavaliers,2017,Mitchell Ault,ault m,2,true,43,-0.0695,espn-pbp/ep-20260920-230959
264,Washington Huskies,2017,Jake Browning,browning j,13,true,348,120.5010,espn-pbp/ep-20260920-230959
265,Washington State Cougars,2017,Luke Falk,falk l,12,true,542,51.6827,espn-pbp/ep-20260920-230959
265,Washington State Cougars,2017,Tyler Hilinski,hilinski t,1,false,167,10.6772,espn-pbp/ep-20260920-230959
2692,Weber State Wildcats,2017,Stefan Cantwell,cantwell s,14,true,344,85.6584,espn-pbp/ep-20260920-230959
2695,West Alabama Tigers,2017,Harry Satterwhite,satterwhite h,1,true,53,4.8690,espn-pbp/ep-20260920-230959
110242,West Florida Argonauts,2017,Mike Beaudry,beaudry m,1,true,51,-5.8325,espn-pbp/ep-20260920-230959
277,West Virginia Mountaineers,2017,Will Grier,grier w,11,true,391,95.1008,espn-pbp/ep-20260920-230959
277,West Virginia Mountaineers,2017,Chris Chugunov,chugunov c,2,false,92,-9.4948,espn-pbp/ep-20260920-230959
455,West Virginia Wesleyan Bobcats,2017,Luke Casey,casey l,1,true,30,-10.6526,espn-pbp/ep-20260920-230959
2717,Western Carolina Catamounts,2017,Tyrie Adams,adams t,12,true,316,57.7235,espn-pbp/ep-20260920-230959
2710,Western Illinois Leathernecks,2017,Sean McGuire,mcguire s,12,true,325,89.2918,espn-pbp/ep-20260920-230959
98,Western Kentucky Hilltoppers,2017,Mike White,white m,12,true,521,112.5608,espn-pbp/ep-20260920-230959
98,Western Kentucky Hilltoppers,2017,Brent Stockstill,stockstill b,1,false,,,espn-pbp/ep-20260920-230959
2711,Western Michigan Broncos,2017,Jon Wassink,wassink j,8,true,167,33.2795,espn-pbp/ep-20260920-230959
2711,Western Michigan Broncos,2017,Reece Goddard,goddard r,4,false,97,-10.1566,espn-pbp/ep-20260920-230959
2703,Western New Mexico Mustangs,2017,Javia Hall,hall j,1,true,63,2.9966,espn-pbp/ep-20260920-230959
2848,Western Oregon Wolves,2017,Nick Duckworth,duckworth n,1,true,55,-8.6413,espn-pbp/ep-20260920-230959
2729,William & Mary Tribe,2017,Tommy McKee,mckee t,8,true,233,-8.5457,espn-pbp/ep-20260920-230959
2729,William & Mary Tribe,2017,Shon Mitchell,mitchell s,3,false,55,-36.7587,espn-pbp/ep-20260920-230959
275,Wisconsin Badgers,2017,Alex Hornibrook,hornibrook a,14,true,337,128.6219,espn-pbp/ep-20260920-230959
2747,Wofford Terriers,2017,Brandon Goodson,goodson b,13,true,142,17.9263,espn-pbp/ep-20260920-230959
2751,Wyoming Cowboys,2017,Josh Allen,allen j,11,true,256,35.0293,espn-pbp/ep-20260920-230959
2751,Wyoming Cowboys,2017,Nick Smith,smith n,2,false,76,-19.5974,espn-pbp/ep-20260920-230959
43,Yale Bulldogs,2017,Kurt Rawlings,rawlings k,10,true,287,54.7488,espn-pbp/ep-20260920-230959
2754,Youngstown State Penguins,2017,Nathan Mays,mays n,5,false,94,45.0705,espn-pbp/ep-20260920-230959
2754,Youngstown State Penguins,2017,Hunter Wells,wells h,3,true,83,14.6616,espn-pbp/ep-20260920-230959
2754,Youngstown State Penguins,2017,Ricky Davis,davis r,2,false,38,17.0909,espn-pbp/ep-20260920-230959
2000,Abilene Christian Wildcats,2018,Luke Anthony,anthony l,11,true,443,36.6820,espn-pbp/ep-20260920-230959
2005,Air Force Falcons,2018,Isaiah Sanders,sanders i,6,false,67,30.2455,espn-pbp/ep-20260920-230959
2005,Air Force Falcons,2018,Donald Hammond III,hammond d,4,false,74,24.0215,espn-pbp/ep-20260920-230959
2005,Air Force Falcons,2018,Arion Worthman,worthman a,2,true,17,-2.7703,espn-pbp/ep-20260920-230959
2006,Akron Zips,2018,Kato Nelson,nelson k,11,true,365,9.4631,espn-pbp/ep-20260920-230959
2006,Akron Zips,2018,Alex Ramart,ramart a,1,false,35,-26.3775,espn-pbp/ep-20260920-230959
2010,Alabama A&M Bulldogs,2018,Aqeel Glass,glass a,6,true,211,-10.4883,espn-pbp/ep-20260920-230959
333,Alabama Crimson Tide,2018,Tua Tagovailoa,tagovailoa t,15,true,343,152.0795,espn-pbp/ep-20260920-230959
333,Alabama Crimson Tide,2018,Jalen Hurts,hurts j,0,false,69,43.3072,espn-pbp/ep-20260920-230959
2011,Alabama State Hornets,2018,Darryl Pearson Jr.,pearson d,3,true,67,-28.1612,espn-pbp/ep-20260920-230959
2011,Alabama State Hornets,2018,KHA'Darris Davis,davis k,2,false,45,4.3913,espn-pbp/ep-20260920-230959
2011,Alabama State Hornets,2018,Chris Scott,scott c,1,false,55,-21.6427,espn-pbp/ep-20260920-230959
2016,Alcorn State Braves,2018,Noah Johnson,johnson n,10,true,286,7.7591,espn-pbp/ep-20260920-230959
2025,Angelo State Rams,2018,Charlie Rotherham,rotherham c,1,true,35,-12.1894,espn-pbp/ep-20260920-230959
2026,App State Mountaineers,2018,Zac Thomas,thomas z,11,true,267,67.3490,espn-pbp/ep-20260920-230959
2026,App State Mountaineers,2018,Peyton Derrick,derrick p,1,false,22,3.3892,espn-pbp/ep-20260920-230959
9,Arizona State Sun Devils,2018,Manny Wilkins,wilkins m,13,true,397,79.2558,espn-pbp/ep-20260920-230959
12,Arizona Wildcats,2018,Khalil Tate,tate k,11,true,302,46.1696,espn-pbp/ep-20260920-230959
12,Arizona Wildcats,2018,Rhett Rodriguez,rodriguez r,1,false,83,-1.3234,espn-pbp/ep-20260920-230959
8,Arkansas Razorbacks,2018,Ty Storey,storey t,9,false,257,-11.2649,espn-pbp/ep-20260920-230959
8,Arkansas Razorbacks,2018,Cole Kelley,kelley c,2,true,73,-0.0867,espn-pbp/ep-20260920-230959
8,Arkansas Razorbacks,2018,Connor Noland,noland c,1,false,45,-6.6449,espn-pbp/ep-20260920-230959
2032,Arkansas State Red Wolves,2018,Justice Hansen,hansen j,13,true,444,81.1297,espn-pbp/ep-20260920-230959
2029,Arkansas-Pine Bluff Golden Lions,2018,Skyler Perry,perry s,3,false,77,4.4100,espn-pbp/ep-20260920-230959
2029,Arkansas-Pine Bluff Golden Lions,2018,Roger Totten II,totten r,1,true,22,-3.4376,espn-pbp/ep-20260920-230959
349,Army Black Knights,2018,Kelvin Hopkins Jr.,hopkins k,12,true,92,51.2867,espn-pbp/ep-20260920-230959
349,Army Black Knights,2018,Cam Thomas,thomas c,1,false,2,1.9831,espn-pbp/ep-20260920-230959
2,Auburn Tigers,2018,Jarrett Stidham,stidham j,13,true,370,39.2268,espn-pbp/ep-20260920-230959
2046,Austin Peay Governors,2018,Jeremiah Oatsvall,oatsvall j,8,true,205,12.2865,espn-pbp/ep-20260920-230959
2046,Austin Peay Governors,2018,JaVaughn Craig,craig j,3,false,53,-0.3566,espn-pbp/ep-20260920-230959
252,BYU Cougars,2018,Zach Wilson,wilson z,7,false,186,58.3867,espn-pbp/ep-20260920-230959
252,BYU Cougars,2018,Tanner Mangum,mangum t,6,true,186,-6.7024,espn-pbp/ep-20260920-230959
2050,Ball State Cardinals,2018,Riley Neal,neal r,9,true,353,13.1245,espn-pbp/ep-20260920-230959
2050,Ball State Cardinals,2018,Drew Plitt,plitt d,3,false,133,-2.6663,espn-pbp/ep-20260920-230959
239,Baylor Bears,2018,Charlie Brewer,brewer c,12,true,407,101.0289,espn-pbp/ep-20260920-230959
239,Baylor Bears,2018,Jalan McClendon,mcclendon j,1,false,96,19.4976,espn-pbp/ep-20260920-230959
2065,Bethune-Cookman Wildcats,2018,David Israel,israel d,5,true,107,-15.9898,espn-pbp/ep-20260920-230959
2065,Bethune-Cookman Wildcats,2018,Akevious Williams,williams a,4,false,168,19.5693,espn-pbp/ep-20260920-230959
2065,Bethune-Cookman Wildcats,2018,Jabari Dunham,dunham j,1,false,17,-3.7226,espn-pbp/ep-20260920-230959
495,Bluefield University Ramblin' Rams,2018,Shiloh Ward,ward s,1,true,22,-8.1146,espn-pbp/ep-20260920-230959
68,Boise State Broncos,2018,Brett Rypien,rypien b,13,true,449,133.2794,espn-pbp/ep-20260920-230959
103,Boston College Eagles,2018,Anthony Brown,brown a,12,true,282,30.2256,espn-pbp/ep-20260920-230959
2075,Bowie State Bulldogs,2018,Amir Hall,hall a,1,true,48,4.7315,espn-pbp/ep-20260920-230959
189,Bowling Green Falcons,2018,Jarret Doege,doege j,12,true,368,32.5092,espn-pbp/ep-20260920-230959
2913,Brevard College Tornados,2018,Ryan Jordan,jordan r,1,true,18,-13.1608,espn-pbp/ep-20260920-230959
225,Brown Bears,2018,Michael McGovern,mcgovern m,7,true,269,-10.7518,espn-pbp/ep-20260920-230959
2803,Bryant Bulldogs,2018,Price Wilson,wilson p,3,true,115,16.3882,espn-pbp/ep-20260920-230959
2083,Bucknell Bison,2018,Logan Bitikofer,bitikofer l,5,false,166,-14.2200,espn-pbp/ep-20260920-230959
2083,Bucknell Bison,2018,Tarrin Earle,earle t,3,false,89,-19.1896,espn-pbp/ep-20260920-230959
2083,Bucknell Bison,2018,John Chiarolanzio,chiarolanzio j,2,true,104,-42.9498,espn-pbp/ep-20260920-230959
2084,Buffalo Bulls,2018,Tyree Jackson,jackson t,14,true,391,70.0793,espn-pbp/ep-20260920-230959
2086,Butler Bulldogs,2018,Will Marty,marty w,9,true,328,39.0780,espn-pbp/ep-20260920-230959
13,Cal Poly Mustangs,2018,Khaleel Jenkins,jenkins k,10,true,90,25.5843,espn-pbp/ep-20260920-230959
25,California Golden Bears,2018,Chase Garbers,garbers c,10,false,268,7.0203,espn-pbp/ep-20260920-230959
25,California Golden Bears,2018,Brandon McIlwain,mcilwain b,2,false,136,0.8030,espn-pbp/ep-20260920-230959
25,California Golden Bears,2018,Ross Bowers,bowers r,1,true,17,-5.9148,espn-pbp/ep-20260920-230959
2097,Campbell Fighting Camels,2018,Daniel Smith,smith d,10,true,220,41.8361,espn-pbp/ep-20260920-230959
2097,Campbell Fighting Camels,2018,Jayson DeMild,demild j,1,false,100,-24.4394,espn-pbp/ep-20260920-230959
2110,Central Arkansas Bears,2018,Luke Hales,hales l,7,false,260,-2.3367,espn-pbp/ep-20260920-230959
2110,Central Arkansas Bears,2018,Breylin Smith,smith b,4,true,123,15.1634,espn-pbp/ep-20260920-230959
2115,Central Connecticut Blue Devils,2018,Jacob Dolegala,dolegala j,9,true,228,34.8792,espn-pbp/ep-20260920-230959
2117,Central Michigan Chippewas,2018,Tommy Lazzaro,lazzaro t,5,false,149,-9.5937,espn-pbp/ep-20260920-230959
2117,Central Michigan Chippewas,2018,Tony Poljan,poljan t,5,true,149,-53.6261,espn-pbp/ep-20260920-230959
2117,Central Michigan Chippewas,2018,Austin Hergott,hergott a,2,false,49,-25.5731,espn-pbp/ep-20260920-230959
2119,Central State (OH) Marauders,2018,Trent Mays,mays t,1,true,44,15.7952,espn-pbp/ep-20260920-230959
2120,Central Washington Wildcats,2018,Reilly Hennessey,hennessey r,1,true,32,-10.8660,espn-pbp/ep-20260920-230959
2127,Charleston Southern Buccaneers,2018,London Johnson,johnson l,9,true,125,-49.6724,espn-pbp/ep-20260920-230959
2127,Charleston Southern Buccaneers,2018,Jack Chambers,chambers j,1,false,26,2.7109,espn-pbp/ep-20260920-230959
2127,Charleston Southern Buccaneers,2018,Christian Reid,reid c,1,false,26,-5.9821,espn-pbp/ep-20260920-230959
2429,Charlotte 49ers,2018,Chris Reynolds,reynolds c,6,true,166,40.7642,espn-pbp/ep-20260920-230959
2429,Charlotte 49ers,2018,Evan Shirreffs,shirreffs e,4,false,108,-11.1162,espn-pbp/ep-20260920-230959
2429,Charlotte 49ers,2018,Hasaan Klugh,klugh h,1,false,27,8.9564,espn-pbp/ep-20260920-230959
236,Chattanooga Mocs,2018,Nick Tiano,tiano n,11,true,384,27.0473,espn-pbp/ep-20260920-230959
2804,Chowan Hawks,2018,Bryce Witt,witt b,2,true,62,-8.5823,espn-pbp/ep-20260920-230959
2132,Cincinnati Bearcats,2018,Desmond Ridder,ridder d,13,true,322,77.4895,espn-pbp/ep-20260920-230959
2132,Cincinnati Bearcats,2018,Hayden Moore,moore h,0,false,52,-3.7989,espn-pbp/ep-20260920-230959
2805,Clark Atlanta Panthers,2018,Charles Staffor,staffor c,1,true,28,-0.7446,espn-pbp/ep-20260920-230959
228,Clemson Tigers,2018,Trevor Lawrence,lawrence t,11,false,399,79.3131,espn-pbp/ep-20260920-230959
228,Clemson Tigers,2018,Kelly Bryant,bryant k,4,true,53,7.8551,espn-pbp/ep-20260920-230959
324,Coastal Carolina Chanticleers,2018,Kilton Anderson,anderson k,6,true,121,11.0919,espn-pbp/ep-20260920-230959
324,Coastal Carolina Chanticleers,2018,Fred Payton,payton f,3,false,77,23.2558,espn-pbp/ep-20260920-230959
324,Coastal Carolina Chanticleers,2018,Bryce Carpenter,carpenter b,2,false,55,26.3442,espn-pbp/ep-20260920-230959
2142,Colgate Raiders,2018,Grant Breneman,breneman g,10,true,208,29.2013,espn-pbp/ep-20260920-230959
2142,Colgate Raiders,2018,Sage Attwood,attwood s,2,false,32,-1.2498,espn-pbp/ep-20260920-230959
108382,College of Idaho Yotes,2018,Darius-James Peterson,peterson d,1,true,17,2.3805,espn-pbp/ep-20260920-230959
38,Colorado Buffaloes,2018,Steven Montez,montez s,12,true,370,29.4545,espn-pbp/ep-20260920-230959
36,Colorado State Rams,2018,K.J. Carta-Samuels,j. carta-samuels k,8,true,287,44.6305,espn-pbp/ep-20260920-230959
36,Colorado State Rams,2018,Collin Hill,hill c,4,false,209,13.9575,espn-pbp/ep-20260920-230959
171,Columbia Lions,2018,Josh Bean,bean j,4,true,118,14.5500,espn-pbp/ep-20260920-230959
171,Columbia Lions,2018,Ty Lenhart,lenhart t,3,false,130,-19.1220,espn-pbp/ep-20260920-230959
171,Columbia Lions,2018,Dillon Davis,davis d,2,false,67,0.3684,espn-pbp/ep-20260920-230959
171,Columbia Lions,2018,Ryan Suitt,suitt r,1,false,27,-4.8970,espn-pbp/ep-20260920-230959
172,Cornell Big Red,2018,Dalton Banks,banks d,10,true,275,-7.7251,espn-pbp/ep-20260920-230959
159,Dartmouth Big Green,2018,Derek Kyler,kyler d,8,true,135,38.1395,espn-pbp/ep-20260920-230959
2166,Davidson Wildcats,2018,Tyler Phelps,phelps t,10,true,117,26.0804,espn-pbp/ep-20260920-230959
2168,Dayton Flyers,2018,Jack Cook,cook j,8,false,236,80.2379,espn-pbp/ep-20260920-230959
2168,Dayton Flyers,2018,Alex Jeske,jeske a,1,true,8,6.0484,espn-pbp/ep-20260920-230959
48,Delaware Blue Hens,2018,Pat Kehoe,kehoe p,12,true,304,15.2813,espn-pbp/ep-20260920-230959
2169,Delaware State Hornets,2018,Jack McDaniels,mcdaniels j,5,true,94,-30.1799,espn-pbp/ep-20260920-230959
2169,Delaware State Hornets,2018,Keenan Black,black k,3,false,94,-21.5001,espn-pbp/ep-20260920-230959
2169,Delaware State Hornets,2018,Shayne Smith,smith s,1,false,20,11.0261,espn-pbp/ep-20260920-230959
2181,Drake Bulldogs,2018,Grant Kraemer,kraemer g,11,true,315,48.2031,espn-pbp/ep-20260920-230959
150,Duke Blue Devils,2018,Daniel Jones,jones d,11,true,399,19.0513,espn-pbp/ep-20260920-230959
150,Duke Blue Devils,2018,Quentin Harris,harris q,2,false,69,-1.4817,espn-pbp/ep-20260920-230959
2184,Duquesne Dukes,2018,Daniel Parr,parr d,11,true,263,51.9057,espn-pbp/ep-20260920-230959
151,East Carolina Pirates,2018,Reid Herring,herring r,7,true,298,23.7150,espn-pbp/ep-20260920-230959
151,East Carolina Pirates,2018,Holton Ahlers,ahlers h,5,false,268,-4.7034,espn-pbp/ep-20260920-230959
2193,East Tennessee State Buccaneers,2018,Austin Herink,herink a,7,false,182,17.5917,espn-pbp/ep-20260920-230959
2193,East Tennessee State Buccaneers,2018,Logan Marchi,marchi l,3,true,78,-23.0025,espn-pbp/ep-20260920-230959
2197,Eastern Illinois Panthers,2018,Johnathan Brantley,brantley j,9,true,316,34.6430,espn-pbp/ep-20260920-230959
2197,Eastern Illinois Panthers,2018,Harry Woodbery,woodbery h,2,false,211,28.1063,espn-pbp/ep-20260920-230959
2198,Eastern Kentucky Colonels,2018,Dakota Allen,allen d,5,true,75,2.5327,espn-pbp/ep-20260920-230959
2198,Eastern Kentucky Colonels,2018,Alphonso Howard,howard a,3,false,56,-14.5246,espn-pbp/ep-20260920-230959
2198,Eastern Kentucky Colonels,2018,Parker McKinney,mckinney p,2,false,50,23.1246,espn-pbp/ep-20260920-230959
2198,Eastern Kentucky Colonels,2018,Austin Scott,scott a,1,false,79,-33.9936,espn-pbp/ep-20260920-230959
2199,Eastern Michigan Eagles,2018,Tyler Wiegers,wiegers t,10,true,270,30.9851,espn-pbp/ep-20260920-230959
2199,Eastern Michigan Eagles,2018,Mike Glass III,glass m,3,false,117,26.2337,espn-pbp/ep-20260920-230959
331,Eastern Washington Eagles,2018,Eric Barriere,barriere e,9,false,289,59.8884,espn-pbp/ep-20260920-230959
331,Eastern Washington Eagles,2018,Gage Gubrud,gubrud g,5,true,165,51.9732,espn-pbp/ep-20260920-230959
2206,Edward Waters Tigers,2018,Derrick Jones,jones d,1,true,23,2.9908,espn-pbp/ep-20260920-230959
2210,Elon Phoenix,2018,Davis Cheek,cheek d,6,true,124,42.6967,espn-pbp/ep-20260920-230959
2210,Elon Phoenix,2018,Jalen Greene,greene j,4,false,78,-3.9203,espn-pbp/ep-20260920-230959
2210,Elon Phoenix,2018,Daniel Thompson,thompson d,1,false,78,9.2085,espn-pbp/ep-20260920-230959
2222,Ferris State Bulldogs,2018,Jayru Campbell,campbell j,1,true,19,-1.3571,espn-pbp/ep-20260920-230959
50,Florida A&M Rattlers,2018,Ryan Stanley,stanley r,5,true,206,37.0422,espn-pbp/ep-20260920-230959
2226,Florida Atlantic Owls,2018,Chris Robison,robison c,10,true,221,19.8839,espn-pbp/ep-20260920-230959
2226,Florida Atlantic Owls,2018,Rafe Peavey,peavey r,1,false,36,-6.6708,espn-pbp/ep-20260920-230959
57,Florida Gators,2018,Feleipe Franks,franks f,13,true,327,56.2383,espn-pbp/ep-20260920-230959
2229,Florida International Panthers,2018,James Morgan,morgan j,12,true,329,87.7496,espn-pbp/ep-20260920-230959
2229,Florida International Panthers,2018,Christian Alexander,alexander c,1,false,56,1.3598,espn-pbp/ep-20260920-230959
52,Florida State Seminoles,2018,Deondre Francois,francois d,11,true,401,-17.4051,espn-pbp/ep-20260920-230959
52,Florida State Seminoles,2018,James Blackman,blackman j,1,false,51,13.8975,espn-pbp/ep-20260920-230959
2230,Fordham Rams,2018,Tim DeMorat,demorat t,8,false,264,-34.3260,espn-pbp/ep-20260920-230959
2230,Fordham Rams,2018,Luke Medlock,medlock l,2,true,88,-34.9949,espn-pbp/ep-20260920-230959
278,Fresno State Bulldogs,2018,Marcus McMaryion,mcmaryion m,14,true,410,125.8424,espn-pbp/ep-20260920-230959
278,Fresno State Bulldogs,2018,Cristian Solano,solano c,0,false,63,-8.4084,espn-pbp/ep-20260920-230959
231,Furman Paladins,2018,Harris Roberts,roberts h,7,false,110,58.6913,espn-pbp/ep-20260920-230959
231,Furman Paladins,2018,JeMar Lincoln,lincoln j,2,true,25,10.0302,espn-pbp/ep-20260920-230959
231,Furman Paladins,2018,Darren Grainger,grainger d,1,false,28,-3.1666,espn-pbp/ep-20260920-230959
2241,Gardner-Webb Runnin' Bulldogs,2018,Jordan Smith,smith j,10,true,249,-21.1972,espn-pbp/ep-20260920-230959
46,Georgetown Hoyas,2018,Gunther Johnson,johnson g,9,true,221,-12.3352,espn-pbp/ep-20260920-230959
61,Georgia Bulldogs,2018,Jake Fromm,fromm j,14,true,301,121.6247,espn-pbp/ep-20260920-230959
290,Georgia Southern Eagles,2018,Shai Werts,werts s,13,true,121,31.1192,espn-pbp/ep-20260920-230959
2247,Georgia State Panthers,2018,Dan Ellington,ellington d,11,true,262,41.7093,espn-pbp/ep-20260920-230959
2247,Georgia State Panthers,2018,Aaron Winchester,winchester a,1,false,39,-6.4757,espn-pbp/ep-20260920-230959
59,Georgia Tech Yellow Jackets,2018,TaQuon Marshall,marshall t,11,true,96,-3.7956,espn-pbp/ep-20260920-230959
59,Georgia Tech Yellow Jackets,2018,Tobias Oliver,oliver t,2,false,15,4.6281,espn-pbp/ep-20260920-230959
2755,Grambling Tigers,2018,Geremy Hickbottom,hickbottom g,6,true,165,3.8061,espn-pbp/ep-20260920-230959
2258,Guilford Quakers,2018,Alex Manley,manley a,1,true,54,10.7694,espn-pbp/ep-20260920-230959
2261,Hampton Pirates,2018,Delmon Williams,williams d,5,false,160,19.9274,espn-pbp/ep-20260920-230959
2261,Hampton Pirates,2018,Bruce Dixon IV,dixon b,1,false,19,-18.3644,espn-pbp/ep-20260920-230959
2261,Hampton Pirates,2018,Brendan Greene,greene b,1,true,9,-12.6106,espn-pbp/ep-20260920-230959
108,Harvard Crimson,2018,Tom Stewart,stewart t,6,false,167,26.8605,espn-pbp/ep-20260920-230959
108,Harvard Crimson,2018,Jake Smith,smith j,3,true,89,-7.3153,espn-pbp/ep-20260920-230959
62,Hawai'i Rainbow Warriors,2018,Cole McDonald,mcdonald c,13,true,478,89.3016,espn-pbp/ep-20260920-230959
62,Hawai'i Rainbow Warriors,2018,Chevan Cordeiro,cordeiro c,1,false,51,2.7400,espn-pbp/ep-20260920-230959
107,Holy Cross Crusaders,2018,Geoff Wade,wade g,8,false,200,12.2643,espn-pbp/ep-20260920-230959
107,Holy Cross Crusaders,2018,Emmett Clifford,clifford e,3,true,39,-15.4997,espn-pbp/ep-20260920-230959
2277,Houston Christian Huskies,2018,Bailey Zappe,zappe b,11,true,455,0.3881,espn-pbp/ep-20260920-230959
248,Houston Cougars,2018,D'Eriq King,king d,11,true,363,118.4489,espn-pbp/ep-20260920-230959
248,Houston Cougars,2018,Clayton Tune,tune c,2,false,119,1.2088,espn-pbp/ep-20260920-230959
47,Howard Bison,2018,Caylin Newton,newton c,7,true,230,-5.3160,espn-pbp/ep-20260920-230959
304,Idaho State Bengals,2018,Tanner Gueller,gueller t,11,true,354,99.4207,espn-pbp/ep-20260920-230959
70,Idaho Vandals,2018,Mason Petrino,petrino m,8,false,256,-33.7301,espn-pbp/ep-20260920-230959
70,Idaho Vandals,2018,Colton Richardson,richardson c,1,true,45,-3.1179,espn-pbp/ep-20260920-230959
356,Illinois Fighting Illini,2018,AJ Bush Jr.,bush a,9,true,229,-27.7359,espn-pbp/ep-20260920-230959
356,Illinois Fighting Illini,2018,M.J. Rivers II,j. rivers m,3,false,101,-11.0424,espn-pbp/ep-20260920-230959
2287,Illinois State Redbirds,2018,Brady Davis,davis b,10,true,247,33.0773,espn-pbp/ep-20260920-230959
2287,Illinois State Redbirds,2018,Jake Kolbe,kolbe j,1,false,60,9.1524,espn-pbp/ep-20260920-230959
2916,Incarnate Word Cardinals,2018,Jon Copeland,copeland j,9,true,288,29.8663,espn-pbp/ep-20260920-230959
84,Indiana Hoosiers,2018,Peyton Ramsey,ramsey p,12,true,473,55.4922,espn-pbp/ep-20260920-230959
282,Indiana State Sycamores,2018,Ryan Boyle,boyle r,9,false,208,32.9152,espn-pbp/ep-20260920-230959
282,Indiana State Sycamores,2018,Jalil Kilpatrick,kilpatrick j,2,true,25,1.1522,espn-pbp/ep-20260920-230959
2294,Iowa Hawkeyes,2018,Nate Stanley,stanley n,13,true,377,68.2404,espn-pbp/ep-20260920-230959
66,Iowa State Cyclones,2018,Brock Purdy,purdy b,9,false,224,65.9145,espn-pbp/ep-20260920-230959
66,Iowa State Cyclones,2018,Zeb Noland,noland z,3,false,116,-0.9916,espn-pbp/ep-20260920-230959
66,Iowa State Cyclones,2018,Kyle Kempt,kempt k,1,true,31,-7.9609,espn-pbp/ep-20260920-230959
2296,Jackson State Tigers,2018,Jarrad Hayes,hayes j,3,false,106,-9.6106,espn-pbp/ep-20260920-230959
2296,Jackson State Tigers,2018,Derrick Ponder,ponder d,1,true,50,-24.4592,espn-pbp/ep-20260920-230959
2296,Jackson State Tigers,2018,Ladarius Skelton,skelton l,1,false,,,espn-pbp/ep-20260920-230959
294,Jacksonville Dolphins,2018,Calvin Turner Jr.,turner c,7,true,44,-22.8675,espn-pbp/ep-20260920-230959
55,Jacksonville State Gamecocks,2018,Zerrick Cooper,cooper z,12,true,349,58.0108,espn-pbp/ep-20260920-230959
55,Jacksonville State Gamecocks,2018,Zion Webb,webb z,0,false,62,5.5114,espn-pbp/ep-20260920-230959
256,James Madison Dukes,2018,Ben DiNucci,dinucci b,11,true,283,85.1299,espn-pbp/ep-20260920-230959
256,James Madison Dukes,2018,Cole Johnson,johnson c,1,false,64,20.4722,espn-pbp/ep-20260920-230959
2305,Kansas Jayhawks,2018,Peyton Bender,bender p,10,true,328,8.2734,espn-pbp/ep-20260920-230959
2305,Kansas Jayhawks,2018,Carter Stanley,stanley c,2,false,49,1.8559,espn-pbp/ep-20260920-230959
2306,Kansas State Wildcats,2018,Skylar Thompson,thompson s,9,true,219,48.4788,espn-pbp/ep-20260920-230959
2306,Kansas State Wildcats,2018,Alex Delton,delton a,3,false,85,0.9433,espn-pbp/ep-20260920-230959
338,Kennesaw State Owls,2018,Chandler Burks,burks c,12,true,106,25.5279,espn-pbp/ep-20260920-230959
2309,Kent State Golden Flashes,2018,Woody Barrett,barrett w,12,true,423,-27.6875,espn-pbp/ep-20260920-230959
96,Kentucky Wildcats,2018,Terry Wilson,wilson t,13,true,277,47.0160,espn-pbp/ep-20260920-230959
99,LSU Tigers,2018,Joe Burrow,burrow j,13,true,388,87.2456,espn-pbp/ep-20260920-230959
322,Lafayette Leopards,2018,Sean O'Malley,o'malley s,10,true,329,-68.4817,espn-pbp/ep-20260920-230959
2320,Lamar Cardinals,2018,Darrel Colbert Jr.,colbert d,7,true,146,-9.2779,espn-pbp/ep-20260920-230959
2320,Lamar Cardinals,2018,Jordan Hoy,hoy j,3,false,69,18.3175,espn-pbp/ep-20260920-230959
2323,Lane Dragons,2018,Marcus Reynolds,reynolds m,1,true,27,-3.2121,espn-pbp/ep-20260920-230959
2329,Lehigh Mountain Hawks,2018,Brad Mayes,mayes b,9,false,255,-17.0525,espn-pbp/ep-20260920-230959
2329,Lehigh Mountain Hawks,2018,Tyler Monaco,monaco t,1,true,16,0.6392,espn-pbp/ep-20260920-230959
2335,Liberty Flames,2018,Stephen Calvert,calvert s,12,true,423,49.9634,espn-pbp/ep-20260920-230959
2336,Limestone Saints,2018,Dj Phillips,phillips d,1,true,35,-7.8575,espn-pbp/ep-20260920-230959
2876,Lincoln (MO) Blue Tigers,2018,"Ogala,Henry",ogala h,1,true,22,14.2432,espn-pbp/ep-20260920-230959
2339,Lincoln (PA) Lions,2018,Zach Green,green z,1,true,10,-7.8530,espn-pbp/ep-20260920-230959
2877,Lindsey Wilson Blue Raiders,2018,Cameron Dukes,dukes c,1,false,27,-4.4408,espn-pbp/ep-20260920-230959
209,Lock Haven University Bald Eagles,2018,Kyle Knight,knight k,1,true,31,-12.5856,espn-pbp/ep-20260920-230959
309,Louisiana Ragin' Cajuns,2018,Andre Nunez,nunez a,14,true,293,68.0494,espn-pbp/ep-20260920-230959
309,Louisiana Ragin' Cajuns,2018,Levi Lewis,lewis l,0,false,61,32.0663,espn-pbp/ep-20260920-230959
2348,Louisiana Tech Bulldogs,2018,J'Mar Smith,smith j,13,true,474,41.6930,espn-pbp/ep-20260920-230959
97,Louisville Cardinals,2018,Jawon Pass,pass j,9,true,304,-12.9790,espn-pbp/ep-20260920-230959
97,Louisville Cardinals,2018,Malik Cunningham,cunningham m,3,false,67,9.0688,espn-pbp/ep-20260920-230959
311,Maine Black Bears,2018,Chris Ferguson,ferguson c,11,true,339,0.2753,espn-pbp/ep-20260920-230959
311,Maine Black Bears,2018,Isaiah Robinson,robinson i,2,false,113,-30.7408,espn-pbp/ep-20260920-230959
2368,Marist Red Foxes,2018,Austin Day,day a,4,false,151,35.1352,espn-pbp/ep-20260920-230959
2368,Marist Red Foxes,2018,Jacob Hallenbeck,hallenbeck j,4,true,71,1.8917,espn-pbp/ep-20260920-230959
2368,Marist Red Foxes,2018,Mike Husni,husni m,1,false,59,-7.4052,espn-pbp/ep-20260920-230959
2369,Mars Hill Lions,2018,Austin Brown,brown a,1,true,30,3.1585,espn-pbp/ep-20260920-230959
276,Marshall Thundering Herd,2018,Isaiah Green,green i,9,true,342,34.2487,espn-pbp/ep-20260920-230959
276,Marshall Thundering Herd,2018,Alex Thomson,thomson a,4,false,103,-1.9108,espn-pbp/ep-20260920-230959
2371,Mary Hardin-Baylor Crusaders,2018,Jase Hammack,hammack j,1,true,20,5.4376,espn-pbp/ep-20260920-230959
120,Maryland Terrapins,2018,Kasim Hill,hill k,10,true,161,16.7575,espn-pbp/ep-20260920-230959
120,Maryland Terrapins,2018,Tyrrell Pigrome,pigrome t,2,false,66,10.0053,espn-pbp/ep-20260920-230959
113,Massachusetts Minutemen,2018,Andrew Ford,ford a,7,true,182,38.0694,espn-pbp/ep-20260920-230959
113,Massachusetts Minutemen,2018,Ross Comis,comis r,4,false,158,20.6060,espn-pbp/ep-20260920-230959
113,Massachusetts Minutemen,2018,Michael Curtis,curtis m,1,false,44,26.7659,espn-pbp/ep-20260920-230959
2377,McNeese Cowboys,2018,James Tabary,tabary j,8,true,197,-0.9114,espn-pbp/ep-20260920-230959
2377,McNeese Cowboys,2018,Cody Orgeron,orgeron c,3,false,93,-19.7094,espn-pbp/ep-20260920-230959
235,Memphis Tigers,2018,Brady White,white b,14,true,414,132.8815,espn-pbp/ep-20260920-230959
2382,Mercer Bears,2018,Kaelan Riley,riley k,4,true,125,30.3779,espn-pbp/ep-20260920-230959
2382,Mercer Bears,2018,Robert Riddle,riddle r,3,false,107,46.5912,espn-pbp/ep-20260920-230959
2382,Mercer Bears,2018,Harrison Frost,frost h,3,false,86,-10.6318,espn-pbp/ep-20260920-230959
2382,Mercer Bears,2018,Reece Udinski,udinski r,1,false,,,espn-pbp/ep-20260920-230959
193,Miami (OH) RedHawks,2018,Gus Ragland,ragland g,12,true,381,67.0250,espn-pbp/ep-20260920-230959
2390,Miami Hurricanes,2018,Malik Rosier,rosier m,7,true,156,-5.2143,espn-pbp/ep-20260920-230959
2390,Miami Hurricanes,2018,N'Kosi Perry,perry n,6,false,187,-22.9097,espn-pbp/ep-20260920-230959
127,Michigan State Spartans,2018,Brian Lewerke,lewerke b,10,true,352,-15.6246,espn-pbp/ep-20260920-230959
127,Michigan State Spartans,2018,Rocky Lombardi,lombardi r,3,false,162,-16.8174,espn-pbp/ep-20260920-230959
130,Michigan Wolverines,2018,Shea Patterson,patterson s,13,true,325,69.7350,espn-pbp/ep-20260920-230959
2393,Middle Tennessee Blue Raiders,2018,Brent Stockstill,stockstill b,14,true,421,81.0429,espn-pbp/ep-20260920-230959
135,Minnesota Golden Gophers,2018,Zack Annexstad,annexstad z,7,true,199,15.3957,espn-pbp/ep-20260920-230959
135,Minnesota Golden Gophers,2018,Tanner Morgan,morgan t,6,false,159,35.5639,espn-pbp/ep-20260920-230959
344,Mississippi State Bulldogs,2018,Nick Fitzgerald,fitzgerald n,12,false,287,-19.9348,espn-pbp/ep-20260920-230959
344,Mississippi State Bulldogs,2018,Keytaon Thompson,thompson k,1,true,40,11.2494,espn-pbp/ep-20260920-230959
2400,Mississippi Valley State Delta Devils,2018,Christopher Fowler,fowler c,2,true,73,5.0160,espn-pbp/ep-20260920-230959
2400,Mississippi Valley State Delta Devils,2018,Dejerric Bryant,bryant d,2,false,56,-24.6875,espn-pbp/ep-20260920-230959
2402,Missouri S&T Miners,2018,Tyler Swart,swart t,1,true,24,-8.8483,espn-pbp/ep-20260920-230959
2623,Missouri State Bears,2018,Peyton Huslig,huslig p,11,true,332,-9.1062,espn-pbp/ep-20260920-230959
142,Missouri Tigers,2018,Drew Lock,lock d,13,true,462,113.2407,espn-pbp/ep-20260920-230959
2405,Monmouth Hawks,2018,Kenji Bahar,bahar k,11,true,364,48.1652,espn-pbp/ep-20260920-230959
149,Montana Grizzlies,2018,Dalton Sneed,sneed d,10,false,360,55.6878,espn-pbp/ep-20260920-230959
149,Montana Grizzlies,2018,Sneed Dalton,dalton s,1,true,39,7.8800,espn-pbp/ep-20260920-230959
147,Montana State Bobcats,2018,Troy Andersen,andersen t,10,true,193,-39.8202,espn-pbp/ep-20260920-230959
147,Montana State Bobcats,2018,Tucker Rovig,rovig t,2,false,72,18.0909,espn-pbp/ep-20260920-230959
2413,Morehead State Eagles,2018,Lawson Page,page l,10,true,290,-22.6387,espn-pbp/ep-20260920-230959
2415,Morgan State Bears,2018,DeAndre Harris,harris d,5,true,99,-20.7387,espn-pbp/ep-20260920-230959
2415,Morgan State Bears,2018,DJ Golatt Jr.,golatt d,2,false,46,-3.0123,espn-pbp/ep-20260920-230959
2419,Mount St. Joseph Lions,2018,Chaiten Tomlin,tomlin c,1,true,,,espn-pbp/ep-20260920-230959
426,Mount Union Raiders,2018,D'Angelo Fulford,fulford d,1,true,37,-2.1083,espn-pbp/ep-20260920-230959
93,Murray State Racers,2018,Drew Anderson,anderson d,11,true,442,12.0831,espn-pbp/ep-20260920-230959
152,NC State Wolfpack,2018,Ryan Finley,finley r,13,true,491,167.2660,espn-pbp/ep-20260920-230959
2426,Navy Midshipmen,2018,Zach Abey,abey z,5,false,30,3.4820,espn-pbp/ep-20260920-230959
2426,Navy Midshipmen,2018,Malcolm Perry,perry m,5,true,26,0.7147,espn-pbp/ep-20260920-230959
2426,Navy Midshipmen,2018,Garret Lewis,lewis g,3,false,73,-6.6233,espn-pbp/ep-20260920-230959
158,Nebraska Cornhuskers,2018,Adrian Martinez,martinez a,11,true,351,48.3810,espn-pbp/ep-20260920-230959
158,Nebraska Cornhuskers,2018,Andrew Bunch,bunch a,1,false,49,3.9930,espn-pbp/ep-20260920-230959
2440,Nevada Wolf Pack,2018,Ty Gangi,gangi t,12,true,453,49.5188,espn-pbp/ep-20260920-230959
2440,Nevada Wolf Pack,2018,Cristian Solano,solano c,1,false,2,-1.9653,espn-pbp/ep-20260920-230959
160,New Hampshire Wildcats,2018,Trevor Knight,knight t,6,true,167,-12.7489,espn-pbp/ep-20260920-230959
160,New Hampshire Wildcats,2018,Christian Lupoli,lupoli c,3,false,98,-24.1265,espn-pbp/ep-20260920-230959
167,New Mexico Lobos,2018,Sheriron Jones,jones s,7,false,187,-13.1681,espn-pbp/ep-20260920-230959
167,New Mexico Lobos,2018,Tevaka Tuioti,tuioti t,3,true,44,10.2733,espn-pbp/ep-20260920-230959
167,New Mexico Lobos,2018,Coltin Gerhart,gerhart c,2,false,62,-23.6200,espn-pbp/ep-20260920-230959
166,New Mexico State Aggies,2018,Josh Adkins,adkins j,8,false,406,23.2138,espn-pbp/ep-20260920-230959
166,New Mexico State Aggies,2018,Matt Romero,romero m,4,true,137,-28.8893,espn-pbp/ep-20260920-230959
2444,Newberry Wolves,2018,Greg Ruff,ruff g,1,true,21,5.1157,espn-pbp/ep-20260920-230959
2447,Nicholls Colonels,2018,Chase Fourcade,fourcade c,13,true,324,89.8978,espn-pbp/ep-20260920-230959
2450,Norfolk State Spartans,2018,Juwan Carter,carter j,8,true,262,23.1976,espn-pbp/ep-20260920-230959
2450,Norfolk State Spartans,2018,D'Andre Thomas,thomas d,1,false,41,-16.8309,espn-pbp/ep-20260920-230959
2453,North Alabama Lions,2018,Christian Lopez,lopez c,4,true,118,9.1116,espn-pbp/ep-20260920-230959
2448,North Carolina A&T Aggies,2018,Lamar Raynard,raynard l,10,true,249,24.9717,espn-pbp/ep-20260920-230959
2448,North Carolina A&T Aggies,2018,Kylil Carter,carter k,1,false,70,-13.5155,espn-pbp/ep-20260920-230959
2428,North Carolina Central Eagles,2018,Naiil Ramadan,ramadan n,6,true,153,-43.2768,espn-pbp/ep-20260920-230959
2428,North Carolina Central Eagles,2018,Chauncey Caldwell,caldwell c,3,false,95,-12.3243,espn-pbp/ep-20260920-230959
153,North Carolina Tar Heels,2018,Nathan Elliott,elliott n,9,true,330,0.5496,espn-pbp/ep-20260920-230959
153,North Carolina Tar Heels,2018,Cade Fortin,fortin c,2,false,63,-4.1396,espn-pbp/ep-20260920-230959
155,North Dakota Fighting Hawks,2018,Nate Ketteringham,ketteringham n,11,true,271,19.8556,espn-pbp/ep-20260920-230959
2449,North Dakota State Bison,2018,Easton Stick,stick e,15,true,291,110.4313,espn-pbp/ep-20260920-230959
249,North Texas Mean Green,2018,Mason Fine,fine m,13,true,482,130.0241,espn-pbp/ep-20260920-230959
2464,Northern Arizona Lumberjacks,2018,Daniel Bridge-Gadd,bridge-gadd d,4,false,208,10.2557,espn-pbp/ep-20260920-230959
2464,Northern Arizona Lumberjacks,2018,Gino Campiotti,campiotti g,2,false,47,-16.4163,espn-pbp/ep-20260920-230959
2464,Northern Arizona Lumberjacks,2018,Case Cookus,cookus c,2,true,35,-2.2572,espn-pbp/ep-20260920-230959
2464,Northern Arizona Lumberjacks,2018,Brandon Porter,porter b,2,false,33,-12.3218,espn-pbp/ep-20260920-230959
2458,Northern Colorado Bears,2018,Keaton Mott,mott k,7,false,185,-1.0487,espn-pbp/ep-20260920-230959
2458,Northern Colorado Bears,2018,Conor Regan,regan c,2,false,126,9.4734,espn-pbp/ep-20260920-230959
2458,Northern Colorado Bears,2018,Jacob Knipp,knipp j,2,true,74,24.6884,espn-pbp/ep-20260920-230959
2459,Northern Illinois Huskies,2018,Marcus Childers,childers m,14,true,385,-23.3726,espn-pbp/ep-20260920-230959
2460,Northern Iowa Panthers,2018,Eli Dunne,dunne e,9,false,300,73.3603,espn-pbp/ep-20260920-230959
2460,Northern Iowa Panthers,2018,D Eli,eli d,1,true,22,-15.7542,espn-pbp/ep-20260920-230959
2460,Northern Iowa Panthers,2018,Colton Howell,howell c,1,false,11,-6.3903,espn-pbp/ep-20260920-230959
2466,Northwestern State Demons,2018,Shelton Eppler,eppler s,9,true,349,64.1730,espn-pbp/ep-20260920-230959
2466,Northwestern State Demons,2018,Clay Holgorsen,holgorsen c,1,false,70,-3.1429,espn-pbp/ep-20260920-230959
2466,Northwestern State Demons,2018,Kenny Sears,sears k,1,false,5,2.5137,espn-pbp/ep-20260920-230959
2466,Northwestern State Demons,2018,Kaleb Fletcher,fletcher k,0,false,83,-9.1735,espn-pbp/ep-20260920-230959
77,Northwestern Wildcats,2018,Clayton Thorson,thorson c,14,true,502,33.4870,espn-pbp/ep-20260920-230959
87,Notre Dame Fighting Irish,2018,Ian Book,book i,9,false,317,96.6048,espn-pbp/ep-20260920-230959
87,Notre Dame Fighting Irish,2018,Brandon Wimbush,wimbush b,4,true,104,4.8879,espn-pbp/ep-20260920-230959
195,Ohio Bobcats,2018,Nathan Rourke,rourke n,13,true,291,89.2126,espn-pbp/ep-20260920-230959
194,Ohio State Buckeyes,2018,Dwayne Haskins,haskins d,14,true,535,197.7840,espn-pbp/ep-20260920-230959
201,Oklahoma Sooners,2018,Kyler Murray,murray k,14,true,376,203.8595,espn-pbp/ep-20260920-230959
197,Oklahoma State Cowboys,2018,Taylor Cornelius,cornelius t,13,true,496,107.3553,espn-pbp/ep-20260920-230959
295,Old Dominion Monarchs,2018,Blake LaRussa,larussa b,9,false,377,79.6246,espn-pbp/ep-20260920-230959
295,Old Dominion Monarchs,2018,Steven Williams,williams s,3,true,83,0.1226,espn-pbp/ep-20260920-230959
145,Ole Miss Rebels,2018,Jordan Ta'amu,ta'amu j,11,true,392,127.2705,espn-pbp/ep-20260920-230959
145,Ole Miss Rebels,2018,Jordan Taamu,taamu j,1,false,35,11.4360,espn-pbp/ep-20260920-230959
2483,Oregon Ducks,2018,Justin Herbert,herbert j,13,true,406,49.8826,espn-pbp/ep-20260920-230959
204,Oregon State Beavers,2018,Conor Blount,blount c,7,true,157,40.0967,espn-pbp/ep-20260920-230959
204,Oregon State Beavers,2018,Jake Luton,luton j,4,false,186,34.6263,espn-pbp/ep-20260920-230959
204,Oregon State Beavers,2018,Jack Colletto,colletto j,1,false,33,-8.4948,espn-pbp/ep-20260920-230959
213,Penn State Nittany Lions,2018,Trace McSorley,mcsorley t,13,true,374,16.5611,espn-pbp/ep-20260920-230959
219,Pennsylvania Quakers,2018,Ryan Glover,glover r,8,true,189,-1.5315,espn-pbp/ep-20260920-230959
219,Pennsylvania Quakers,2018,Nick Robinson,robinson n,1,false,42,11.2127,espn-pbp/ep-20260920-230959
221,Pittsburgh Panthers,2018,Kenny Pickett,pickett k,14,true,322,-27.2585,espn-pbp/ep-20260920-230959
2502,Portland State Vikings,2018,Davis Alexander,alexander d,10,true,242,11.4383,espn-pbp/ep-20260920-230959
2502,Portland State Vikings,2018,Jalani Eason,eason j,1,false,40,0.1740,espn-pbp/ep-20260920-230959
2504,Prairie View A&M Panthers,2018,Jalen Morton,morton j,8,true,265,-28.4822,espn-pbp/ep-20260920-230959
2506,Presbyterian Blue Hose,2018,John Walker,walker j,10,true,230,6.6110,espn-pbp/ep-20260920-230959
163,Princeton Tigers,2018,John Lovett,lovett j,9,true,229,75.3697,espn-pbp/ep-20260920-230959
2509,Purdue Boilermakers,2018,David Blough,blough d,12,false,480,89.9160,espn-pbp/ep-20260920-230959
2509,Purdue Boilermakers,2018,Elijah Sindelar,sindelar e,1,true,44,-2.9239,espn-pbp/ep-20260920-230959
2825,Quincy Hawks,2018,Tionne Harris,harris t,1,true,12,-7.4812,espn-pbp/ep-20260920-230959
227,Rhode Island Rams,2018,JaJuan Lawson,lawson j,5,true,142,52.5845,espn-pbp/ep-20260920-230959
227,Rhode Island Rams,2018,Vito Priore,priore v,1,false,28,-19.1299,espn-pbp/ep-20260920-230959
242,Rice Owls,2018,Shawn Stankavage,stankavage s,9,true,219,-9.7896,espn-pbp/ep-20260920-230959
242,Rice Owls,2018,Wiley Green,green w,3,false,88,-16.8258,espn-pbp/ep-20260920-230959
242,Rice Owls,2018,Evan Marshman,marshman e,1,false,31,-2.4610,espn-pbp/ep-20260920-230959
257,Richmond Spiders,2018,Kevin Johnson,johnson k,5,true,116,-15.3026,espn-pbp/ep-20260920-230959
257,Richmond Spiders,2018,Joe Mancuso,mancuso j,4,false,136,-10.2341,espn-pbp/ep-20260920-230959
257,Richmond Spiders,2018,Reid Chenault,chenault r,1,false,68,0.6753,espn-pbp/ep-20260920-230959
2523,Robert Morris Colonials,2018,Jimmy Walker,walker j,9,true,197,17.7363,espn-pbp/ep-20260920-230959
164,Rutgers Scarlet Knights,2018,Artur Sitkowski,sitkowski a,11,true,276,-81.8648,espn-pbp/ep-20260920-230959
164,Rutgers Scarlet Knights,2018,Giovanni Rescigno,rescigno g,1,false,51,-15.2021,espn-pbp/ep-20260920-230959
2545,SE Louisiana Lions,2018,Chason Virgil,virgil c,11,true,429,46.0039,espn-pbp/ep-20260920-230959
2567,SMU Mustangs,2018,Ben Hicks,hicks b,9,true,380,12.2135,espn-pbp/ep-20260920-230959
2567,SMU Mustangs,2018,William Brown,brown w,3,false,85,25.0462,espn-pbp/ep-20260920-230959
16,Sacramento State Hornets,2018,Kevin Thomson,thomson k,7,true,151,50.0155,espn-pbp/ep-20260920-230959
16,Sacramento State Hornets,2018,Wyatt Clapper,clapper w,3,false,106,7.7667,espn-pbp/ep-20260920-230959
2529,Sacred Heart Pioneers,2018,Kevin Duke,duke k,5,true,141,21.0225,espn-pbp/ep-20260920-230959
2529,Sacred Heart Pioneers,2018,Grant Lowary,lowary g,1,false,33,-9.8435,espn-pbp/ep-20260920-230959
395,Saint Augustine's Falcons,2018,Darryl Johnson,johnson d,1,true,25,-4.5193,espn-pbp/ep-20260920-230959
2598,Saint Francis Red Flash,2018,Bear Fenimore,fenimore b,9,true,255,26.0966,espn-pbp/ep-20260920-230959
2534,Sam Houston Bearkats,2018,Ty Brock,brock t,8,false,324,24.4509,espn-pbp/ep-20260920-230959
2534,Sam Houston Bearkats,2018,Mike Dare,dare m,3,true,121,24.6408,espn-pbp/ep-20260920-230959
2535,Samford Bulldogs,2018,Devlin Hodges,hodges d,11,true,520,120.0531,espn-pbp/ep-20260920-230959
21,San Diego State Aztecs,2018,Ryan Agnew,agnew r,8,false,236,38.1099,espn-pbp/ep-20260920-230959
21,San Diego State Aztecs,2018,Christian Chapman,chapman c,5,true,93,10.8141,espn-pbp/ep-20260920-230959
301,San Diego Toreros,2018,Anthony Lawrence,lawrence a,10,true,331,160.9564,espn-pbp/ep-20260920-230959
23,San José State Spartans,2018,Josh Love,love j,8,true,287,5.8065,espn-pbp/ep-20260920-230959
23,San José State Spartans,2018,Montel Aaron,aaron m,2,false,85,12.2199,espn-pbp/ep-20260920-230959
23,San José State Spartans,2018,Michael Carrillo,carrillo m,2,false,82,3.5909,espn-pbp/ep-20260920-230959
2542,Savannah State Tigers,2018,D'Vonn Gibbons,gibbons d,7,true,114,-19.5415,espn-pbp/ep-20260920-230959
2542,Savannah State Tigers,2018,TJ Bell,bell t,1,false,41,-33.9125,espn-pbp/ep-20260920-230959
2551,Shaw Bears,2018,Keon Marsh,marsh k,2,true,38,-23.1336,espn-pbp/ep-20260920-230959
2560,Shorter Hawks,2018,Tyler Pullum,pullum t,1,true,34,-7.5691,espn-pbp/ep-20260920-230959
6,South Alabama Jaguars,2018,Evan Orth,orth e,7,false,215,20.8825,espn-pbp/ep-20260920-230959
6,South Alabama Jaguars,2018,Cole Garvin,garvin c,4,true,82,16.4882,espn-pbp/ep-20260920-230959
2579,South Carolina Gamecocks,2018,Jake Bentley,bentley j,12,true,400,82.3778,espn-pbp/ep-20260920-230959
2579,South Carolina Gamecocks,2018,Michael Scarnecchia,scarnecchia m,1,false,53,13.8222,espn-pbp/ep-20260920-230959
2569,South Carolina State Bulldogs,2018,Tyrece Nick,nick t,4,false,77,-5.1307,espn-pbp/ep-20260920-230959
2569,South Carolina State Bulldogs,2018,Dewann Ford,ford d,1,true,12,-10.0437,espn-pbp/ep-20260920-230959
233,South Dakota Coyotes,2018,Austin Simmons,simmons a,11,true,485,71.2662,espn-pbp/ep-20260920-230959
2571,South Dakota State Jackrabbits,2018,Taryn Christion,christion t,12,true,334,70.2387,espn-pbp/ep-20260920-230959
58,South Florida Bulls,2018,Blake Barnett,barnett b,9,true,280,42.2344,espn-pbp/ep-20260920-230959
58,South Florida Bulls,2018,Chris Oladokun,oladokun c,3,false,44,-9.9857,espn-pbp/ep-20260920-230959
2546,Southeast Missouri State Redhawks,2018,Daniel Santacaterina,santacaterina d,12,true,336,60.2116,espn-pbp/ep-20260920-230959
79,Southern Illinois Salukis,2018,Matt DeSomer,desomer m,6,false,153,17.2150,espn-pbp/ep-20260920-230959
79,Southern Illinois Salukis,2018,Sam Straub,straub s,5,true,151,-2.0027,espn-pbp/ep-20260920-230959
2582,Southern Jaguars,2018,Ladarius Skelton,skelton l,5,false,129,8.9422,espn-pbp/ep-20260920-230959
2582,Southern Jaguars,2018,John Lampley,lampley j,4,true,121,-12.6864,espn-pbp/ep-20260920-230959
2582,Southern Jaguars,2018,Jarrad Hayes,hayes j,1,false,,,espn-pbp/ep-20260920-230959
2572,Southern Miss Golden Eagles,2018,Jack Abraham,abraham j,9,true,309,34.5019,espn-pbp/ep-20260920-230959
2572,Southern Miss Golden Eagles,2018,Tate Whatley,whatley t,2,false,81,10.9517,espn-pbp/ep-20260920-230959
253,Southern Utah Thunderbirds,2018,Chris Helbig,helbig c,4,true,154,33.2888,espn-pbp/ep-20260920-230959
253,Southern Utah Thunderbirds,2018,Aaron Zwahlen,zwahlen a,3,false,135,-2.0823,espn-pbp/ep-20260920-230959
253,Southern Utah Thunderbirds,2018,Tyler Skidmore,skidmore t,2,false,135,-7.1379,espn-pbp/ep-20260920-230959
253,Southern Utah Thunderbirds,2018,Austin Ewing,ewing a,1,false,8,-0.3265,espn-pbp/ep-20260920-230959
2586,Southwest Baptist Bearcats,2018,Dylan Mountain,mountain d,1,true,23,-10.6411,espn-pbp/ep-20260920-230959
2595,St. Francis (IL) Fighting Saints,2018,Aaron Ellis,ellis a,1,true,33,2.7656,espn-pbp/ep-20260920-230959
2615,St. Xavier (IL) Cougars,2018,Alex Martinez,martinez a,1,true,16,-10.0799,espn-pbp/ep-20260920-230959
24,Stanford Cardinal,2018,K.J. Costello,j. costello k,13,true,379,111.6010,espn-pbp/ep-20260920-230959
2617,Stephen F. Austin Lumberjacks,2018,Jake Blumrick,blumrick j,5,false,201,30.8607,espn-pbp/ep-20260920-230959
2617,Stephen F. Austin Lumberjacks,2018,Foster Sawyer,sawyer f,4,true,164,-31.1159,espn-pbp/ep-20260920-230959
56,Stetson Hatters,2018,Colin McGovern,mcgovern c,9,true,269,94.5038,espn-pbp/ep-20260920-230959
2619,Stony Brook Seawolves,2018,Joe Carbone,carbone j,11,true,264,16.3322,espn-pbp/ep-20260920-230959
183,Syracuse Orange,2018,Eric Dungey,dungey e,13,true,384,70.8418,espn-pbp/ep-20260920-230959
183,Syracuse Orange,2018,Tommy DeVito,devito t,0,false,82,-11.5931,espn-pbp/ep-20260920-230959
2628,TCU Horned Frogs,2018,Shawn Robinson,robinson s,7,true,201,-4.2213,espn-pbp/ep-20260920-230959
2628,TCU Horned Frogs,2018,Michael Collins,collins m,4,false,139,1.4732,espn-pbp/ep-20260920-230959
2628,TCU Horned Frogs,2018,Grayson Muehlstein,muehlstein g,2,false,64,-13.0069,espn-pbp/ep-20260920-230959
218,Temple Owls,2018,Anthony Russo,russo a,10,false,318,22.9254,espn-pbp/ep-20260920-230959
218,Temple Owls,2018,Frank Nutile,nutile f,3,true,75,10.3869,espn-pbp/ep-20260920-230959
2634,Tennessee State Tigers,2018,Micheal Hughes,hughes m,4,false,204,44.2132,espn-pbp/ep-20260920-230959
2634,Tennessee State Tigers,2018,Demry Croft,croft d,4,true,105,36.6520,espn-pbp/ep-20260920-230959
2634,Tennessee State Tigers,2018,Cameron Rosendahl,rosendahl c,1,false,24,6.3146,espn-pbp/ep-20260920-230959
2635,Tennessee Tech Golden Eagles,2018,Bailey Fisher,fisher b,10,true,285,1.7408,espn-pbp/ep-20260920-230959
2635,Tennessee Tech Golden Eagles,2018,Luke Ward,ward l,1,false,51,-22.7599,espn-pbp/ep-20260920-230959
2633,Tennessee Volunteers,2018,Jarrett Guarantano,guarantano j,11,true,254,61.4725,espn-pbp/ep-20260920-230959
2633,Tennessee Volunteers,2018,Keller Chryst,chryst k,1,false,56,16.8586,espn-pbp/ep-20260920-230959
245,Texas A&M Aggies,2018,Kellen Mond,mond k,13,true,419,93.8929,espn-pbp/ep-20260920-230959
251,Texas Longhorns,2018,Sam Ehlinger,ehlinger s,14,true,428,132.0428,espn-pbp/ep-20260920-230959
2640,Texas Southern Tigers,2018,Glen Cuiellette,cuiellette g,6,false,210,-7.9829,espn-pbp/ep-20260920-230959
2640,Texas Southern Tigers,2018,Jay Christophe,christophe j,2,true,104,-11.1175,espn-pbp/ep-20260920-230959
2640,Texas Southern Tigers,2018,Devin Williams,williams d,2,false,76,18.0334,espn-pbp/ep-20260920-230959
326,Texas State Bobcats,2018,Tyler Vitt,vitt t,6,false,197,13.2862,espn-pbp/ep-20260920-230959
326,Texas State Bobcats,2018,Willie Jones III,jones w,4,true,77,-11.1680,espn-pbp/ep-20260920-230959
326,Texas State Bobcats,2018,Willie Jonesiii,jonesiii w,1,false,30,6.0850,espn-pbp/ep-20260920-230959
326,Texas State Bobcats,2018,Jaylen Gipson,gipson j,1,false,6,-4.6035,espn-pbp/ep-20260920-230959
2641,Texas Tech Red Raiders,2018,Alan Bowman,bowman a,7,false,340,95.3668,espn-pbp/ep-20260920-230959
2641,Texas Tech Red Raiders,2018,Jett Duffey,duffey j,3,false,161,40.8852,espn-pbp/ep-20260920-230959
2641,Texas Tech Red Raiders,2018,McLane Carter,carter m,2,true,53,-0.0513,espn-pbp/ep-20260920-230959
2643,The Citadel Bulldogs,2018,Jordan Black,black j,6,true,86,-18.2190,espn-pbp/ep-20260920-230959
2643,The Citadel Bulldogs,2018,Brandon Rainey,rainey b,4,false,15,10.1017,espn-pbp/ep-20260920-230959
2649,Toledo Rockets,2018,Mitchell Guadagni,guadagni m,7,true,126,38.4543,espn-pbp/ep-20260920-230959
2649,Toledo Rockets,2018,Eli Peters,peters e,6,false,269,28.5828,espn-pbp/ep-20260920-230959
119,Towson Tigers,2018,Tom Flacco,flacco t,9,true,351,75.3564,espn-pbp/ep-20260920-230959
2653,Troy Trojans,2018,Sawyer Smith,smith s,7,false,236,21.4410,espn-pbp/ep-20260920-230959
2653,Troy Trojans,2018,Kaleb Barker,barker k,6,true,131,40.1043,espn-pbp/ep-20260920-230959
2654,Truman State Bulldogs,2018,Jaden Barr,barr j,1,true,17,-5.5772,espn-pbp/ep-20260920-230959
2655,Tulane Green Wave,2018,Jonathan Banks,banks j,7,true,137,25.5560,espn-pbp/ep-20260920-230959
2655,Tulane Green Wave,2018,Justin McMillan,mcmillan j,5,false,146,5.1885,espn-pbp/ep-20260920-230959
202,Tulsa Golden Hurricane,2018,Seth Boomer,boomer s,8,false,204,7.6321,espn-pbp/ep-20260920-230959
202,Tulsa Golden Hurricane,2018,Luke Skipper,skipper l,4,true,123,10.2698,espn-pbp/ep-20260920-230959
2839,Tusculum Pioneers,2018,Tommy Pistone,pistone t,1,true,34,-8.4930,espn-pbp/ep-20260920-230959
2657,Tuskegee Golden Tigers,2018,Jamarcus Ezell,ezell j,1,true,20,4.0607,espn-pbp/ep-20260920-230959
5,UAB Blazers,2018,A.J. Erdely,j. erdely a,9,true,171,29.6934,espn-pbp/ep-20260920-230959
5,UAB Blazers,2018,Tyler Johnston III,johnston t,5,false,137,21.7644,espn-pbp/ep-20260920-230959
399,UAlbany Great Danes,2018,Vincent Testaverde,testaverde v,7,true,200,-7.2424,espn-pbp/ep-20260920-230959
399,UAlbany Great Danes,2018,Jeff Undercuffler,undercuffler j,3,false,93,-20.4127,espn-pbp/ep-20260920-230959
302,UC Davis Aggies,2018,Jake Maier,maier j,11,true,446,143.5894,espn-pbp/ep-20260920-230959
2116,UCF Knights,2018,McKenzie Milton,milton m,10,true,303,111.7003,espn-pbp/ep-20260920-230959
2116,UCF Knights,2018,Darriel Mack Jr.,mack d,3,false,105,3.2038,espn-pbp/ep-20260920-230959
26,UCLA Bruins,2018,Dorian Thompson-Robinson,thompson-robinson d,6,false,158,-7.8326,espn-pbp/ep-20260920-230959
26,UCLA Bruins,2018,Wilton Speight,speight w,5,true,215,40.0312,espn-pbp/ep-20260920-230959
41,UConn Huskies,2018,David Pindell,pindell d,12,true,306,16.8809,espn-pbp/ep-20260920-230959
2433,UL Monroe Warhawks,2018,Caleb Evans,evans c,12,true,386,33.1753,espn-pbp/ep-20260920-230959
2439,UNLV Rebels,2018,Max Gilliam,gilliam m,7,false,234,9.3227,espn-pbp/ep-20260920-230959
2439,UNLV Rebels,2018,Armani Rogers,rogers a,5,true,121,-13.2287,espn-pbp/ep-20260920-230959
30,USC Trojans,2018,JT Daniels,daniels j,11,true,373,33.2298,espn-pbp/ep-20260920-230959
30,USC Trojans,2018,Jack Sears,sears j,1,false,27,8.2918,espn-pbp/ep-20260920-230959
2630,UT Martin Skyhawks,2018,Dresser Winn,winn d,7,true,246,19.0828,espn-pbp/ep-20260920-230959
2630,UT Martin Skyhawks,2018,Joe Hudson,hudson j,4,false,156,-0.8876,espn-pbp/ep-20260920-230959
2638,UTEP Miners,2018,Kai Locksley,locksley k,8,false,176,-24.3000,espn-pbp/ep-20260920-230959
2638,UTEP Miners,2018,Ryan Metz,metz r,3,true,72,-0.7787,espn-pbp/ep-20260920-230959
2638,UTEP Miners,2018,Brandon Jones,jones b,1,false,87,-3.8421,espn-pbp/ep-20260920-230959
2636,UTSA Roadrunners,2018,Cordale Grundy,grundy c,7,true,224,-30.1738,espn-pbp/ep-20260920-230959
2636,UTSA Roadrunners,2018,Jordan Weeks,weeks j,3,false,55,-16.9487,espn-pbp/ep-20260920-230959
2636,UTSA Roadrunners,2018,Bryce Rivers,rivers b,1,false,71,1.4057,espn-pbp/ep-20260920-230959
2636,UTSA Roadrunners,2018,D.J. Gillins,j. gillins d,1,false,61,-21.2864,espn-pbp/ep-20260920-230959
328,Utah State Aggies,2018,Jordan Love,love j,13,true,435,113.0302,espn-pbp/ep-20260920-230959
254,Utah Utes,2018,Tyler Huntley,huntley t,9,true,241,36.6841,espn-pbp/ep-20260920-230959
254,Utah Utes,2018,Jason Shelley,shelley j,4,false,145,2.8708,espn-pbp/ep-20260920-230959
254,Utah Utes,2018,Jake Browning,browning j,1,false,,,espn-pbp/ep-20260920-230959
2678,VMI Keydets,2018,Reece Udinski,udinski r,9,true,371,-12.0713,espn-pbp/ep-20260920-230959
2678,VMI Keydets,2018,Kaelan Riley,riley k,1,false,,,espn-pbp/ep-20260920-230959
2673,Valdosta State Blazers,2018,Rogan Wells,wells r,1,true,33,25.2195,espn-pbp/ep-20260920-230959
2674,Valparaiso Beacons,2018,Chris Duncan,duncan c,6,true,212,18.7886,espn-pbp/ep-20260920-230959
2674,Valparaiso Beacons,2018,Jimmy Seewald,seewald j,2,false,52,6.7911,espn-pbp/ep-20260920-230959
2674,Valparaiso Beacons,2018,Trey Bilinski,bilinski t,1,false,28,1.2261,espn-pbp/ep-20260920-230959
238,Vanderbilt Commodores,2018,Kyle Shurmur,shurmur k,13,true,416,80.1552,espn-pbp/ep-20260920-230959
222,Villanova Wildcats,2018,Zach Bednarczyk,bednarczyk z,4,true,89,33.6825,espn-pbp/ep-20260920-230959
222,Villanova Wildcats,2018,Jack Schetelich,schetelich j,1,false,33,-4.1597,espn-pbp/ep-20260920-230959
222,Villanova Wildcats,2018,Qadir Ismail,ismail q,1,false,18,5.3728,espn-pbp/ep-20260920-230959
258,Virginia Cavaliers,2018,Bryce Perkins,perkins b,13,true,328,58.8496,espn-pbp/ep-20260920-230959
2355,Virginia Lynchburg Dragons,2018,Chameron Stevenson,stevenson c,3,true,44,-16.7240,espn-pbp/ep-20260920-230959
2355,Virginia Lynchburg Dragons,2018,Elijah Stewart,stewart e,1,false,22,-3.7026,espn-pbp/ep-20260920-230959
330,Virginia State Trojans,2018,Cordelral Cook,cook c,2,true,65,-9.4609,espn-pbp/ep-20260920-230959
259,Virginia Tech Hokies,2018,Ryan Willis,willis r,10,false,369,50.0159,espn-pbp/ep-20260920-230959
259,Virginia Tech Hokies,2018,Josh Jackson,jackson j,3,true,57,17.5907,espn-pbp/ep-20260920-230959
2681,Wagner Seahawks,2018,T.J. Linta,j. linta t,7,false,194,-13.9702,espn-pbp/ep-20260920-230959
2681,Wagner Seahawks,2018,Luke Massei,massei l,3,true,99,-21.7581,espn-pbp/ep-20260920-230959
154,Wake Forest Demon Deacons,2018,Sam Hartman,hartman s,9,true,301,46.0705,espn-pbp/ep-20260920-230959
154,Wake Forest Demon Deacons,2018,Jamie Newman,newman j,4,false,145,30.0724,espn-pbp/ep-20260920-230959
3080,Waldorf Warriors,2018,Hilton Joseph,joseph h,1,true,,,espn-pbp/ep-20260920-230959
264,Washington Huskies,2018,Jake Browning,browning j,13,true,370,103.5918,espn-pbp/ep-20260920-230959
264,Washington Huskies,2018,Jason Shelley,shelley j,1,false,,,espn-pbp/ep-20260920-230959
265,Washington State Cougars,2018,Gardner Minshew,minshew g,13,true,668,143.2798,espn-pbp/ep-20260920-230959
2692,Weber State Wildcats,2018,Jake Constantine,constantine j,11,false,332,33.7256,espn-pbp/ep-20260920-230959
2692,Weber State Wildcats,2018,Kaden Jenks,jenks k,1,true,39,-31.8025,espn-pbp/ep-20260920-230959
277,West Virginia Mountaineers,2018,Will Grier,grier w,11,true,397,155.0266,espn-pbp/ep-20260920-230959
277,West Virginia Mountaineers,2018,Jack Allison,allison j,1,false,46,-4.3823,espn-pbp/ep-20260920-230959
455,West Virginia Wesleyan Bobcats,2018,Luke Casey,casey l,1,true,13,-9.7337,espn-pbp/ep-20260920-230959
2717,Western Carolina Catamounts,2018,Tyrie Adams,adams t,11,true,290,51.1366,espn-pbp/ep-20260920-230959
2717,Western Carolina Catamounts,2018,Will Jones,jones w,0,false,60,11.9616,espn-pbp/ep-20260920-230959
2714,Western Colorado Mountaineers,2018,Cameron Shumway,shumway c,1,true,26,-9.7365,espn-pbp/ep-20260920-230959
2710,Western Illinois Leathernecks,2018,Sean McGuire,mcguire s,11,true,401,12.7461,espn-pbp/ep-20260920-230959
98,Western Kentucky Hilltoppers,2018,Steven Duncan,duncan s,5,false,193,-2.0613,espn-pbp/ep-20260920-230959
98,Western Kentucky Hilltoppers,2018,Davis Shanley,shanley d,4,false,113,1.0899,espn-pbp/ep-20260920-230959
98,Western Kentucky Hilltoppers,2018,Drew Eckels,eckels d,3,true,102,-5.7715,espn-pbp/ep-20260920-230959
2711,Western Michigan Broncos,2018,Jon Wassink,wassink j,9,true,260,41.0845,espn-pbp/ep-20260920-230959
2711,Western Michigan Broncos,2018,Kaleb Eleby,eleby k,4,false,156,16.8929,espn-pbp/ep-20260920-230959
2703,Western New Mexico Mustangs,2018,Blayne A.,a. b,1,true,,,espn-pbp/ep-20260920-230959
2729,William & Mary Tribe,2018,Shon Mitchell,mitchell s,6,true,193,-15.5281,espn-pbp/ep-20260920-230959
2729,William & Mary Tribe,2018,Ted Hefter,hefter t,1,false,56,-5.9603,espn-pbp/ep-20260920-230959
2729,William & Mary Tribe,2018,Dean Rotger,rotger d,1,false,26,0.4997,espn-pbp/ep-20260920-230959
275,Wisconsin Badgers,2018,Alex Hornibrook,hornibrook a,9,true,208,29.8008,espn-pbp/ep-20260920-230959
275,Wisconsin Badgers,2018,Jack Coan,coan j,4,false,92,4.9918,espn-pbp/ep-20260920-230959
2747,Wofford Terriers,2018,Joe Newman,newman j,12,true,139,18.9810,espn-pbp/ep-20260920-230959
2751,Wyoming Cowboys,2018,Tyler Vander Waal,vander waal t,10,true,259,-41.3883,espn-pbp/ep-20260920-230959
2751,Wyoming Cowboys,2018,Sean Chambers,chambers s,2,false,25,10.5013,espn-pbp/ep-20260920-230959
43,Yale Bulldogs,2018,Kurt Rawlings,rawlings k,6,true,184,74.3611,espn-pbp/ep-20260920-230959
43,Yale Bulldogs,2018,Griffin O'Connor,o'connor g,3,false,126,56.6543,espn-pbp/ep-20260920-230959
43,Yale Bulldogs,2018,Jimmy Check,check j,1,false,51,-2.6255,espn-pbp/ep-20260920-230959
2754,Youngstown State Penguins,2018,Montgomery VanGorder,vangorder m,9,true,273,24.5902,espn-pbp/ep-20260920-230959
2754,Youngstown State Penguins,2018,Nathan Mays,mays n,1,false,45,-3.5092,espn-pbp/ep-20260920-230959
2000,Abilene Christian Wildcats,2019,Luke Anthony,anthony l,11,true,384,29.7457,espn-pbp/ep-20260920-230959
2000,Abilene Christian Wildcats,2019,Sema'J Davis,davis s,1,false,63,-0.5393,espn-pbp/ep-20260920-230959
2005,Air Force Falcons,2019,Donald Hammond III,hammond d,11,false,115,42.6204,espn-pbp/ep-20260920-230959
2005,Air Force Falcons,2019,Mike Schmidt,schmidt m,1,false,6,9.5760,espn-pbp/ep-20260920-230959
2005,Air Force Falcons,2019,Isaiah Sanders,sanders i,1,true,5,3.9769,espn-pbp/ep-20260920-230959
2006,Akron Zips,2019,Kato Nelson,nelson k,9,true,219,-14.9354,espn-pbp/ep-20260920-230959
2006,Akron Zips,2019,Zach Gibson,gibson z,1,false,44,-13.3268,espn-pbp/ep-20260920-230959
2006,Akron Zips,2019,Kyle Vantrease,vantrease k,1,false,24,-3.0556,espn-pbp/ep-20260920-230959
2010,Alabama A&M Bulldogs,2019,Aqeel Glass,glass a,9,true,258,45.2746,espn-pbp/ep-20260920-230959
333,Alabama Crimson Tide,2019,Tua Tagovailoa,tagovailoa t,9,true,260,130.3406,espn-pbp/ep-20260920-230959
333,Alabama Crimson Tide,2019,Mac Jones,jones m,4,false,143,47.7691,espn-pbp/ep-20260920-230959
2011,Alabama State Hornets,2019,KHA'Darris Davis,davis k,9,true,293,17.2593,espn-pbp/ep-20260920-230959
2016,Alcorn State Braves,2019,Felix Harper,harper f,7,false,208,80.0332,espn-pbp/ep-20260920-230959
2016,Alcorn State Braves,2019,Noah Johnson,johnson n,3,true,65,-2.0638,espn-pbp/ep-20260920-230959
2026,App State Mountaineers,2019,Zac Thomas,thomas z,14,true,369,78.8897,espn-pbp/ep-20260920-230959
108358,Arizona Christian Firestorm,2019,Emilio Araiza,araiza e,1,true,5,-6.1341,espn-pbp/ep-20260920-230959
9,Arizona State Sun Devils,2019,Jayden Daniels,daniels j,12,true,347,51.6194,espn-pbp/ep-20260920-230959
9,Arizona State Sun Devils,2019,Joey Yellen,yellen j,1,false,46,1.2719,espn-pbp/ep-20260920-230959
12,Arizona Wildcats,2019,Khalil Tate,tate k,9,true,268,24.5720,espn-pbp/ep-20260920-230959
12,Arizona Wildcats,2019,Grant Gunnell,gunnell g,3,false,155,34.1008,espn-pbp/ep-20260920-230959
8,Arkansas Razorbacks,2019,Nick Starkel,starkel n,5,false,187,7.8966,espn-pbp/ep-20260920-230959
8,Arkansas Razorbacks,2019,Ben Hicks,hicks b,4,true,142,-12.5097,espn-pbp/ep-20260920-230959
8,Arkansas Razorbacks,2019,Jack Lindsey,lindsey j,1,false,34,-10.0445,espn-pbp/ep-20260920-230959
8,Arkansas Razorbacks,2019,K.J. Jefferson,j. jefferson k,1,false,30,-3.9803,espn-pbp/ep-20260920-230959
8,Arkansas Razorbacks,2019,John Stephen Jones,jones j,1,false,25,-8.8317,espn-pbp/ep-20260920-230959
2032,Arkansas State Red Wolves,2019,Layne Hatcher,hatcher l,9,false,328,92.1949,espn-pbp/ep-20260920-230959
2032,Arkansas State Red Wolves,2019,Logan Bonner,bonner l,4,true,160,6.5525,espn-pbp/ep-20260920-230959
2029,Arkansas-Pine Bluff Golden Lions,2019,Shannon Patrick,patrick s,5,false,171,45.3646,espn-pbp/ep-20260920-230959
2029,Arkansas-Pine Bluff Golden Lions,2019,Skyler Perry,perry s,4,true,68,0.7673,espn-pbp/ep-20260920-230959
349,Army Black Knights,2019,Kelvin Hopkins Jr.,hopkins k,8,true,80,0.9646,espn-pbp/ep-20260920-230959
349,Army Black Knights,2019,Jabari Laws,laws j,3,false,22,14.2499,espn-pbp/ep-20260920-230959
349,Army Black Knights,2019,Christian Anderson,anderson c,2,false,23,-8.8765,espn-pbp/ep-20260920-230959
2,Auburn Tigers,2019,Bo Nix,nix b,13,true,385,63.5811,espn-pbp/ep-20260920-230959
2046,Austin Peay Governors,2019,JaVaughn Craig,craig j,13,false,390,63.8675,espn-pbp/ep-20260920-230959
2046,Austin Peay Governors,2019,Jeremiah Oatsvall,oatsvall j,2,true,44,-9.0569,espn-pbp/ep-20260920-230959
3178,Ave Maria Gyrenes,2019,Will Tate,tate w,1,true,21,9.7333,espn-pbp/ep-20260920-230959
252,BYU Cougars,2019,Zach Wilson,wilson z,8,true,279,34.2302,espn-pbp/ep-20260920-230959
252,BYU Cougars,2019,Baylor Romney,romney b,2,false,87,17.7424,espn-pbp/ep-20260920-230959
252,BYU Cougars,2019,Jaren Hall,hall j,2,false,47,17.2320,espn-pbp/ep-20260920-230959
252,BYU Cougars,2019,Cole McDonald,mcdonald c,1,false,,,espn-pbp/ep-20260920-230959
2050,Ball State Cardinals,2019,Drew Plitt,plitt d,12,true,386,98.7228,espn-pbp/ep-20260920-230959
239,Baylor Bears,2019,Charlie Brewer,brewer c,14,true,398,82.1657,espn-pbp/ep-20260920-230959
2064,Bethel (TN) Wildcats,2019,Christian Arrambide,arrambide c,1,true,16,-4.8024,espn-pbp/ep-20260920-230959
2065,Bethune-Cookman Wildcats,2019,Akevious Williams,williams a,8,true,209,3.7219,espn-pbp/ep-20260920-230959
68,Boise State Broncos,2019,Hank Bachmeier,bachmeier h,8,true,229,53.7200,espn-pbp/ep-20260920-230959
68,Boise State Broncos,2019,Jaylon Henderson,henderson j,4,false,147,29.6955,espn-pbp/ep-20260920-230959
68,Boise State Broncos,2019,Chase Cord,cord c,2,false,91,16.7961,espn-pbp/ep-20260920-230959
103,Boston College Eagles,2019,Dennis Grosel,grosel d,7,false,157,-11.9591,espn-pbp/ep-20260920-230959
103,Boston College Eagles,2019,Anthony Brown,brown a,6,true,139,34.5651,espn-pbp/ep-20260920-230959
189,Bowling Green Falcons,2019,Grant Loy,loy g,8,false,210,-33.7120,espn-pbp/ep-20260920-230959
189,Bowling Green Falcons,2019,Darius Wade,wade d,4,true,131,-26.9543,espn-pbp/ep-20260920-230959
225,Brown Bears,2019,EJ Perry,perry e,10,true,440,67.2035,espn-pbp/ep-20260920-230959
2803,Bryant Bulldogs,2019,Kory Curtis,curtis k,6,false,194,6.6966,espn-pbp/ep-20260920-230959
2803,Bryant Bulldogs,2019,Chris Hindle,hindle c,1,true,27,-4.8516,espn-pbp/ep-20260920-230959
2083,Bucknell Bison,2019,Logan Bitikofer,bitikofer l,9,true,305,-30.3407,espn-pbp/ep-20260920-230959
2083,Bucknell Bison,2019,John Chiarolanzio,chiarolanzio j,1,false,61,-18.8843,espn-pbp/ep-20260920-230959
2083,Bucknell Bison,2019,Tarrin Earle,earle t,1,false,28,-5.6750,espn-pbp/ep-20260920-230959
2084,Buffalo Bulls,2019,Kyle Vantrease,vantrease k,7,false,109,28.0313,espn-pbp/ep-20260920-230959
2084,Buffalo Bulls,2019,Matt Myers,myers m,5,true,110,-13.7483,espn-pbp/ep-20260920-230959
2084,Buffalo Bulls,2019,Zach Gibson,gibson z,1,false,40,-8.0880,espn-pbp/ep-20260920-230959
2086,Butler Bulldogs,2019,Sam Brown,brown s,8,true,227,-13.5971,espn-pbp/ep-20260920-230959
2086,Butler Bulldogs,2019,Nick Orlando,orlando n,3,false,84,-24.1399,espn-pbp/ep-20260920-230959
2086,Butler Bulldogs,2019,Cameron Towns,towns c,1,false,26,-3.5919,espn-pbp/ep-20260920-230959
13,Cal Poly Mustangs,2019,Jalen Hamler,hamler j,10,true,113,41.8621,espn-pbp/ep-20260920-230959
13,Cal Poly Mustangs,2019,"JEFFREY, Jake",jeffrey j,1,false,13,9.8946,espn-pbp/ep-20260920-230959
25,California Golden Bears,2019,Chase Garbers,garbers c,9,true,226,69.0753,espn-pbp/ep-20260920-230959
25,California Golden Bears,2019,Devon Modster,modster d,3,false,128,-13.7981,espn-pbp/ep-20260920-230959
25,California Golden Bears,2019,Spencer Brasch,brasch s,1,false,27,-13.8907,espn-pbp/ep-20260920-230959
2097,Campbell Fighting Camels,2019,Hajj-Malik Williams,williams h,10,true,210,41.6841,espn-pbp/ep-20260920-230959
2108,Catholic Cardinals,2019,Brady Berger,berger b,1,true,20,-10.7696,espn-pbp/ep-20260920-230959
2110,Central Arkansas Bears,2019,Breylin Smith,smith b,12,true,459,67.3225,espn-pbp/ep-20260920-230959
2115,Central Connecticut Blue Devils,2019,Aaron Winchester,winchester a,9,true,169,42.5562,espn-pbp/ep-20260920-230959
2117,Central Michigan Chippewas,2019,Quinten Dormady,dormady q,10,true,303,60.1079,espn-pbp/ep-20260920-230959
2117,Central Michigan Chippewas,2019,David Moore,moore d,4,false,173,15.4995,espn-pbp/ep-20260920-230959
2119,Central State (OH) Marauders,2019,Frank Cocio,cocio f,1,true,22,-7.1458,espn-pbp/ep-20260920-230959
2120,Central Washington Wildcats,2019,Canon Racanelli,racanelli c,1,true,29,-11.5438,espn-pbp/ep-20260920-230959
2127,Charleston Southern Buccaneers,2019,Jack Chambers,chambers j,10,true,312,-11.2868,espn-pbp/ep-20260920-230959
2127,Charleston Southern Buccaneers,2019,Ross Malmgren,malmgren r,1,false,39,-9.6363,espn-pbp/ep-20260920-230959
2429,Charlotte 49ers,2019,Chris Reynolds,reynolds c,12,false,288,82.3301,espn-pbp/ep-20260920-230959
2429,Charlotte 49ers,2019,Brett Kean,kean b,1,true,26,-7.1333,espn-pbp/ep-20260920-230959
236,Chattanooga Mocs,2019,Nick Tiano,tiano n,12,true,310,24.7363,espn-pbp/ep-20260920-230959
2132,Cincinnati Bearcats,2019,Desmond Ridder,ridder d,13,true,329,4.2979,espn-pbp/ep-20260920-230959
2132,Cincinnati Bearcats,2019,Ben Bryant,bryant b,1,false,53,12.5038,espn-pbp/ep-20260920-230959
228,Clemson Tigers,2019,Trevor Lawrence,lawrence t,15,true,415,109.9336,espn-pbp/ep-20260920-230959
228,Clemson Tigers,2019,Chase Brice,brice c,0,false,88,13.2269,espn-pbp/ep-20260920-230959
324,Coastal Carolina Chanticleers,2019,Fred Payton,payton f,6,true,190,37.5444,espn-pbp/ep-20260920-230959
324,Coastal Carolina Chanticleers,2019,Bryce Carpenter,carpenter b,6,false,149,32.7109,espn-pbp/ep-20260920-230959
2142,Colgate Raiders,2019,Grant Breneman,breneman g,8,true,209,13.2385,espn-pbp/ep-20260920-230959
2142,Colgate Raiders,2019,Jake Froschauer,froschauer j,2,false,38,-5.8778,espn-pbp/ep-20260920-230959
2142,Colgate Raiders,2019,Noah Rothman,rothman n,1,false,44,0.7392,espn-pbp/ep-20260920-230959
38,Colorado Buffaloes,2019,Steven Montez,montez s,12,true,377,43.7958,espn-pbp/ep-20260920-230959
36,Colorado State Rams,2019,Patrick O'Brien,o'brien p,9,false,354,77.1849,espn-pbp/ep-20260920-230959
36,Colorado State Rams,2019,Collin Hill,hill c,3,true,101,18.1624,espn-pbp/ep-20260920-230959
171,Columbia Lions,2019,Ty Lenhart,lenhart t,5,false,149,1.4544,espn-pbp/ep-20260920-230959
171,Columbia Lions,2019,Josh Bean,bean j,4,true,102,-0.6941,espn-pbp/ep-20260920-230959
172,Cornell Big Red,2019,Richie Kenney,kenney r,7,false,251,8.9194,espn-pbp/ep-20260920-230959
172,Cornell Big Red,2019,Mike Catanese,catanese m,2,true,42,-11.5380,espn-pbp/ep-20260920-230959
159,Dartmouth Big Green,2019,Jared Gerbino,gerbino j,10,true,105,32.7503,espn-pbp/ep-20260920-230959
159,Dartmouth Big Green,2019,Derek Kyler,kyler d,0,false,107,45.4693,espn-pbp/ep-20260920-230959
2166,Davidson Wildcats,2019,Tyler Phelps,phelps t,12,true,136,44.4374,espn-pbp/ep-20260920-230959
2168,Dayton Flyers,2019,Jack Cook,cook j,11,true,322,139.1771,espn-pbp/ep-20260920-230959
48,Delaware Blue Hens,2019,Pat Kehoe,kehoe p,6,true,158,2.6788,espn-pbp/ep-20260920-230959
48,Delaware Blue Hens,2019,Nolan Henderson,henderson n,5,false,128,23.1502,espn-pbp/ep-20260920-230959
2169,Delaware State Hornets,2019,Tylik Bethea,bethea t,7,false,184,-42.7550,espn-pbp/ep-20260920-230959
2169,Delaware State Hornets,2019,Shayne Smith,smith s,1,true,12,0.6326,espn-pbp/ep-20260920-230959
2181,Drake Bulldogs,2019,Ian Corwin,corwin i,8,true,233,39.8587,espn-pbp/ep-20260920-230959
2181,Drake Bulldogs,2019,Ben Nienhuis,nienhuis b,1,false,15,-0.7888,espn-pbp/ep-20260920-230959
150,Duke Blue Devils,2019,Quentin Harris,harris q,12,true,365,-12.2936,espn-pbp/ep-20260920-230959
2184,Duquesne Dukes,2019,Daniel Parr,parr d,7,true,148,29.1358,espn-pbp/ep-20260920-230959
2184,Duquesne Dukes,2019,Brett Brumbaugh,brumbaugh b,3,false,90,-14.5816,espn-pbp/ep-20260920-230959
151,East Carolina Pirates,2019,Holton Ahlers,ahlers h,12,true,473,93.2922,espn-pbp/ep-20260920-230959
2188,East Stroudsburg Warriors,2019,Jake Cirillo,cirillo j,1,true,21,-2.6123,espn-pbp/ep-20260920-230959
2193,East Tennessee State Buccaneers,2019,Trey Mitchell,mitchell t,9,false,237,-29.9180,espn-pbp/ep-20260920-230959
2193,East Tennessee State Buccaneers,2019,Tyler Riddell,riddell t,1,false,33,-6.3595,espn-pbp/ep-20260920-230959
2193,East Tennessee State Buccaneers,2019,Chance Thrasher,thrasher c,1,true,6,-2.8464,espn-pbp/ep-20260920-230959
2197,Eastern Illinois Panthers,2019,Harry Woodbery,woodbery h,7,false,345,-47.3769,espn-pbp/ep-20260920-230959
2197,Eastern Illinois Panthers,2019,Johnathan Brantley,brantley j,4,true,79,-29.3751,espn-pbp/ep-20260920-230959
2197,Eastern Illinois Panthers,2019,Jaylon Banks,banks j,1,false,17,-10.3502,espn-pbp/ep-20260920-230959
2198,Eastern Kentucky Colonels,2019,Parker McKinney,mckinney p,7,false,222,4.0959,espn-pbp/ep-20260920-230959
2198,Eastern Kentucky Colonels,2019,Conor Blount,blount c,5,true,106,-14.4731,espn-pbp/ep-20260920-230959
2199,Eastern Michigan Eagles,2019,Mike Glass III,glass m,12,true,416,107.6595,espn-pbp/ep-20260920-230959
2199,Eastern Michigan Eagles,2019,Preston Hutchinson,hutchinson p,1,false,58,17.9521,espn-pbp/ep-20260920-230959
2202,Eastern Oregon,2019,Joey Aliff,aliff j,1,true,21,-16.5743,espn-pbp/ep-20260920-230959
331,Eastern Washington Eagles,2019,Eric Barriere,barriere e,12,true,454,93.5123,espn-pbp/ep-20260920-230959
2206,Edward Waters Tigers,2019,Roshard Branch,branch r,1,true,14,0.5324,espn-pbp/ep-20260920-230959
2207,Elizabeth City State Vikings,2019,Deabrie Smith,smith d,1,true,10,-11.7337,espn-pbp/ep-20260920-230959
2207,Elizabeth City State Vikings,2019,Kevin Caldwell,caldwell k,1,false,7,-6.5178,espn-pbp/ep-20260920-230959
2210,Elon Phoenix,2019,Davis Cheek,cheek d,10,true,286,27.1978,espn-pbp/ep-20260920-230959
50,Florida A&M Rattlers,2019,Ryan Stanley,stanley r,3,true,93,-5.5738,espn-pbp/ep-20260920-230959
50,Florida A&M Rattlers,2019,Rasean McKay,mckay r,1,false,47,0.2617,espn-pbp/ep-20260920-230959
2226,Florida Atlantic Owls,2019,Chris Robison,robison c,14,true,491,110.6943,espn-pbp/ep-20260920-230959
57,Florida Gators,2019,Kyle Trask,trask k,10,false,373,129.5412,espn-pbp/ep-20260920-230959
57,Florida Gators,2019,Feleipe Franks,franks f,3,true,75,26.9489,espn-pbp/ep-20260920-230959
2229,Florida International Panthers,2019,James Morgan,morgan j,12,true,364,37.9566,espn-pbp/ep-20260920-230959
2229,Florida International Panthers,2019,Kaylan Wiggins,wiggins k,1,false,30,1.6198,espn-pbp/ep-20260920-230959
52,Florida State Seminoles,2019,James Blackman,blackman j,10,true,303,40.4682,espn-pbp/ep-20260920-230959
52,Florida State Seminoles,2019,Alex Hornibrook,hornibrook a,3,false,132,14.2607,espn-pbp/ep-20260920-230959
2230,Fordham Rams,2019,Tim DeMorat,demorat t,11,true,374,45.7760,espn-pbp/ep-20260920-230959
278,Fresno State Bulldogs,2019,Jorge Reyna,reyna j,12,true,338,60.4222,espn-pbp/ep-20260920-230959
231,Furman Paladins,2019,Darren Grainger,grainger d,10,true,162,20.3871,espn-pbp/ep-20260920-230959
231,Furman Paladins,2019,Hamp Sisson,sisson h,3,false,86,18.5315,espn-pbp/ep-20260920-230959
2241,Gardner-Webb Runnin' Bulldogs,2019,Kalen Whitlow,whitlow k,7,false,270,45.1369,espn-pbp/ep-20260920-230959
2241,Gardner-Webb Runnin' Bulldogs,2019,Jordan Smith,smith j,4,true,72,-21.5657,espn-pbp/ep-20260920-230959
46,Georgetown Hoyas,2019,Gunther Johnson,johnson g,10,true,181,18.1194,espn-pbp/ep-20260920-230959
46,Georgetown Hoyas,2019,Joseph Brunell,brunell j,1,false,84,14.8030,espn-pbp/ep-20260920-230959
61,Georgia Bulldogs,2019,Jake Fromm,fromm j,14,true,398,90.8688,espn-pbp/ep-20260920-230959
290,Georgia Southern Eagles,2019,Shai Werts,werts s,11,true,112,3.6267,espn-pbp/ep-20260920-230959
290,Georgia Southern Eagles,2019,Justin Tomlin,tomlin j,2,false,26,-10.9156,espn-pbp/ep-20260920-230959
2247,Georgia State Panthers,2019,Dan Ellington,ellington d,12,true,331,61.8120,espn-pbp/ep-20260920-230959
59,Georgia Tech Yellow Jackets,2019,James Graham,graham j,8,false,176,-42.6822,espn-pbp/ep-20260920-230959
59,Georgia Tech Yellow Jackets,2019,Lucas Johnson,johnson l,2,false,38,-6.4441,espn-pbp/ep-20260920-230959
59,Georgia Tech Yellow Jackets,2019,Tobias Oliver,oliver t,2,true,26,-6.7397,espn-pbp/ep-20260920-230959
2755,Grambling Tigers,2019,Geremy Hickbottom,hickbottom g,8,true,224,9.4990,espn-pbp/ep-20260920-230959
2261,Hampton Pirates,2019,Deondre Francois,francois d,10,true,280,10.4885,espn-pbp/ep-20260920-230959
108,Harvard Crimson,2019,Jake Smith,smith j,10,true,240,39.2113,espn-pbp/ep-20260920-230959
62,Hawai'i Rainbow Warriors,2019,Cole McDonald,mcdonald c,10,true,476,119.5801,espn-pbp/ep-20260920-230959
62,Hawai'i Rainbow Warriors,2019,Chevan Cordeiro,cordeiro c,3,false,118,14.0636,espn-pbp/ep-20260920-230959
62,Hawai'i Rainbow Warriors,2019,Carson Strong,strong c,1,false,,,espn-pbp/ep-20260920-230959
62,Hawai'i Rainbow Warriors,2019,Zach Wilson,wilson z,1,false,,,espn-pbp/ep-20260920-230959
107,Holy Cross Crusaders,2019,Connor Degenhardt,degenhardt c,13,true,347,7.0232,espn-pbp/ep-20260920-230959
107,Holy Cross Crusaders,2019,Matt Considine,considine m,0,false,55,8.4218,espn-pbp/ep-20260920-230959
2277,Houston Christian Huskies,2019,Bailey Zappe,zappe b,12,true,582,76.4240,espn-pbp/ep-20260920-230959
248,Houston Cougars,2019,Clayton Tune,tune c,7,false,188,26.6019,espn-pbp/ep-20260920-230959
248,Houston Cougars,2019,D'Eriq King,king d,4,true,110,-8.5055,espn-pbp/ep-20260920-230959
248,Houston Cougars,2019,Logan Holgorsen,holgorsen l,1,false,22,-6.0147,espn-pbp/ep-20260920-230959
47,Howard Bison,2019,Quinton Williams,williams q,5,false,138,12.6763,espn-pbp/ep-20260920-230959
47,Howard Bison,2019,Caylin Newton,newton c,3,true,82,-2.6019,espn-pbp/ep-20260920-230959
304,Idaho State Bengals,2019,Matt Struck,struck m,9,true,310,-1.7494,espn-pbp/ep-20260920-230959
304,Idaho State Bengals,2019,Gunnar Amos,amos g,1,false,44,-14.4340,espn-pbp/ep-20260920-230959
304,Idaho State Bengals,2019,Sagan Gronauer,gronauer s,1,false,32,-11.3287,espn-pbp/ep-20260920-230959
70,Idaho Vandals,2019,Mason Petrino,petrino m,11,true,333,40.5418,espn-pbp/ep-20260920-230959
70,Idaho Vandals,2019,Colton Richardson,richardson c,1,false,54,3.0407,espn-pbp/ep-20260920-230959
356,Illinois Fighting Illini,2019,Brandon Peters,peters b,11,true,279,11.0659,espn-pbp/ep-20260920-230959
356,Illinois Fighting Illini,2019,Matt Robinson,robinson m,2,false,80,1.3117,espn-pbp/ep-20260920-230959
2287,Illinois State Redbirds,2019,Brady Davis,davis b,11,true,236,0.6792,espn-pbp/ep-20260920-230959
2287,Illinois State Redbirds,2019,Bryce Jefferson,jefferson b,3,false,36,-6.9325,espn-pbp/ep-20260920-230959
2287,Illinois State Redbirds,2019,Jack Baltz,baltz j,1,false,14,-11.2445,espn-pbp/ep-20260920-230959
2916,Incarnate Word Cardinals,2019,Jon Copeland,copeland j,12,true,536,31.6475,espn-pbp/ep-20260920-230959
84,Indiana Hoosiers,2019,Peyton Ramsey,ramsey p,7,false,307,93.3594,espn-pbp/ep-20260920-230959
84,Indiana Hoosiers,2019,Michael Penix Jr.,penix m,6,true,176,55.8426,espn-pbp/ep-20260920-230959
282,Indiana State Sycamores,2019,Kurtis Wilderman,wilderman k,7,false,172,33.7174,espn-pbp/ep-20260920-230959
282,Indiana State Sycamores,2019,Ryan Boyle,boyle r,3,true,85,0.2392,espn-pbp/ep-20260920-230959
282,Indiana State Sycamores,2019,Gunnar See,see g,2,false,51,-10.8821,espn-pbp/ep-20260920-230959
111756,Indiana Wesleyan Wildcats,2019,Zack Blair,blair z,1,true,44,5.1874,espn-pbp/ep-20260920-230959
2294,Iowa Hawkeyes,2019,Nate Stanley,stanley n,13,true,406,69.4861,espn-pbp/ep-20260920-230959
66,Iowa State Cyclones,2019,Brock Purdy,purdy b,13,true,490,136.5140,espn-pbp/ep-20260920-230959
2296,Jackson State Tigers,2019,Derrick Ponder,ponder d,5,false,125,-2.7038,espn-pbp/ep-20260920-230959
2296,Jackson State Tigers,2019,Jalon Jones,jones j,2,false,56,3.5988,espn-pbp/ep-20260920-230959
2296,Jackson State Tigers,2019,Quincy Casey,casey q,2,true,4,1.5835,espn-pbp/ep-20260920-230959
294,Jacksonville Dolphins,2019,Calvin Turner Jr.,turner c,12,true,102,10.6522,espn-pbp/ep-20260920-230959
55,Jacksonville State Gamecocks,2019,Zerrick Cooper,cooper z,12,true,463,88.5966,espn-pbp/ep-20260920-230959
256,James Madison Dukes,2019,Ben DiNucci,dinucci b,16,true,359,171.9652,espn-pbp/ep-20260920-230959
2305,Kansas Jayhawks,2019,Carter Stanley,stanley c,12,true,379,49.7955,espn-pbp/ep-20260920-230959
2306,Kansas State Wildcats,2019,Skylar Thompson,thompson s,13,true,279,62.3446,espn-pbp/ep-20260920-230959
338,Kennesaw State Owls,2019,Daniel David,david d,7,true,58,-4.5503,espn-pbp/ep-20260920-230959
338,Kennesaw State Owls,2019,Tommy Bryant,bryant t,5,false,41,16.9764,espn-pbp/ep-20260920-230959
338,Kennesaw State Owls,2019,Jonathan Murphy,murphy j,1,false,10,-7.3957,espn-pbp/ep-20260920-230959
2309,Kent State Golden Flashes,2019,Dustin Crum,crum d,12,false,302,109.6062,espn-pbp/ep-20260920-230959
2309,Kent State Golden Flashes,2019,Woody Barrett,barrett w,1,true,44,4.7421,espn-pbp/ep-20260920-230959
3077,Kentucky Christian Knights,2019,Dorian Isaak,isaak d,1,true,37,-10.2257,espn-pbp/ep-20260920-230959
2310,Kentucky State Thorobreds,2019,Jaylen Myers,myers j,2,true,11,-2.7588,espn-pbp/ep-20260920-230959
96,Kentucky Wildcats,2019,Lynn Bowden Jr.,bowden l,8,false,75,-19.9172,espn-pbp/ep-20260920-230959
96,Kentucky Wildcats,2019,Sawyer Smith,smith s,3,false,130,-0.6637,espn-pbp/ep-20260920-230959
96,Kentucky Wildcats,2019,Terry Wilson,wilson t,2,true,51,5.0440,espn-pbp/ep-20260920-230959
99,LSU Tigers,2019,Joe Burrow,burrow j,15,true,518,261.1584,espn-pbp/ep-20260920-230959
322,Lafayette Leopards,2019,Keegan Shoemaker,shoemaker k,11,false,377,-4.5336,espn-pbp/ep-20260920-230959
322,Lafayette Leopards,2019,Cole Northrup,northrup c,1,true,17,-0.5883,espn-pbp/ep-20260920-230959
2320,Lamar Cardinals,2019,Jordan Hoy,hoy j,8,true,230,8.8126,espn-pbp/ep-20260920-230959
2320,Lamar Cardinals,2019,Marcellus Johnson,johnson m,3,false,44,-17.3099,espn-pbp/ep-20260920-230959
2320,Lamar Cardinals,2019,Shane Johnson,johnson s,1,false,48,-8.8830,espn-pbp/ep-20260920-230959
2323,Lane Dragons,2019,Michael Huntley,huntley m,1,true,36,8.7904,espn-pbp/ep-20260920-230959
2324,Langston Lions,2019,Jordan Cooper,cooper j,1,true,16,-10.4760,espn-pbp/ep-20260920-230959
2329,Lehigh Mountain Hawks,2019,Tyler Monaco,monaco t,9,true,274,-14.8370,espn-pbp/ep-20260920-230959
2329,Lehigh Mountain Hawks,2019,Alec Beesmer,beesmer a,1,false,41,7.5770,espn-pbp/ep-20260920-230959
2335,Liberty Flames,2019,Stephen Calvert,calvert s,13,true,375,117.1219,espn-pbp/ep-20260920-230959
2339,Lincoln (PA) Lions,2019,Eban Jackson II,jackson e,1,true,43,-1.6983,espn-pbp/ep-20260920-230959
2815,Lindenwood Lions,2019,Cade Brister,brister c,1,true,51,-7.6412,espn-pbp/ep-20260920-230959
2341,Long Island University Sharks,2019,Clay Beathard,beathard c,6,true,163,-13.3429,espn-pbp/ep-20260920-230959
2341,Long Island University Sharks,2019,Jacob Cheshire,cheshire j,3,false,38,-26.2850,espn-pbp/ep-20260920-230959
2347,Louisiana Christian University Wildcats,2019,Landon Lalonde,lalonde l,1,true,30,-8.7460,espn-pbp/ep-20260920-230959
309,Louisiana Ragin' Cajuns,2019,Levi Lewis,lewis l,14,true,403,108.1377,espn-pbp/ep-20260920-230959
2348,Louisiana Tech Bulldogs,2019,J'Mar Smith,smith j,11,true,345,102.0389,espn-pbp/ep-20260920-230959
2348,Louisiana Tech Bulldogs,2019,"ALLEN, Aaron",allen a,2,false,78,-0.2488,espn-pbp/ep-20260920-230959
97,Louisville Cardinals,2019,Micale Cunningham,cunningham m,11,false,186,75.7041,espn-pbp/ep-20260920-230959
97,Louisville Cardinals,2019,Jawon Pass,pass j,2,true,47,6.5280,espn-pbp/ep-20260920-230959
97,Louisville Cardinals,2019,Evan Conley,conley e,0,false,74,22.3504,espn-pbp/ep-20260920-230959
311,Maine Black Bears,2019,Chris Ferguson,ferguson c,6,true,208,28.8351,espn-pbp/ep-20260920-230959
311,Maine Black Bears,2019,Joe Fagnano,fagnano j,6,false,193,57.2084,espn-pbp/ep-20260920-230959
2368,Marist Red Foxes,2019,Austin Day,day a,9,true,245,13.6655,espn-pbp/ep-20260920-230959
2368,Marist Red Foxes,2019,Luke Strnad,strnad l,2,false,113,-15.0844,espn-pbp/ep-20260920-230959
2369,Mars Hill Lions,2019,Collin Sneed,sneed c,1,true,12,-6.3973,espn-pbp/ep-20260920-230959
276,Marshall Thundering Herd,2019,Isaiah Green,green i,13,true,326,4.7539,espn-pbp/ep-20260920-230959
120,Maryland Terrapins,2019,Josh Jackson,jackson j,9,true,219,-5.0044,espn-pbp/ep-20260920-230959
120,Maryland Terrapins,2019,Tyrrell Pigrome,pigrome t,3,false,127,-21.9389,espn-pbp/ep-20260920-230959
113,Massachusetts Minutemen,2019,Andrew Brito,brito a,6,false,174,-53.9458,espn-pbp/ep-20260920-230959
113,Massachusetts Minutemen,2019,Randall West,west r,3,true,159,-1.5994,espn-pbp/ep-20260920-230959
113,Massachusetts Minutemen,2019,Michael Curtis,curtis m,3,false,68,-10.5019,espn-pbp/ep-20260920-230959
561,Mayville State Comets,2019,Creighton Pfau,pfau c,1,true,25,-10.4427,espn-pbp/ep-20260920-230959
2377,McNeese Cowboys,2019,Cody Orgeron,orgeron c,12,true,325,20.9305,espn-pbp/ep-20260920-230959
235,Memphis Tigers,2019,Brady White,white b,14,true,437,153.6923,espn-pbp/ep-20260920-230959
2382,Mercer Bears,2019,Robert Riddle,riddle r,7,true,223,7.9411,espn-pbp/ep-20260920-230959
2382,Mercer Bears,2019,Kaelan Riley,riley k,5,false,180,6.5114,espn-pbp/ep-20260920-230959
2771,Merrimack Warriors,2019,Christian Carter,carter c,8,true,259,-17.8184,espn-pbp/ep-20260920-230959
193,Miami (OH) RedHawks,2019,Brett Gabbert,gabbert b,14,true,327,50.1290,espn-pbp/ep-20260920-230959
2390,Miami Hurricanes,2019,Jarren Williams,williams j,10,true,283,40.5167,espn-pbp/ep-20260920-230959
2390,Miami Hurricanes,2019,N'Kosi Perry,perry n,3,false,129,-0.7644,espn-pbp/ep-20260920-230959
127,Michigan State Spartans,2019,Brian Lewerke,lewerke b,13,true,455,68.6789,espn-pbp/ep-20260920-230959
130,Michigan Wolverines,2019,Shea Patterson,patterson s,13,true,387,84.0208,espn-pbp/ep-20260920-230959
2393,Middle Tennessee Blue Raiders,2019,Asher O'Hara,o'hara a,12,true,349,44.8122,espn-pbp/ep-20260920-230959
2395,Midwestern State Mustangs,2019,Zach Purcell,purcell z,1,true,43,11.5894,espn-pbp/ep-20260920-230959
135,Minnesota Golden Gophers,2019,Tanner Morgan,morgan t,13,true,327,163.9598,espn-pbp/ep-20260920-230959
2364,Minnesota State Mankato Mavericks,2019,Ryan Schlichte,schlichte r,1,true,38,14.8814,espn-pbp/ep-20260920-230959
2401,Mississippi College Choctaws,2019,Detric Hawthorn,hawthorn d,1,true,5,0.1637,espn-pbp/ep-20260920-230959
344,Mississippi State Bulldogs,2019,Tommy Stevens,stevens t,9,true,164,21.4486,espn-pbp/ep-20260920-230959
344,Mississippi State Bulldogs,2019,Garrett Shrader,shrader g,4,false,156,18.6030,espn-pbp/ep-20260920-230959
2400,Mississippi Valley State Delta Devils,2019,Dejerric Bryant,bryant d,7,true,178,-58.7240,espn-pbp/ep-20260920-230959
2402,Missouri S&T Miners,2019,Brennan Simms,simms b,1,true,35,-1.6324,espn-pbp/ep-20260920-230959
2623,Missouri State Bears,2019,Peyton Huslig,huslig p,11,true,370,-20.7139,espn-pbp/ep-20260920-230959
142,Missouri Tigers,2019,Kelly Bryant,bryant k,10,true,303,33.7739,espn-pbp/ep-20260920-230959
142,Missouri Tigers,2019,Taylor Powell,powell t,1,false,64,-18.3394,espn-pbp/ep-20260920-230959
142,Missouri Tigers,2019,Connor Bazelak,bazelak c,1,false,21,12.8112,espn-pbp/ep-20260920-230959
2405,Monmouth Hawks,2019,Kenji Bahar,bahar k,14,true,406,114.5574,espn-pbp/ep-20260920-230959
149,Montana Grizzlies,2019,Dalton Sneed,sneed d,11,true,447,103.6166,espn-pbp/ep-20260920-230959
149,Montana Grizzlies,2019,Camron Humphrey,humphrey c,3,false,107,13.7149,espn-pbp/ep-20260920-230959
147,Montana State Bobcats,2019,Tucker Rovig,rovig t,11,false,256,3.2468,espn-pbp/ep-20260920-230959
147,Montana State Bobcats,2019,Casey Bauman,bauman c,3,true,86,-3.0339,espn-pbp/ep-20260920-230959
2413,Morehead State Eagles,2019,Mark Pappas,pappas m,9,false,236,7.7336,espn-pbp/ep-20260920-230959
2413,Morehead State Eagles,2019,DeAndre Clayton,clayton d,1,false,26,1.0716,espn-pbp/ep-20260920-230959
2413,Morehead State Eagles,2019,Kendrick Furness,furness k,1,true,,,espn-pbp/ep-20260920-230959
60,Morehouse College Maroon Tigers,2019,Michael Sims,sims m,1,true,30,-1.3404,espn-pbp/ep-20260920-230959
2415,Morgan State Bears,2019,DeAndre Harris,harris d,10,false,148,17.8967,espn-pbp/ep-20260920-230959
2415,Morgan State Bears,2019,Dj Golatt Jr.,golatt d,1,true,82,-17.2528,espn-pbp/ep-20260920-230959
93,Murray State Racers,2019,Preston Rice,rice p,11,true,366,6.4884,espn-pbp/ep-20260920-230959
152,NC State Wolfpack,2019,Devin Leary,leary d,5,false,210,-21.5470,espn-pbp/ep-20260920-230959
152,NC State Wolfpack,2019,Matthew McKay,mckay m,5,true,155,4.7892,espn-pbp/ep-20260920-230959
152,NC State Wolfpack,2019,Bailey Hockman,hockman b,2,false,99,-8.2090,espn-pbp/ep-20260920-230959
2426,Navy Midshipmen,2019,Malcolm Perry,perry m,12,true,89,37.7309,espn-pbp/ep-20260920-230959
158,Nebraska Cornhuskers,2019,Adrian Martinez,martinez a,10,true,257,25.0025,espn-pbp/ep-20260920-230959
158,Nebraska Cornhuskers,2019,Noah Vedral,vedral n,2,false,51,8.0670,espn-pbp/ep-20260920-230959
2440,Nevada Wolf Pack,2019,Carson Strong,strong c,9,true,346,1.2572,espn-pbp/ep-20260920-230959
2440,Nevada Wolf Pack,2019,Malik Henry,henry m,2,false,47,-18.8094,espn-pbp/ep-20260920-230959
2440,Nevada Wolf Pack,2019,Cristian Solano,solano c,1,false,44,1.5764,espn-pbp/ep-20260920-230959
2440,Nevada Wolf Pack,2019,Cole McDonald,mcdonald c,1,false,,,espn-pbp/ep-20260920-230959
160,New Hampshire Wildcats,2019,Max Brosmer,brosmer m,10,false,286,-6.3077,espn-pbp/ep-20260920-230959
160,New Hampshire Wildcats,2019,Bret Edwards,edwards b,1,true,26,-8.1985,espn-pbp/ep-20260920-230959
167,New Mexico Lobos,2019,Tevaka Tuioti,tuioti t,7,false,202,-1.9698,espn-pbp/ep-20260920-230959
167,New Mexico Lobos,2019,Sheriron Jones,jones s,3,false,86,1.0084,espn-pbp/ep-20260920-230959
167,New Mexico Lobos,2019,Brandt Hughes,hughes b,1,true,32,0.7047,espn-pbp/ep-20260920-230959
167,New Mexico Lobos,2019,Trae Hall,hall t,1,false,31,0.4007,espn-pbp/ep-20260920-230959
166,New Mexico State Aggies,2019,Josh Adkins,adkins j,12,true,447,-27.5941,espn-pbp/ep-20260920-230959
2447,Nicholls Colonels,2019,Chase Fourcade,fourcade c,14,true,360,105.8142,espn-pbp/ep-20260920-230959
2450,Norfolk State Spartans,2019,Juwan Carter,carter j,12,true,337,96.9416,espn-pbp/ep-20260920-230959
2453,North Alabama Lions,2019,Christian Lopez,lopez c,9,true,313,33.8768,espn-pbp/ep-20260920-230959
2453,North Alabama Lions,2019,Blake Dever,dever b,2,false,56,11.5314,espn-pbp/ep-20260920-230959
2448,North Carolina A&T Aggies,2019,Kylil Carter,carter k,5,true,135,11.5695,espn-pbp/ep-20260920-230959
2428,North Carolina Central Eagles,2019,Davius Richard,richard d,8,false,281,-32.1454,espn-pbp/ep-20260920-230959
2428,North Carolina Central Eagles,2019,Micah Zanders,zanders m,2,true,37,-15.5527,espn-pbp/ep-20260920-230959
153,North Carolina Tar Heels,2019,Sam Howell,howell s,13,true,421,139.6989,espn-pbp/ep-20260920-230959
286,North Carolina Wesleyan Battling Bishops,2019,Donielle Totten,totten d,1,true,25,-0.0089,espn-pbp/ep-20260920-230959
3071,North Central College Cardinals,2019,Broc Rutter,rutter b,1,true,27,14.7149,espn-pbp/ep-20260920-230959
155,North Dakota Fighting Hawks,2019,Nate Ketteringham,ketteringham n,10,true,395,47.5489,espn-pbp/ep-20260920-230959
155,North Dakota Fighting Hawks,2019,Andrew Zimmerman,zimmerman a,2,false,46,7.0839,espn-pbp/ep-20260920-230959
2449,North Dakota State Bison,2019,Trey Lance,lance t,16,true,295,127.7706,espn-pbp/ep-20260920-230959
2822,North Greenville Crusaders,2019,London Johnson,johnson l,1,true,17,-10.7114,espn-pbp/ep-20260920-230959
249,North Texas Mean Green,2019,Mason Fine,fine m,12,true,417,76.2203,espn-pbp/ep-20260920-230959
2464,Northern Arizona Lumberjacks,2019,Case Cookus,cookus c,12,true,493,77.0746,espn-pbp/ep-20260920-230959
2458,Northern Colorado Bears,2019,Jacob Knipp,knipp j,12,true,401,6.5575,espn-pbp/ep-20260920-230959
2459,Northern Illinois Huskies,2019,Ross Bowers,bowers r,9,true,295,5.3543,espn-pbp/ep-20260920-230959
2459,Northern Illinois Huskies,2019,Marcus Childers,childers m,3,false,85,8.1905,espn-pbp/ep-20260920-230959
2460,Northern Iowa Panthers,2019,Will McElvain,mcelvain w,15,true,388,29.7735,espn-pbp/ep-20260920-230959
2466,Northwestern State Demons,2019,Shelton Eppler,eppler s,12,true,566,51.8366,espn-pbp/ep-20260920-230959
77,Northwestern Wildcats,2019,Aidan Smith,smith a,6,false,176,-30.5330,espn-pbp/ep-20260920-230959
77,Northwestern Wildcats,2019,Hunter Johnson,johnson h,3,false,113,-31.5158,espn-pbp/ep-20260920-230959
77,Northwestern Wildcats,2019,Andrew Marty,marty a,2,false,24,4.2981,espn-pbp/ep-20260920-230959
77,Northwestern Wildcats,2019,K.J. Costello,j. costello k,1,true,,,espn-pbp/ep-20260920-230959
87,Notre Dame Fighting Irish,2019,Ian Book,book i,13,true,409,65.3513,espn-pbp/ep-20260920-230959
195,Ohio Bobcats,2019,Nathan Rourke,rourke n,13,true,327,105.7635,espn-pbp/ep-20260920-230959
194,Ohio State Buckeyes,2019,Justin Fields,fields j,14,true,359,198.8271,espn-pbp/ep-20260920-230959
2824,Oklahoma Panhandle State Ok Panhandle St,2019,D.J. Scott,j. scott d,1,true,21,-13.3393,espn-pbp/ep-20260920-230959
201,Oklahoma Sooners,2019,Jalen Hurts,hurts j,14,true,309,152.6529,espn-pbp/ep-20260920-230959
197,Oklahoma State Cowboys,2019,Spencer Sanders,sanders s,10,true,260,42.2990,espn-pbp/ep-20260920-230959
197,Oklahoma State Cowboys,2019,Dru Brown,brown d,3,false,113,20.9874,espn-pbp/ep-20260920-230959
295,Old Dominion Monarchs,2019,Stone Smartt,smartt s,6,true,186,-15.8527,espn-pbp/ep-20260920-230959
295,Old Dominion Monarchs,2019,Hayden Wolff,wolff h,3,false,135,1.8340,espn-pbp/ep-20260920-230959
295,Old Dominion Monarchs,2019,Messiah deWeaver,deweaver m,3,false,68,-16.7755,espn-pbp/ep-20260920-230959
145,Ole Miss Rebels,2019,John Rhys Plumlee,plumlee j,8,false,141,-1.2819,espn-pbp/ep-20260920-230959
145,Ole Miss Rebels,2019,Matt Corral,corral m,4,true,171,34.4830,espn-pbp/ep-20260920-230959
2483,Oregon Ducks,2019,Justin Herbert,herbert j,14,true,436,129.4096,espn-pbp/ep-20260920-230959
204,Oregon State Beavers,2019,Jake Luton,luton j,11,true,366,77.3316,espn-pbp/ep-20260920-230959
204,Oregon State Beavers,2019,Tristan Gebbia,gebbia t,1,false,62,2.9413,espn-pbp/ep-20260920-230959
213,Penn State Nittany Lions,2019,Sean Clifford,clifford s,12,true,329,79.2430,espn-pbp/ep-20260920-230959
213,Penn State Nittany Lions,2019,Will Levis,levis w,1,false,43,-8.3940,espn-pbp/ep-20260920-230959
219,Pennsylvania Quakers,2019,Nick Robinson,robinson n,10,true,344,33.4343,espn-pbp/ep-20260920-230959
95,Pikeville Bears,2019,Bowen Smith,smith b,1,true,29,-4.5517,espn-pbp/ep-20260920-230959
221,Pittsburgh Panthers,2019,Kenny Pickett,pickett k,12,true,478,7.9354,espn-pbp/ep-20260920-230959
221,Pittsburgh Panthers,2019,Nick Patti,patti n,1,false,44,2.8344,espn-pbp/ep-20260920-230959
2932,Point University Skyhawks,2019,Micah Maxey,maxey m,1,true,36,-19.3524,espn-pbp/ep-20260920-230959
2932,Point University Skyhawks,2019,Keenan Wise,wise k,1,false,6,-1.1446,espn-pbp/ep-20260920-230959
2502,Portland State Vikings,2019,Davis Alexander,alexander d,11,true,350,83.7904,espn-pbp/ep-20260920-230959
2504,Prairie View A&M Panthers,2019,Jalen Morton,morton j,6,true,140,29.2688,espn-pbp/ep-20260920-230959
2504,Prairie View A&M Panthers,2019,Trazon Connley,connley t,2,false,87,3.3698,espn-pbp/ep-20260920-230959
2506,Presbyterian Blue Hose,2019,Brandon Thompson,thompson b,6,true,179,-22.5402,espn-pbp/ep-20260920-230959
2506,Presbyterian Blue Hose,2019,Tyler Huff,huff t,5,false,130,-19.2185,espn-pbp/ep-20260920-230959
163,Princeton Tigers,2019,Kevin Davidson,davidson k,10,true,319,89.4372,espn-pbp/ep-20260920-230959
2509,Purdue Boilermakers,2019,Jack Plummer,plummer j,6,false,250,13.9843,espn-pbp/ep-20260920-230959
2509,Purdue Boilermakers,2019,Aidan O'Connell,o'connell a,3,false,163,39.9495,espn-pbp/ep-20260920-230959
2509,Purdue Boilermakers,2019,Elijah Sindelar,sindelar e,3,true,116,40.1738,espn-pbp/ep-20260920-230959
227,Rhode Island Rams,2019,Vito Priore,priore v,10,true,407,48.8833,espn-pbp/ep-20260920-230959
227,Rhode Island Rams,2019,Darius Perrantes,perrantes d,1,false,47,-15.6737,espn-pbp/ep-20260920-230959
242,Rice Owls,2019,Wiley Green,green w,7,true,125,-8.6765,espn-pbp/ep-20260920-230959
242,Rice Owls,2019,Tom Stewart,stewart t,4,false,151,29.1055,espn-pbp/ep-20260920-230959
242,Rice Owls,2019,JoVoni Johnson,johnson j,1,false,21,0.5173,espn-pbp/ep-20260920-230959
257,Richmond Spiders,2019,Joe Mancuso,mancuso j,9,true,265,35.2497,espn-pbp/ep-20260920-230959
257,Richmond Spiders,2019,Beau English,english b,3,false,74,2.7768,espn-pbp/ep-20260920-230959
2523,Robert Morris Colonials,2019,George Martin,martin g,9,true,172,6.9209,espn-pbp/ep-20260920-230959
2523,Robert Morris Colonials,2019,Caleb Lewis,lewis c,2,false,39,-1.2972,espn-pbp/ep-20260920-230959
164,Rutgers Scarlet Knights,2019,Johnny Langan,langan j,8,false,164,-49.3164,espn-pbp/ep-20260920-230959
164,Rutgers Scarlet Knights,2019,Artur Sitkowski,sitkowski a,2,false,75,-13.5493,espn-pbp/ep-20260920-230959
164,Rutgers Scarlet Knights,2019,McLane Carter,carter m,2,true,49,6.2588,espn-pbp/ep-20260920-230959
2545,SE Louisiana Lions,2019,Chason Virgil,virgil c,13,true,481,62.2609,espn-pbp/ep-20260920-230959
2545,SE Louisiana Lions,2019,Cole Kelley,kelley c,0,false,94,44.0107,espn-pbp/ep-20260920-230959
2567,SMU Mustangs,2019,Shane Buechele,buechele s,13,true,496,117.9700,espn-pbp/ep-20260920-230959
16,Sacramento State Hornets,2019,Kevin Thomson,thomson k,12,true,463,48.0707,espn-pbp/ep-20260920-230959
16,Sacramento State Hornets,2019,Jake Dunniway,dunniway j,1,false,71,-1.6873,espn-pbp/ep-20260920-230959
2529,Sacred Heart Pioneers,2019,Logan Marchi,marchi l,7,true,161,40.3543,espn-pbp/ep-20260920-230959
2529,Sacred Heart Pioneers,2019,Marquez McCray,mccray m,1,false,23,12.0150,espn-pbp/ep-20260920-230959
2598,Saint Francis Red Flash,2019,Jason Brown,brown j,10,true,294,15.1014,espn-pbp/ep-20260920-230959
2534,Sam Houston Bearkats,2019,Eric Schmid,schmid e,7,true,225,26.8614,espn-pbp/ep-20260920-230959
2534,Sam Houston Bearkats,2019,Ty Brock,brock t,5,false,236,-39.2746,espn-pbp/ep-20260920-230959
2535,Samford Bulldogs,2019,Chris Oladokun,oladokun c,9,false,264,44.4992,espn-pbp/ep-20260920-230959
2535,Samford Bulldogs,2019,Liam Welch,welch l,3,true,111,-43.7190,espn-pbp/ep-20260920-230959
21,San Diego State Aztecs,2019,Ryan Agnew,agnew r,12,true,380,58.5551,espn-pbp/ep-20260920-230959
21,San Diego State Aztecs,2019,Carson Baker,baker c,1,false,24,5.3587,espn-pbp/ep-20260920-230959
301,San Diego Toreros,2019,Reid Sinnett,sinnett r,11,true,330,111.1411,espn-pbp/ep-20260920-230959
23,San José State Spartans,2019,Josh Love,love j,12,true,459,116.2337,espn-pbp/ep-20260920-230959
2542,Savannah State Tigers,2019,D'Vonn Gibbons,gibbons d,2,true,23,-1.5747,espn-pbp/ep-20260920-230959
2551,Shaw Bears,2019,Torrin Campbell,campbell t,1,true,23,-2.8563,espn-pbp/ep-20260920-230959
2560,Shorter Hawks,2019,Tyler Pullum,pullum t,1,true,22,-3.6408,espn-pbp/ep-20260920-230959
2829,Simon Fraser Red Leafs,2019,Justin Seiber,seiber j,1,true,23,-4.1574,espn-pbp/ep-20260920-230959
6,South Alabama Jaguars,2019,Cephus Johnson,johnson c,8,true,170,-25.0058,espn-pbp/ep-20260920-230959
6,South Alabama Jaguars,2019,Desmond Trotter,trotter d,4,false,102,24.9530,espn-pbp/ep-20260920-230959
2579,South Carolina Gamecocks,2019,Ryan Hilinski,hilinski r,11,false,420,-25.6289,espn-pbp/ep-20260920-230959
2579,South Carolina Gamecocks,2019,Jake Bentley,bentley j,1,true,32,-3.9609,espn-pbp/ep-20260920-230959
2569,South Carolina State Bulldogs,2019,Corey Fields,fields c,3,false,52,-13.0622,espn-pbp/ep-20260920-230959
2569,South Carolina State Bulldogs,2019,"NICK,Tyrece",nick t,2,true,68,13.2936,espn-pbp/ep-20260920-230959
233,South Dakota Coyotes,2019,Austin Simmons,simmons a,12,true,421,71.9838,espn-pbp/ep-20260920-230959
2571,South Dakota State Jackrabbits,2019,J'Bore Gibbs,gibbs j,6,true,126,24.4884,espn-pbp/ep-20260920-230959
2571,South Dakota State Jackrabbits,2019,Keaton Heide,heide k,5,false,132,23.6656,espn-pbp/ep-20260920-230959
2571,South Dakota State Jackrabbits,2019,Kanin Nelson,nelson k,2,false,39,13.1121,espn-pbp/ep-20260920-230959
58,South Florida Bulls,2019,Jordan McCloud,mccloud j,10,false,225,-40.1466,espn-pbp/ep-20260920-230959
58,South Florida Bulls,2019,Blake Barnett,barnett b,2,true,76,-23.1886,espn-pbp/ep-20260920-230959
2546,Southeast Missouri State Redhawks,2019,Daniel Santacaterina,santacaterina d,12,true,320,1.0052,espn-pbp/ep-20260920-230959
2546,Southeast Missouri State Redhawks,2019,Joe Pyle,pyle j,1,false,34,-7.4762,espn-pbp/ep-20260920-230959
79,Southern Illinois Salukis,2019,Kare Lyles,lyles k,9,false,210,2.7128,espn-pbp/ep-20260920-230959
79,Southern Illinois Salukis,2019,Stone Labanowitz,labanowitz s,3,true,58,9.5781,espn-pbp/ep-20260920-230959
2582,Southern Jaguars,2019,Ladarius Skelton,skelton l,3,true,38,-0.9718,espn-pbp/ep-20260920-230959
2582,Southern Jaguars,2019,Glendon McDaniel,mcdaniel g,0,false,50,16.8860,espn-pbp/ep-20260920-230959
2572,Southern Miss Golden Eagles,2019,Jack Abraham,abraham j,13,true,415,74.1673,espn-pbp/ep-20260920-230959
2584,Southern Oregon Raiders,2019,Wyatt Hutchinson,hutchinson w,1,true,45,1.3504,espn-pbp/ep-20260920-230959
253,Southern Utah Thunderbirds,2019,Chris Helbig,helbig c,12,true,427,27.9530,espn-pbp/ep-20260920-230959
24,Stanford Cardinal,2019,Davis Mills,mills d,6,false,250,55.4950,espn-pbp/ep-20260920-230959
24,Stanford Cardinal,2019,K.J. Costello,j. costello k,4,false,138,4.1314,espn-pbp/ep-20260920-230959
24,Stanford Cardinal,2019,Jack West,west j,1,false,32,-7.9230,espn-pbp/ep-20260920-230959
24,Stanford Cardinal,2019,Hunter Johnson,johnson h,1,true,,,espn-pbp/ep-20260920-230959
2617,Stephen F. Austin Lumberjacks,2019,Trae Self,self t,10,true,363,-3.2166,espn-pbp/ep-20260920-230959
2617,Stephen F. Austin Lumberjacks,2019,Cam Arnold,arnold c,1,false,29,8.3503,espn-pbp/ep-20260920-230959
56,Stetson Hatters,2019,Gaven DeFilippo,defilippo g,11,true,347,-13.4387,espn-pbp/ep-20260920-230959
2619,Stony Brook Seawolves,2019,Tyquell Fields,fields t,12,true,297,38.6962,espn-pbp/ep-20260920-230959
183,Syracuse Orange,2019,Tommy DeVito,devito t,11,true,345,36.4887,espn-pbp/ep-20260920-230959
183,Syracuse Orange,2019,Clayton Welch,welch c,1,false,63,-4.8172,espn-pbp/ep-20260920-230959
2628,TCU Horned Frogs,2019,Max Duggan,duggan m,10,false,345,-3.5981,espn-pbp/ep-20260920-230959
2628,TCU Horned Frogs,2019,Alex Delton,delton a,2,true,50,-13.8460,espn-pbp/ep-20260920-230959
2627,Tarleton State Texans,2019,Ben Holmes,holmes b,1,true,38,11.9803,espn-pbp/ep-20260920-230959
620,Taylor Trojans,2019,Zac Saltzgaber,saltzgaber z,1,true,16,7.0573,espn-pbp/ep-20260920-230959
218,Temple Owls,2019,Anthony Russo,russo a,13,true,407,20.8962,espn-pbp/ep-20260920-230959
2634,Tennessee State Tigers,2019,Cameron Rosendahl,rosendahl c,10,true,360,71.5854,espn-pbp/ep-20260920-230959
2634,Tennessee State Tigers,2019,Octavious Battle,battle o,1,false,6,-5.0192,espn-pbp/ep-20260920-230959
2635,Tennessee Tech Golden Eagles,2019,Bailey Fisher,fisher b,12,true,382,35.6436,espn-pbp/ep-20260920-230959
2633,Tennessee Volunteers,2019,Jarrett Guarantano,guarantano j,8,true,264,78.2116,espn-pbp/ep-20260920-230959
2633,Tennessee Volunteers,2019,Brian Maurer,maurer b,4,false,77,-5.3066,espn-pbp/ep-20260920-230959
2633,Tennessee Volunteers,2019,J.T. Shrout,t. shrout j,1,false,27,-5.0904,espn-pbp/ep-20260920-230959
245,Texas A&M Aggies,2019,Kellen Mond,mond k,13,true,398,71.2802,espn-pbp/ep-20260920-230959
251,Texas Longhorns,2019,Sam Ehlinger,ehlinger s,13,true,467,126.2739,espn-pbp/ep-20260920-230959
2640,Texas Southern Tigers,2019,De'Andre Johnson,johnson d,6,true,211,21.2412,espn-pbp/ep-20260920-230959
2640,Texas Southern Tigers,2019,Devin Williams,williams d,3,false,113,-24.0161,espn-pbp/ep-20260920-230959
326,Texas State Bobcats,2019,Tyler Vitt,vitt t,7,true,238,-20.4386,espn-pbp/ep-20260920-230959
326,Texas State Bobcats,2019,Gresch Jensen,jensen g,4,false,185,-7.8199,espn-pbp/ep-20260920-230959
2641,Texas Tech Red Raiders,2019,Jett Duffey,duffey j,8,false,378,60.3438,espn-pbp/ep-20260920-230959
2641,Texas Tech Red Raiders,2019,Alan Bowman,bowman a,3,true,155,10.0956,espn-pbp/ep-20260920-230959
2641,Texas Tech Red Raiders,2019,Jackson Tyner,tyner j,1,false,8,-8.3815,espn-pbp/ep-20260920-230959
102626,Texas Wesleyan Rams,2019,Donovan Isom,isom d,1,true,17,-17.1269,espn-pbp/ep-20260920-230959
2643,The Citadel Bulldogs,2019,Brandon Rainey,rainey b,10,true,116,16.2596,espn-pbp/ep-20260920-230959
2643,The Citadel Bulldogs,2019,Brian Murdaugh,murdaugh b,1,false,5,2.5431,espn-pbp/ep-20260920-230959
2649,Toledo Rockets,2019,Mitchell Guadagni,guadagni m,6,true,125,41.9695,espn-pbp/ep-20260920-230959
2649,Toledo Rockets,2019,Eli Peters,peters e,4,false,108,20.5012,espn-pbp/ep-20260920-230959
2649,Toledo Rockets,2019,Carter Bradley,bradley c,2,false,100,-16.4844,espn-pbp/ep-20260920-230959
119,Towson Tigers,2019,Tom Flacco,flacco t,12,true,330,125.2843,espn-pbp/ep-20260920-230959
2653,Troy Trojans,2019,Kaleb Barker,barker k,11,true,447,125.2035,espn-pbp/ep-20260920-230959
2655,Tulane Green Wave,2019,Justin McMillan,mcmillan j,13,true,316,45.4081,espn-pbp/ep-20260920-230959
202,Tulsa Golden Hurricane,2019,Zach Smith,smith z,12,true,433,89.0272,espn-pbp/ep-20260920-230959
2657,Tuskegee Golden Tigers,2019,Jamarcus Ezell,ezell j,1,true,5,0.9685,espn-pbp/ep-20260920-230959
5,UAB Blazers,2019,Tyler Johnston III,johnston t,9,true,226,25.3153,espn-pbp/ep-20260920-230959
5,UAB Blazers,2019,Dylan Hopkins,hopkins d,5,false,87,-11.0848,espn-pbp/ep-20260920-230959
399,UAlbany Great Danes,2019,Jeff Undercuffler,undercuffler j,11,true,331,75.4872,espn-pbp/ep-20260920-230959
399,UAlbany Great Danes,2019,Jeff Underfuffler,underfuffler j,1,false,31,8.7748,espn-pbp/ep-20260920-230959
302,UC Davis Aggies,2019,Jake Maier,maier j,11,true,472,49.7094,espn-pbp/ep-20260920-230959
2116,UCF Knights,2019,Dillon Gabriel,gabriel d,12,false,404,88.3347,espn-pbp/ep-20260920-230959
2116,UCF Knights,2019,Brandon Wimbush,wimbush b,1,true,24,3.6113,espn-pbp/ep-20260920-230959
26,UCLA Bruins,2019,Dorian Thompson-Robinson,thompson-robinson d,11,true,358,22.5084,espn-pbp/ep-20260920-230959
26,UCLA Bruins,2019,Austin Burton,burton a,1,false,65,13.5154,espn-pbp/ep-20260920-230959
41,UConn Huskies,2019,Jack Zergiotis,zergiotis j,9,false,233,-4.8198,espn-pbp/ep-20260920-230959
41,UConn Huskies,2019,Mike Beaudry,beaudry m,3,true,84,-10.4210,espn-pbp/ep-20260920-230959
2433,UL Monroe Warhawks,2019,Caleb Evans,evans c,12,true,399,55.6110,espn-pbp/ep-20260920-230959
2439,UNLV Rebels,2019,Kenyon Oblad,oblad k,8,false,313,-9.2141,espn-pbp/ep-20260920-230959
2439,UNLV Rebels,2019,Armani Rogers,rogers a,4,true,83,-21.1050,espn-pbp/ep-20260920-230959
30,USC Trojans,2019,Kedon Slovis,slovis k,10,false,394,154.2518,espn-pbp/ep-20260920-230959
30,USC Trojans,2019,Matt Fink,fink m,2,false,90,0.5110,espn-pbp/ep-20260920-230959
30,USC Trojans,2019,JT Daniels,daniels j,1,true,34,5.5638,espn-pbp/ep-20260920-230959
2630,UT Martin Skyhawks,2019,John Bachus III,bachus j,12,true,336,59.8627,espn-pbp/ep-20260920-230959
2638,UTEP Miners,2019,Kai Locksley,locksley k,7,false,189,35.3621,espn-pbp/ep-20260920-230959
2638,UTEP Miners,2019,Brandon Jones,jones b,5,true,94,0.3324,espn-pbp/ep-20260920-230959
2638,UTEP Miners,2019,Gavin Hardison,hardison g,0,false,64,-2.2838,espn-pbp/ep-20260920-230959
2636,UTSA Roadrunners,2019,Lowell Narcisse,narcisse l,8,false,205,-21.2824,espn-pbp/ep-20260920-230959
2636,UTSA Roadrunners,2019,Frank Harris,harris f,3,true,92,5.0900,espn-pbp/ep-20260920-230959
2636,UTSA Roadrunners,2019,Jordan Weeks,weeks j,1,false,65,1.8899,espn-pbp/ep-20260920-230959
2842,UVA Wise Cavaliers,2019,Tanner Bernard,bernard t,1,true,29,0.1384,espn-pbp/ep-20260920-230959
2841,Union College Bulldogs,2019,Mark Pappas,pappas m,1,true,,,espn-pbp/ep-20260920-230959
2128,University Of Charleston (WV) Golden Eagles,2019,Brant Grisel,grisel b,1,true,46,4.7826,espn-pbp/ep-20260920-230959
328,Utah State Aggies,2019,Jordan Love,love j,13,true,494,37.2416,espn-pbp/ep-20260920-230959
254,Utah Utes,2019,Tyler Huntley,huntley t,14,true,311,151.1204,espn-pbp/ep-20260920-230959
2678,VMI Keydets,2019,Reece Udinski,udinski r,11,true,456,36.1707,espn-pbp/ep-20260920-230959
2674,Valparaiso Beacons,2019,Chris Duncan,duncan c,9,true,310,-41.4233,espn-pbp/ep-20260920-230959
2674,Valparaiso Beacons,2019,Jimmy Seewald,seewald j,2,false,49,-35.9703,espn-pbp/ep-20260920-230959
238,Vanderbilt Commodores,2019,Riley Neal,neal r,10,true,261,-18.9171,espn-pbp/ep-20260920-230959
238,Vanderbilt Commodores,2019,Deuce Wallace,wallace d,1,false,105,-47.5211,espn-pbp/ep-20260920-230959
238,Vanderbilt Commodores,2019,Mo Hasan,hasan m,1,false,11,0.1763,espn-pbp/ep-20260920-230959
222,Villanova Wildcats,2019,Daniel Smith,smith d,12,true,338,95.4632,espn-pbp/ep-20260920-230959
258,Virginia Cavaliers,2019,Bryce Perkins,perkins b,14,true,490,108.0611,espn-pbp/ep-20260920-230959
2355,Virginia Lynchburg Dragons,2019,Sherman Brown,brown s,3,true,58,-14.2184,espn-pbp/ep-20260920-230959
2355,Virginia Lynchburg Dragons,2019,J Richardson,richardson j,1,false,52,-13.6302,espn-pbp/ep-20260920-230959
330,Virginia State Trojans,2019,Cordelral Cook,cook c,1,true,25,-2.1705,espn-pbp/ep-20260920-230959
259,Virginia Tech Hokies,2019,Hendon Hooker,hooker h,8,false,169,63.4109,espn-pbp/ep-20260920-230959
259,Virginia Tech Hokies,2019,Ryan Willis,willis r,4,true,119,28.6577,espn-pbp/ep-20260920-230959
259,Virginia Tech Hokies,2019,Quincy Patterson II,patterson q,1,false,36,1.0099,espn-pbp/ep-20260920-230959
2676,Virginia Union Panthers,2019,Khalid Morris,morris k,1,true,23,-5.2807,espn-pbp/ep-20260920-230959
2681,Wagner Seahawks,2019,Christian Alexander-Stevens,alexander-stevens c,10,true,329,-19.0167,espn-pbp/ep-20260920-230959
2681,Wagner Seahawks,2019,Ryan Yost,yost r,1,false,35,-3.1017,espn-pbp/ep-20260920-230959
154,Wake Forest Demon Deacons,2019,Jamie Newman,newman j,12,true,366,75.9599,espn-pbp/ep-20260920-230959
154,Wake Forest Demon Deacons,2019,Sam Hartman,hartman s,1,false,98,26.7965,espn-pbp/ep-20260920-230959
2682,Walsh Cavaliers,2019,Nick Gassman,gassman n,1,true,11,-7.3643,espn-pbp/ep-20260920-230959
264,Washington Huskies,2019,Jacob Eason,eason j,13,true,414,97.0190,espn-pbp/ep-20260920-230959
265,Washington State Cougars,2019,Anthony Gordon,gordon a,13,true,663,179.2853,espn-pbp/ep-20260920-230959
2692,Weber State Wildcats,2019,Jake Constantine,constantine j,12,true,348,11.5974,espn-pbp/ep-20260920-230959
2692,Weber State Wildcats,2019,Kaden Jenks,jenks k,3,false,101,2.0113,espn-pbp/ep-20260920-230959
110242,West Florida Argonauts,2019,Austin Reed,reed a,1,true,50,11.9907,espn-pbp/ep-20260920-230959
277,West Virginia Mountaineers,2019,Austin Kendall,kendall a,8,true,309,4.9814,espn-pbp/ep-20260920-230959
277,West Virginia Mountaineers,2019,Jarret Doege,doege j,3,false,127,18.2351,espn-pbp/ep-20260920-230959
277,West Virginia Mountaineers,2019,Jack Allison,allison j,1,false,26,-6.7392,espn-pbp/ep-20260920-230959
2707,West Virginia State Yellow Jackets,2019,Austin Hensley,hensley a,1,true,8,-4.0841,espn-pbp/ep-20260920-230959
455,West Virginia Wesleyan Bobcats,2019,Jarrett Northrop,northrop j,1,true,29,-8.1080,espn-pbp/ep-20260920-230959
2717,Western Carolina Catamounts,2019,Tyrie Adams,adams t,8,true,233,29.8702,espn-pbp/ep-20260920-230959
2717,Western Carolina Catamounts,2019,Will Jones,jones w,4,false,98,-22.4926,espn-pbp/ep-20260920-230959
2714,Western Colorado Mountaineers,2019,Dylan Jacob,jacob d,1,true,17,-4.2874,espn-pbp/ep-20260920-230959
2710,Western Illinois Leathernecks,2019,Connor Sampson,sampson c,11,true,378,-28.0491,espn-pbp/ep-20260920-230959
2710,Western Illinois Leathernecks,2019,Kevin Johnson,johnson k,1,false,29,12.1731,espn-pbp/ep-20260920-230959
98,Western Kentucky Hilltoppers,2019,Ty Storey,storey t,10,false,312,77.5492,espn-pbp/ep-20260920-230959
98,Western Kentucky Hilltoppers,2019,Steven Duncan,duncan s,3,true,121,1.8019,espn-pbp/ep-20260920-230959
2711,Western Michigan Broncos,2019,Jon Wassink,wassink j,13,true,428,75.3742,espn-pbp/ep-20260920-230959
2702,Western New England Golden Bears,2019,Alec Coleman,coleman a,1,true,8,-4.0370,espn-pbp/ep-20260920-230959
2703,Western New Mexico Mustangs,2019,C. Fowler,fowler c,1,true,30,5.2147,espn-pbp/ep-20260920-230959
2729,William & Mary Tribe,2019,Hollis Mathis,mathis h,9,false,156,-14.7623,espn-pbp/ep-20260920-230959
2729,William & Mary Tribe,2019,Kilton Anderson,anderson k,3,true,102,15.6912,espn-pbp/ep-20260920-230959
275,Wisconsin Badgers,2019,Jack Coan,coan j,14,true,342,106.2546,espn-pbp/ep-20260920-230959
2745,Wisconsin-Whitewater Warhawks,2019,Max Meylor,meylor m,1,true,41,-9.1990,espn-pbp/ep-20260920-230959
2747,Wofford Terriers,2019,Joe Newman,newman j,10,true,85,6.4552,espn-pbp/ep-20260920-230959
2751,Wyoming Cowboys,2019,Sean Chambers,chambers s,8,true,127,10.3640,espn-pbp/ep-20260920-230959
2751,Wyoming Cowboys,2019,Tyler Vander Waal,vander waal t,4,false,98,-25.2806,espn-pbp/ep-20260920-230959
2751,Wyoming Cowboys,2019,Levi Williams,williams l,1,false,40,9.9064,espn-pbp/ep-20260920-230959
43,Yale Bulldogs,2019,Kurt Rawlings,rawlings k,10,true,279,105.8031,espn-pbp/ep-20260920-230959
2754,Youngstown State Penguins,2019,Nathan Mays,mays n,7,true,154,55.0518,espn-pbp/ep-20260920-230959
2754,Youngstown State Penguins,2019,Joe Craycraft,craycraft j,5,false,136,3.0506,espn-pbp/ep-20260920-230959
2000,Abilene Christian Wildcats,2020,Peyton Mansell,mansell p,5,true,165,17.2602,espn-pbp/ep-20260920-230959
2000,Abilene Christian Wildcats,2020,Stone Earle,earle s,1,false,35,-2.8428,espn-pbp/ep-20260920-230959
2005,Air Force Falcons,2020,Haaziq Daniels,daniels h,5,true,56,11.9842,espn-pbp/ep-20260920-230959
2005,Air Force Falcons,2020,Warren Bryan,bryan w,1,false,6,-2.4545,espn-pbp/ep-20260920-230959
2006,Akron Zips,2020,Zach Gibson,gibson z,6,true,140,3.7972,espn-pbp/ep-20260920-230959
333,Alabama Crimson Tide,2020,Mac Jones,jones m,13,true,407,224.9690,espn-pbp/ep-20260920-230959
2025,Angelo State Rams,2020,Zach Bronkhorst,bronkhorst z,2,true,54,-0.2406,espn-pbp/ep-20260920-230959
2026,App State Mountaineers,2020,Zac Thomas,thomas z,12,true,304,90.3885,espn-pbp/ep-20260920-230959
9,Arizona State Sun Devils,2020,Jayden Daniels,daniels j,4,true,87,12.0868,espn-pbp/ep-20260920-230959
12,Arizona Wildcats,2020,Grant Gunnell,gunnell g,3,true,94,10.0121,espn-pbp/ep-20260920-230959
12,Arizona Wildcats,2020,Will Plummer,plummer w,2,false,82,-22.6163,espn-pbp/ep-20260920-230959
8,Arkansas Razorbacks,2020,Feleipe Franks,franks f,9,true,245,80.0331,espn-pbp/ep-20260920-230959
8,Arkansas Razorbacks,2020,KJ Jefferson,jefferson k,1,false,44,8.6686,espn-pbp/ep-20260920-230959
2032,Arkansas State Red Wolves,2020,Logan Bonner,bonner l,10,true,264,53.7372,espn-pbp/ep-20260920-230959
2032,Arkansas State Red Wolves,2020,Layne Hatcher,hatcher l,1,false,196,64.3834,espn-pbp/ep-20260920-230959
349,Army Black Knights,2020,Christian Anderson,anderson c,5,true,49,-9.3913,espn-pbp/ep-20260920-230959
349,Army Black Knights,2020,Tyhier Tyler,tyler t,3,false,4,1.3621,espn-pbp/ep-20260920-230959
349,Army Black Knights,2020,Jemel Jones,jones j,2,false,20,4.5153,espn-pbp/ep-20260920-230959
349,Army Black Knights,2020,Cade Ballard,ballard c,2,false,4,2.6993,espn-pbp/ep-20260920-230959
2,Auburn Tigers,2020,Bo Nix,nix b,11,true,371,34.6609,espn-pbp/ep-20260920-230959
2046,Austin Peay Governors,2020,Jeremiah Oatsvall,oatsvall j,3,true,86,-9.7915,espn-pbp/ep-20260920-230959
252,BYU Cougars,2020,Zach Wilson,wilson z,12,true,346,170.6884,espn-pbp/ep-20260920-230959
2050,Ball State Cardinals,2020,Drew Plitt,plitt d,7,true,195,73.1510,espn-pbp/ep-20260920-230959
239,Baylor Bears,2020,Charlie Brewer,brewer c,9,true,325,4.6043,espn-pbp/ep-20260920-230959
68,Boise State Broncos,2020,Hank Bachmeier,bachmeier h,5,true,158,30.6497,espn-pbp/ep-20260920-230959
68,Boise State Broncos,2020,Jack Sears,sears j,2,false,28,17.5533,espn-pbp/ep-20260920-230959
103,Boston College Eagles,2020,Phil Jurkovec,jurkovec p,9,true,328,82.9131,espn-pbp/ep-20260920-230959
103,Boston College Eagles,2020,Dennis Grosel,grosel d,1,false,55,23.4276,espn-pbp/ep-20260920-230959
189,Bowling Green Falcons,2020,Matt McDonald,mcdonald m,5,true,130,-37.5270,espn-pbp/ep-20260920-230959
2084,Buffalo Bulls,2020,Kyle Vantrease,vantrease k,7,true,158,31.1708,espn-pbp/ep-20260920-230959
25,California Golden Bears,2020,Chase Garbers,garbers c,4,true,143,16.8993,espn-pbp/ep-20260920-230959
2097,Campbell Fighting Camels,2020,Hajj-Malik Williams,williams h,4,true,105,12.9756,espn-pbp/ep-20260920-230959
2110,Central Arkansas Bears,2020,Breylin Smith,smith b,7,true,320,-5.2086,espn-pbp/ep-20260920-230959
2110,Central Arkansas Bears,2020,Luke Hales,hales l,1,false,39,16.7732,espn-pbp/ep-20260920-230959
2110,Central Arkansas Bears,2020,Jaden Johnson,johnson j,1,false,,,espn-pbp/ep-20260920-230959
2117,Central Michigan Chippewas,2020,Daniel Richardson,richardson d,4,true,102,14.0687,espn-pbp/ep-20260920-230959
2117,Central Michigan Chippewas,2020,Ty Brock,brock t,2,false,65,-2.6575,espn-pbp/ep-20260920-230959
2429,Charlotte 49ers,2020,Chris Reynolds,reynolds c,6,true,184,30.8861,espn-pbp/ep-20260920-230959
236,Chattanooga Mocs,2020,Drayton Arnold,arnold d,1,true,24,-10.4145,espn-pbp/ep-20260920-230959
2132,Cincinnati Bearcats,2020,Desmond Ridder,ridder d,10,true,278,73.3525,espn-pbp/ep-20260920-230959
228,Clemson Tigers,2020,Trevor Lawrence,lawrence t,10,true,336,108.1436,espn-pbp/ep-20260920-230959
228,Clemson Tigers,2020,D.J. Uiagalelei,j. uiagalelei d,2,false,112,28.1338,espn-pbp/ep-20260920-230959
324,Coastal Carolina Chanticleers,2020,Grayson McCall,mccall g,11,true,259,141.8642,espn-pbp/ep-20260920-230959
324,Coastal Carolina Chanticleers,2020,Fred Payton,payton f,1,false,39,2.6769,espn-pbp/ep-20260920-230959
38,Colorado Buffaloes,2020,Sam Noyer,noyer s,6,true,164,-0.0826,espn-pbp/ep-20260920-230959
36,Colorado State Rams,2020,Patrick O'Brien,o'brien p,3,false,90,20.3706,espn-pbp/ep-20260920-230959
36,Colorado State Rams,2020,Todd Centeio,centeio t,1,true,42,-13.5221,espn-pbp/ep-20260920-230959
150,Duke Blue Devils,2020,Chase Brice,brice c,10,true,276,-3.5879,espn-pbp/ep-20260920-230959
151,East Carolina Pirates,2020,Holton Ahlers,ahlers h,7,true,259,26.8314,espn-pbp/ep-20260920-230959
151,East Carolina Pirates,2020,Mason Garcia,garcia m,1,false,25,-2.2234,espn-pbp/ep-20260920-230959
2198,Eastern Kentucky Colonels,2020,Parker McKinney,mckinney p,6,true,167,62.2130,espn-pbp/ep-20260920-230959
2198,Eastern Kentucky Colonels,2020,Dakota Allen,allen d,2,false,63,-10.2543,espn-pbp/ep-20260920-230959
2198,Eastern Kentucky Colonels,2020,Isaiah Velez,velez i,1,false,53,16.0718,espn-pbp/ep-20260920-230959
2199,Eastern Michigan Eagles,2020,Preston Hutchinson,hutchinson p,6,true,174,57.6831,espn-pbp/ep-20260920-230959
2226,Florida Atlantic Owls,2020,Nick Tronti,tronti n,5,true,154,4.7115,espn-pbp/ep-20260920-230959
2226,Florida Atlantic Owls,2020,Javion Posey,posey j,3,false,47,-5.7405,espn-pbp/ep-20260920-230959
57,Florida Gators,2020,Kyle Trask,trask k,12,true,463,215.5620,espn-pbp/ep-20260920-230959
2229,Florida International Panthers,2020,Stone Norton,norton s,3,false,42,-7.3125,espn-pbp/ep-20260920-230959
2229,Florida International Panthers,2020,Max Bortenschlager,bortenschlager m,2,true,27,-8.6711,espn-pbp/ep-20260920-230959
52,Florida State Seminoles,2020,Jordan Travis,travis j,5,false,134,11.4947,espn-pbp/ep-20260920-230959
52,Florida State Seminoles,2020,James Blackman,blackman j,2,true,77,-11.4591,espn-pbp/ep-20260920-230959
52,Florida State Seminoles,2020,Chubba Purdy,purdy c,1,false,53,-12.8102,espn-pbp/ep-20260920-230959
52,Florida State Seminoles,2020,Tate Rodemaker,rodemaker t,1,false,27,-10.7303,espn-pbp/ep-20260920-230959
278,Fresno State Bulldogs,2020,Jake Haener,haener j,6,true,237,82.3351,espn-pbp/ep-20260920-230959
61,Georgia Bulldogs,2020,Stetson Bennett,bennett s,5,false,161,27.2410,espn-pbp/ep-20260920-230959
61,Georgia Bulldogs,2020,JT Daniels,daniels j,4,false,123,58.1916,espn-pbp/ep-20260920-230959
61,Georgia Bulldogs,2020,D'Wan Mathis,mathis d,1,true,31,-16.5698,espn-pbp/ep-20260920-230959
290,Georgia Southern Eagles,2020,Shai Werts,werts s,11,true,134,3.8196,espn-pbp/ep-20260920-230959
290,Georgia Southern Eagles,2020,Justin Tomlin,tomlin j,2,false,26,-6.3749,espn-pbp/ep-20260920-230959
2247,Georgia State Panthers,2020,Cornelious Brown IV,brown c,10,true,304,41.5583,espn-pbp/ep-20260920-230959
59,Georgia Tech Yellow Jackets,2020,Jeff Sims,sims j,10,true,267,2.0216,espn-pbp/ep-20260920-230959
62,Hawai'i Rainbow Warriors,2020,Chevan Cordeiro,cordeiro c,9,true,316,9.8038,espn-pbp/ep-20260920-230959
2277,Houston Christian Huskies,2020,Bailey Zappe,zappe b,4,true,227,63.4607,espn-pbp/ep-20260920-230959
248,Houston Cougars,2020,Clayton Tune,tune c,8,true,295,36.2223,espn-pbp/ep-20260920-230959
356,Illinois Fighting Illini,2020,Brandon Peters,peters b,4,true,79,-16.9847,espn-pbp/ep-20260920-230959
356,Illinois Fighting Illini,2020,Isaiah Williams,williams i,2,false,62,-8.7029,espn-pbp/ep-20260920-230959
356,Illinois Fighting Illini,2020,Coran Taylor,taylor c,1,false,46,-4.5807,espn-pbp/ep-20260920-230959
356,Illinois Fighting Illini,2020,Matt Robinson,robinson m,1,false,4,3.2419,espn-pbp/ep-20260920-230959
84,Indiana Hoosiers,2020,Michael Penix Jr.,penix m,6,true,227,23.7652,espn-pbp/ep-20260920-230959
84,Indiana Hoosiers,2020,Jack Tuttle,tuttle j,2,false,81,9.6136,espn-pbp/ep-20260920-230959
2294,Iowa Hawkeyes,2020,Spencer Petras,petras s,8,true,248,14.7725,espn-pbp/ep-20260920-230959
66,Iowa State Cyclones,2020,Brock Purdy,purdy b,12,true,376,82.3044,espn-pbp/ep-20260920-230959
55,Jacksonville State Gamecocks,2020,Zerrick Cooper,cooper z,3,true,61,19.7653,espn-pbp/ep-20260920-230959
2305,Kansas Jayhawks,2020,Jalon Daniels,daniels j,6,false,160,-26.4902,espn-pbp/ep-20260920-230959
2305,Kansas Jayhawks,2020,Miles Kendrick,kendrick m,2,false,122,-6.2478,espn-pbp/ep-20260920-230959
2305,Kansas Jayhawks,2020,Thomas MacVittie,macvittie t,1,true,12,-7.0449,espn-pbp/ep-20260920-230959
2306,Kansas State Wildcats,2020,Will Howard,howard w,7,false,137,9.2494,espn-pbp/ep-20260920-230959
2306,Kansas State Wildcats,2020,Skylar Thompson,thompson s,3,true,69,14.6743,espn-pbp/ep-20260920-230959
2309,Kent State Golden Flashes,2020,Dustin Crum,crum d,4,true,120,67.5765,espn-pbp/ep-20260920-230959
96,Kentucky Wildcats,2020,Terry Wilson,wilson t,10,true,197,-4.2419,espn-pbp/ep-20260920-230959
96,Kentucky Wildcats,2020,Joey Gatewood,gatewood j,1,false,36,-19.0355,espn-pbp/ep-20260920-230959
99,LSU Tigers,2020,TJ Finley,finley t,5,false,142,17.5662,espn-pbp/ep-20260920-230959
99,LSU Tigers,2020,Myles Brennan,brennan m,3,true,128,27.3693,espn-pbp/ep-20260920-230959
99,LSU Tigers,2020,Max Johnson,johnson m,2,false,144,0.2604,espn-pbp/ep-20260920-230959
2335,Liberty Flames,2020,Malik Willis,willis m,10,true,270,102.1544,espn-pbp/ep-20260920-230959
2335,Liberty Flames,2020,Chris Ferguson,ferguson c,1,false,37,0.8125,espn-pbp/ep-20260920-230959
309,Louisiana Ragin' Cajuns,2020,Levi Lewis,lewis l,11,true,307,61.9631,espn-pbp/ep-20260920-230959
2348,Louisiana Tech Bulldogs,2020,Luke Anthony,anthony l,8,false,235,30.3493,espn-pbp/ep-20260920-230959
2348,Louisiana Tech Bulldogs,2020,Aaron Allen,allen a,2,true,123,-11.8050,espn-pbp/ep-20260920-230959
97,Louisville Cardinals,2020,Malik Cunningham,cunningham m,11,true,316,75.7021,espn-pbp/ep-20260920-230959
276,Marshall Thundering Herd,2020,Grant Wells,wells g,10,true,284,41.8110,espn-pbp/ep-20260920-230959
120,Maryland Terrapins,2020,Taulia Tagovailoa,tagovailoa t,4,true,123,20.8048,espn-pbp/ep-20260920-230959
120,Maryland Terrapins,2020,Lance LeGendre,legendre l,1,false,14,-2.1233,espn-pbp/ep-20260920-230959
113,Massachusetts Minutemen,2020,Will Koch,koch w,2,false,41,-10.5722,espn-pbp/ep-20260920-230959
113,Massachusetts Minutemen,2020,Garrett Dzuro,dzuro g,1,false,37,-7.2865,espn-pbp/ep-20260920-230959
113,Massachusetts Minutemen,2020,Mike Fallon,fallon m,1,true,12,-6.8350,espn-pbp/ep-20260920-230959
235,Memphis Tigers,2020,Brady White,white b,11,true,438,93.3408,espn-pbp/ep-20260920-230959
2382,Mercer Bears,2020,Harrison Frost,frost h,3,true,63,-9.8519,espn-pbp/ep-20260920-230959
193,Miami (OH) RedHawks,2020,Brett Gabbert,gabbert b,1,false,27,18.3014,espn-pbp/ep-20260920-230959
193,Miami (OH) RedHawks,2020,AJ Mayer,mayer a,1,true,27,-11.2776,espn-pbp/ep-20260920-230959
2390,Miami Hurricanes,2020,D'Eriq King,king d,11,true,351,108.1530,espn-pbp/ep-20260920-230959
127,Michigan State Spartans,2020,Rocky Lombardi,lombardi r,6,true,164,-3.2534,espn-pbp/ep-20260920-230959
127,Michigan State Spartans,2020,Payton Thorne,thorne p,1,false,86,9.6770,espn-pbp/ep-20260920-230959
130,Michigan Wolverines,2020,Joe Milton,milton j,5,true,144,18.5605,espn-pbp/ep-20260920-230959
130,Michigan Wolverines,2020,Cade McNamara,mcnamara c,1,false,67,1.0803,espn-pbp/ep-20260920-230959
2393,Middle Tennessee Blue Raiders,2020,Asher O'Hara,o'hara a,9,true,305,25.8947,espn-pbp/ep-20260920-230959
135,Minnesota Golden Gophers,2020,Tanner Morgan,morgan t,7,true,180,33.1088,espn-pbp/ep-20260920-230959
344,Mississippi State Bulldogs,2020,Will Rogers,rogers w,6,false,355,5.7892,espn-pbp/ep-20260920-230959
344,Mississippi State Bulldogs,2020,K.J. Costello,j. costello k,5,true,209,-20.2563,espn-pbp/ep-20260920-230959
2623,Missouri State Bears,2020,Jaden Johnson,johnson j,2,true,79,-27.6735,espn-pbp/ep-20260920-230959
2623,Missouri State Bears,2020,Breylin Smith,smith b,1,false,,,espn-pbp/ep-20260920-230959
142,Missouri Tigers,2020,Connor Bazelak,bazelak c,8,false,320,65.5520,espn-pbp/ep-20260920-230959
142,Missouri Tigers,2020,Shawn Robinson,robinson s,2,true,31,7.5577,espn-pbp/ep-20260920-230959
137,Missouri Western Griffons,2020,Anthony Vespo,vespo a,1,true,26,-4.5952,espn-pbp/ep-20260920-230959
152,NC State Wolfpack,2020,Bailey Hockman,hockman b,9,true,267,56.5500,espn-pbp/ep-20260920-230959
152,NC State Wolfpack,2020,Devin Leary,leary d,3,false,114,30.4698,espn-pbp/ep-20260920-230959
2426,Navy Midshipmen,2020,Dalen Morris,morris d,6,true,70,14.3736,espn-pbp/ep-20260920-230959
2426,Navy Midshipmen,2020,Tyger Goslin,goslin t,2,false,37,-3.0117,espn-pbp/ep-20260920-230959
2426,Navy Midshipmen,2020,Xavier Arline,arline x,2,false,13,-8.1076,espn-pbp/ep-20260920-230959
158,Nebraska Cornhuskers,2020,Adrian Martinez,martinez a,6,true,154,25.2307,espn-pbp/ep-20260920-230959
158,Nebraska Cornhuskers,2020,Luke McCaffrey,mccaffrey l,2,false,77,4.8852,espn-pbp/ep-20260920-230959
2440,Nevada Wolf Pack,2020,Carson Strong,strong c,9,true,371,88.2223,espn-pbp/ep-20260920-230959
167,New Mexico Lobos,2020,Trae Hall,hall t,3,false,104,-15.5655,espn-pbp/ep-20260920-230959
167,New Mexico Lobos,2020,Tevaka Tuioti,tuioti t,2,true,66,6.1322,espn-pbp/ep-20260920-230959
167,New Mexico Lobos,2020,Isaiah Chavez,chavez i,1,false,30,5.4944,espn-pbp/ep-20260920-230959
167,New Mexico Lobos,2020,Connor Genal,genal c,1,false,19,-1.3531,espn-pbp/ep-20260920-230959
2453,North Alabama Lions,2020,Blake Dever,dever b,3,true,51,3.4207,espn-pbp/ep-20260920-230959
153,North Carolina Tar Heels,2020,Sam Howell,howell s,12,true,361,168.8413,espn-pbp/ep-20260920-230959
2449,North Dakota State Bison,2020,Trey Lance,lance t,1,true,30,-5.2563,espn-pbp/ep-20260920-230959
249,North Texas Mean Green,2020,Austin Aune,aune a,5,false,183,28.6052,espn-pbp/ep-20260920-230959
249,North Texas Mean Green,2020,Jason Bean,bean j,5,true,145,18.4656,espn-pbp/ep-20260920-230959
2459,Northern Illinois Huskies,2020,Ross Bowers,bowers r,6,true,223,19.9308,espn-pbp/ep-20260920-230959
77,Northwestern Wildcats,2020,Peyton Ramsey,ramsey p,9,true,291,48.3453,espn-pbp/ep-20260920-230959
87,Notre Dame Fighting Irish,2020,Ian Book,book i,12,true,355,102.5244,espn-pbp/ep-20260920-230959
195,Ohio Bobcats,2020,Kurtis Rourke,rourke k,3,true,46,17.8878,espn-pbp/ep-20260920-230959
194,Ohio State Buckeyes,2020,Justin Fields,fields j,8,true,230,110.2863,espn-pbp/ep-20260920-230959
201,Oklahoma Sooners,2020,Spencer Rattler,rattler s,11,true,316,126.0170,espn-pbp/ep-20260920-230959
197,Oklahoma State Cowboys,2020,Spencer Sanders,sanders s,8,false,247,50.0315,espn-pbp/ep-20260920-230959
197,Oklahoma State Cowboys,2020,Shane Illingworth,illingworth s,2,false,74,14.9632,espn-pbp/ep-20260920-230959
197,Oklahoma State Cowboys,2020,Ethan Bullock,bullock e,1,true,21,-7.6535,espn-pbp/ep-20260920-230959
145,Ole Miss Rebels,2020,Matt Corral,corral m,9,true,296,103.5571,espn-pbp/ep-20260920-230959
2483,Oregon Ducks,2020,Tyler Shough,shough t,7,true,167,56.2269,espn-pbp/ep-20260920-230959
204,Oregon State Beavers,2020,Tristan Gebbia,gebbia t,4,true,131,6.7989,espn-pbp/ep-20260920-230959
204,Oregon State Beavers,2020,Chance Nolan,nolan c,3,false,92,-3.0139,espn-pbp/ep-20260920-230959
213,Penn State Nittany Lions,2020,Sean Clifford,clifford s,8,true,254,51.8969,espn-pbp/ep-20260920-230959
213,Penn State Nittany Lions,2020,Will Levis,levis w,1,false,55,4.2151,espn-pbp/ep-20260920-230959
90,Pittsburg State Gorillas,2020,Mak Sexton,sexton m,1,true,36,-10.6403,espn-pbp/ep-20260920-230959
221,Pittsburgh Panthers,2020,Kenny Pickett,pickett k,9,true,345,65.1032,espn-pbp/ep-20260920-230959
221,Pittsburgh Panthers,2020,Joey Yellen,yellen j,2,false,83,-15.8472,espn-pbp/ep-20260920-230959
2509,Purdue Boilermakers,2020,Aidan O'Connell,o'connell a,3,true,143,30.5803,espn-pbp/ep-20260920-230959
2509,Purdue Boilermakers,2020,Jack Plummer,plummer j,3,false,127,18.7687,espn-pbp/ep-20260920-230959
242,Rice Owls,2020,Mike Collins,collins m,3,true,83,32.5263,espn-pbp/ep-20260920-230959
242,Rice Owls,2020,JoVoni Johnson,johnson j,2,false,38,4.2787,espn-pbp/ep-20260920-230959
164,Rutgers Scarlet Knights,2020,Noah Vedral,vedral n,7,true,220,-17.1899,espn-pbp/ep-20260920-230959
164,Rutgers Scarlet Knights,2020,Artur Sitkowski,sitkowski a,2,false,78,12.2384,espn-pbp/ep-20260920-230959
2567,SMU Mustangs,2020,Shane Buechele,buechele s,10,true,380,97.0676,espn-pbp/ep-20260920-230959
21,San Diego State Aztecs,2020,Carson Baker,baker c,5,true,109,-2.9436,espn-pbp/ep-20260920-230959
21,San Diego State Aztecs,2020,Jordon Brookshire,brookshire j,2,false,84,11.1984,espn-pbp/ep-20260920-230959
21,San Diego State Aztecs,2020,Lucas Johnson,johnson l,1,false,25,3.4588,espn-pbp/ep-20260920-230959
23,San José State Spartans,2020,Nick Starkel,starkel n,8,true,274,79.3262,espn-pbp/ep-20260920-230959
6,South Alabama Jaguars,2020,Desmond Trotter,trotter d,10,true,260,49.7406,espn-pbp/ep-20260920-230959
6,South Alabama Jaguars,2020,Chance Lovertich,lovertich c,1,false,87,0.1634,espn-pbp/ep-20260920-230959
2579,South Carolina Gamecocks,2020,Collin Hill,hill c,8,true,223,32.2464,espn-pbp/ep-20260920-230959
2579,South Carolina Gamecocks,2020,Luke Doty,doty l,2,false,73,1.5259,espn-pbp/ep-20260920-230959
58,South Florida Bulls,2020,Jordan McCloud,mccloud j,6,true,147,8.6422,espn-pbp/ep-20260920-230959
58,South Florida Bulls,2020,Noah Johnson,johnson n,1,false,69,3.9615,espn-pbp/ep-20260920-230959
58,South Florida Bulls,2020,Katravis Marsh,marsh k,1,false,27,-12.1229,espn-pbp/ep-20260920-230959
2546,Southeast Missouri State Redhawks,2020,Andrew Bunch,bunch a,1,true,,,espn-pbp/ep-20260920-230959
79,Southern Illinois Salukis,2020,Kare Lyles,lyles k,1,true,,,espn-pbp/ep-20260920-230959
2572,Southern Miss Golden Eagles,2020,Jack Abraham,abraham j,5,true,157,20.1358,espn-pbp/ep-20260920-230959
2572,Southern Miss Golden Eagles,2020,Trey Lowe,lowe t,3,false,62,19.3338,espn-pbp/ep-20260920-230959
2572,Southern Miss Golden Eagles,2020,Tate Whatley,whatley t,2,false,68,6.4405,espn-pbp/ep-20260920-230959
24,Stanford Cardinal,2020,Davis Mills,mills d,5,false,152,35.5066,espn-pbp/ep-20260920-230959
24,Stanford Cardinal,2020,Jack West,west j,1,true,19,4.8623,espn-pbp/ep-20260920-230959
2617,Stephen F. Austin Lumberjacks,2020,Trae Self,self t,10,true,265,11.1380,espn-pbp/ep-20260920-230959
183,Syracuse Orange,2020,Rex Culpepper,culpepper r,5,false,189,-42.8477,espn-pbp/ep-20260920-230959
183,Syracuse Orange,2020,Tommy DeVito,devito t,4,true,97,-20.1476,espn-pbp/ep-20260920-230959
183,Syracuse Orange,2020,JaCobian Morgan,morgan j,2,false,49,-4.1541,espn-pbp/ep-20260920-230959
2628,TCU Horned Frogs,2020,Max Duggan,duggan m,9,false,248,9.2018,espn-pbp/ep-20260920-230959
2628,TCU Horned Frogs,2020,Matthew Downing,downing m,1,true,28,-5.4986,espn-pbp/ep-20260920-230959
218,Temple Owls,2020,Anthony Russo,russo a,3,true,140,38.2967,espn-pbp/ep-20260920-230959
218,Temple Owls,2020,Trad Beatty,beatty t,2,false,31,-2.6112,espn-pbp/ep-20260920-230959
218,Temple Owls,2020,Re-al Mitchell,mitchell r,1,false,52,-5.5460,espn-pbp/ep-20260920-230959
218,Temple Owls,2020,Kamal Gray,gray k,1,false,21,-9.3660,espn-pbp/ep-20260920-230959
2633,Tennessee Volunteers,2020,Jarrett Guarantano,guarantano j,7,true,172,20.7448,espn-pbp/ep-20260920-230959
2633,Tennessee Volunteers,2020,Harrison Bailey,bailey h,3,false,72,16.4180,espn-pbp/ep-20260920-230959
245,Texas A&M Aggies,2020,Kellen Mond,mond k,10,true,327,85.1158,espn-pbp/ep-20260920-230959
251,Texas Longhorns,2020,Sam Ehlinger,ehlinger s,10,true,323,56.5762,espn-pbp/ep-20260920-230959
326,Texas State Bobcats,2020,Brady McBride,mcbride b,8,true,298,30.0389,espn-pbp/ep-20260920-230959
326,Texas State Bobcats,2020,Tyler Vitt,vitt t,4,false,124,-2.6025,espn-pbp/ep-20260920-230959
2641,Texas Tech Red Raiders,2020,Alan Bowman,bowman a,6,true,225,5.5943,espn-pbp/ep-20260920-230959
2641,Texas Tech Red Raiders,2020,Henry Colombi,colombi h,4,false,168,-19.2025,espn-pbp/ep-20260920-230959
2643,The Citadel Bulldogs,2020,Brandon Rainey,rainey b,4,true,25,-14.9360,espn-pbp/ep-20260920-230959
2649,Toledo Rockets,2020,Eli Peters,peters e,4,true,134,59.2250,espn-pbp/ep-20260920-230959
2649,Toledo Rockets,2020,Carter Bradley,bradley c,2,false,90,40.2770,espn-pbp/ep-20260920-230959
2653,Troy Trojans,2020,Gunnar Watson,watson g,9,true,311,56.9827,espn-pbp/ep-20260920-230959
2653,Troy Trojans,2020,Jacob Free,free j,2,false,158,22.9112,espn-pbp/ep-20260920-230959
2655,Tulane Green Wave,2020,Michael Pratt,pratt m,9,false,259,44.3917,espn-pbp/ep-20260920-230959
2655,Tulane Green Wave,2020,Keon Howard,howard k,3,true,59,-22.4771,espn-pbp/ep-20260920-230959
202,Tulsa Golden Hurricane,2020,Zach Smith,smith z,9,true,270,35.4803,espn-pbp/ep-20260920-230959
5,UAB Blazers,2020,Bryson Lucero,lucero b,5,false,148,9.7067,espn-pbp/ep-20260920-230959
5,UAB Blazers,2020,Tyler Johnston III,johnston t,4,true,99,7.7627,espn-pbp/ep-20260920-230959
2116,UCF Knights,2020,Dillon Gabriel,gabriel d,10,true,419,132.2164,espn-pbp/ep-20260920-230959
26,UCLA Bruins,2020,Dorian Thompson-Robinson,thompson-robinson d,5,true,126,36.7585,espn-pbp/ep-20260920-230959
26,UCLA Bruins,2020,Chase Griffin,griffin c,2,false,53,0.3910,espn-pbp/ep-20260920-230959
2433,UL Monroe Warhawks,2020,Colby Suits,suits c,8,true,257,11.9038,espn-pbp/ep-20260920-230959
2433,UL Monroe Warhawks,2020,Jeremy Hunt,hunt j,2,false,132,-17.7368,espn-pbp/ep-20260920-230959
2439,UNLV Rebels,2020,Max Gilliam,gilliam m,5,true,159,4.2701,espn-pbp/ep-20260920-230959
2439,UNLV Rebels,2020,Doug Brumfield,brumfield d,1,false,21,-2.7228,espn-pbp/ep-20260920-230959
30,USC Trojans,2020,Kedon Slovis,slovis k,6,true,263,56.5523,espn-pbp/ep-20260920-230959
2638,UTEP Miners,2020,Gavin Hardison,hardison g,7,true,213,30.1674,espn-pbp/ep-20260920-230959
2638,UTEP Miners,2020,Calvin Brownholtz,brownholtz c,1,false,38,-3.9986,espn-pbp/ep-20260920-230959
2636,UTSA Roadrunners,2020,Frank Harris,harris f,9,true,226,22.9702,espn-pbp/ep-20260920-230959
2636,UTSA Roadrunners,2020,Lowell Narcisse,narcisse l,1,false,61,20.0867,espn-pbp/ep-20260920-230959
2636,UTSA Roadrunners,2020,Jordan Weeks,weeks j,1,false,23,-5.9848,espn-pbp/ep-20260920-230959
328,Utah State Aggies,2020,Jason Shelley,shelley j,4,true,104,-28.1557,espn-pbp/ep-20260920-230959
328,Utah State Aggies,2020,Andrew Peasley,peasley a,2,false,70,-5.9898,espn-pbp/ep-20260920-230959
254,Utah Utes,2020,Jake Bentley,bentley j,4,false,126,5.0594,espn-pbp/ep-20260920-230959
254,Utah Utes,2020,Cameron Rising,rising c,1,true,6,-1.3486,espn-pbp/ep-20260920-230959
238,Vanderbilt Commodores,2020,Ken Seals,seals k,8,true,252,4.0371,espn-pbp/ep-20260920-230959
258,Virginia Cavaliers,2020,Brennan Armstrong,armstrong b,9,true,273,31.8660,espn-pbp/ep-20260920-230959
258,Virginia Cavaliers,2020,Lindell Stone,stone l,1,false,106,-1.0317,espn-pbp/ep-20260920-230959
259,Virginia Tech Hokies,2020,Hendon Hooker,hooker h,6,false,157,62.0952,espn-pbp/ep-20260920-230959
259,Virginia Tech Hokies,2020,Braxton Burmeister,burmeister b,5,true,61,7.7242,espn-pbp/ep-20260920-230959
154,Wake Forest Demon Deacons,2020,Sam Hartman,hartman s,9,true,278,76.7177,espn-pbp/ep-20260920-230959
264,Washington Huskies,2020,Dylan Morris,morris d,4,true,114,39.0397,espn-pbp/ep-20260920-230959
265,Washington State Cougars,2020,Jayden de Laura,de laura j,4,true,129,12.5884,espn-pbp/ep-20260920-230959
2704,West Texas A&M Buffaloes,2020,Nick Gerber,gerber n,1,true,37,-6.0458,espn-pbp/ep-20260920-230959
277,West Virginia Mountaineers,2020,Jarret Doege,doege j,10,true,346,56.1548,espn-pbp/ep-20260920-230959
2717,Western Carolina Catamounts,2020,Will Jones,jones w,2,false,56,-21.7180,espn-pbp/ep-20260920-230959
2717,Western Carolina Catamounts,2020,Mark Wright,wright m,1,true,26,-12.1645,espn-pbp/ep-20260920-230959
2714,Western Colorado Mountaineers,2020,Connor Desch,desch c,1,true,19,-11.8422,espn-pbp/ep-20260920-230959
98,Western Kentucky Hilltoppers,2020,Tyrrell Pigrome,pigrome t,10,true,306,-11.1698,espn-pbp/ep-20260920-230959
98,Western Kentucky Hilltoppers,2020,Kevaris Thomas,thomas k,2,false,70,-13.2125,espn-pbp/ep-20260920-230959
2711,Western Michigan Broncos,2020,Kaleb Eleby,eleby k,6,true,164,78.0632,espn-pbp/ep-20260920-230959
275,Wisconsin Badgers,2020,Graham Mertz,mertz g,7,true,192,1.3063,espn-pbp/ep-20260920-230959
2751,Wyoming Cowboys,2020,Levi Williams,williams l,6,true,121,-1.3157,espn-pbp/ep-20260920-230959
2000,Abilene Christian Wildcats,2021,Stone Earle,earle s,7,true,158,20.9855,espn-pbp/ep-20260920-230959
2000,Abilene Christian Wildcats,2021,Peyton Mansell,mansell p,4,false,155,-6.3610,espn-pbp/ep-20260920-230959
2005,Air Force Falcons,2021,Haaziq Daniels,daniels h,11,true,71,21.2857,espn-pbp/ep-20260920-230959
2006,Akron Zips,2021,Zach Gibson,gibson z,2,false,115,28.4936,espn-pbp/ep-20260920-230959
2006,Akron Zips,2021,DJ Irons,irons d,2,false,99,19.8538,espn-pbp/ep-20260920-230959
2006,Akron Zips,2021,Kato Nelson,nelson k,2,true,58,-7.6637,espn-pbp/ep-20260920-230959
2006,Akron Zips,2021,Justin Lynch,lynch j,1,false,,,espn-pbp/ep-20260920-230959
2006,Akron Zips,2021,Drew Plitt,plitt d,1,false,,,espn-pbp/ep-20260920-230959
2006,Akron Zips,2021,Kurtis Rourke,rourke k,1,false,,,espn-pbp/ep-20260920-230959
2006,Akron Zips,2021,Kyle Vantrease,vantrease k,1,false,,,espn-pbp/ep-20260920-230959
2010,Alabama A&M Bulldogs,2021,Aqeel Glass,glass a,8,true,320,94.1989,espn-pbp/ep-20260920-230959
2010,Alabama A&M Bulldogs,2021,Ryan Nettles,nettles r,1,false,,,espn-pbp/ep-20260920-230959
333,Alabama Crimson Tide,2021,Bryce Young,young b,15,true,495,190.3655,espn-pbp/ep-20260920-230959
2011,Alabama State Hornets,2021,Ryan Nettles,nettles r,3,true,41,-13.1955,espn-pbp/ep-20260920-230959
2011,Alabama State Hornets,2021,Myles Crawley,crawley m,2,false,60,-1.1116,espn-pbp/ep-20260920-230959
2011,Alabama State Hornets,2021,Andrew Body,body a,1,false,,,espn-pbp/ep-20260920-230959
2011,Alabama State Hornets,2021,Aqeel Glass,glass a,1,false,,,espn-pbp/ep-20260920-230959
2016,Alcorn State Braves,2021,Felix Harper,harper f,9,true,251,46.0746,espn-pbp/ep-20260920-230959
2016,Alcorn State Braves,2021,Devin Black,black d,1,false,,,espn-pbp/ep-20260920-230959
2026,App State Mountaineers,2021,Chase Brice,brice c,14,true,394,78.4952,espn-pbp/ep-20260920-230959
9,Arizona State Sun Devils,2021,Jayden Daniels,daniels j,13,true,301,36.4664,espn-pbp/ep-20260920-230959
12,Arizona Wildcats,2021,Will Plummer,plummer w,7,false,247,13.2401,espn-pbp/ep-20260920-230959
12,Arizona Wildcats,2021,Gunner Cruz,cruz g,3,true,75,-10.7707,espn-pbp/ep-20260920-230959
12,Arizona Wildcats,2021,Jordan McCloud,mccloud j,2,false,77,17.0749,espn-pbp/ep-20260920-230959
8,Arkansas Razorbacks,2021,KJ Jefferson,jefferson k,11,true,253,89.7397,espn-pbp/ep-20260920-230959
8,Arkansas Razorbacks,2021,Skyler Perry,perry s,1,false,,,espn-pbp/ep-20260920-230959
2032,Arkansas State Red Wolves,2021,Layne Hatcher,hatcher l,5,false,296,20.9859,espn-pbp/ep-20260920-230959
2032,Arkansas State Red Wolves,2021,James Blackman,blackman j,4,true,151,5.4419,espn-pbp/ep-20260920-230959
2032,Arkansas State Red Wolves,2021,Tyler Vitt,vitt t,1,false,,,espn-pbp/ep-20260920-230959
2029,Arkansas-Pine Bluff Golden Lions,2021,Skyler Perry,perry s,9,true,268,-54.5045,espn-pbp/ep-20260920-230959
2029,Arkansas-Pine Bluff Golden Lions,2021,Xzavier Vaughn,vaughn x,1,false,47,-1.0332,espn-pbp/ep-20260920-230959
2029,Arkansas-Pine Bluff Golden Lions,2021,KJ Jefferson,jefferson k,1,false,,,espn-pbp/ep-20260920-230959
349,Army Black Knights,2021,Christian Anderson,anderson c,8,false,51,16.9815,espn-pbp/ep-20260920-230959
349,Army Black Knights,2021,Jabari Laws,laws j,3,false,28,20.1153,espn-pbp/ep-20260920-230959
349,Army Black Knights,2021,Tyhier Tyler,tyler t,2,true,6,-2.5875,espn-pbp/ep-20260920-230959
2,Auburn Tigers,2021,Bo Nix,nix b,10,true,326,45.3447,espn-pbp/ep-20260920-230959
2,Auburn Tigers,2021,TJ Finley,finley t,3,false,102,-10.6804,espn-pbp/ep-20260920-230959
2046,Austin Peay Governors,2021,Draylen Ellis,ellis d,6,true,181,-9.0875,espn-pbp/ep-20260920-230959
2046,Austin Peay Governors,2021,Sheldon Layman,layman s,3,false,54,3.4946,espn-pbp/ep-20260920-230959
3178,Ave Maria Gyrenes,2021,Will Tate,tate w,1,true,18,-5.4375,espn-pbp/ep-20260920-230959
252,BYU Cougars,2021,Jaren Hall,hall j,10,true,300,87.7086,espn-pbp/ep-20260920-230959
252,BYU Cougars,2021,Baylor Romney,romney b,3,false,81,36.7308,espn-pbp/ep-20260920-230959
2050,Ball State Cardinals,2021,Drew Plitt,plitt d,11,true,362,32.4175,espn-pbp/ep-20260920-230959
2050,Ball State Cardinals,2021,Zach Gibson,gibson z,1,false,,,espn-pbp/ep-20260920-230959
2050,Ball State Cardinals,2021,Daniel Richardson,richardson d,1,false,,,espn-pbp/ep-20260920-230959
239,Baylor Bears,2021,Gerry Bohanon,bohanon g,12,true,260,43.9020,espn-pbp/ep-20260920-230959
239,Baylor Bears,2021,Blake Shapen,shapen b,2,false,89,22.3402,espn-pbp/ep-20260920-230959
2065,Bethune-Cookman Wildcats,2021,Shannon Patrick,patrick s,3,true,105,-13.1303,espn-pbp/ep-20260920-230959
2065,Bethune-Cookman Wildcats,2021,Devin Black,black d,2,false,23,12.8104,espn-pbp/ep-20260920-230959
2065,Bethune-Cookman Wildcats,2021,Felix Harper,harper f,1,false,,,espn-pbp/ep-20260920-230959
68,Boise State Broncos,2021,Hank Bachmeier,bachmeier h,11,true,402,57.8196,espn-pbp/ep-20260920-230959
68,Boise State Broncos,2021,Connor Genal,genal c,1,false,,,espn-pbp/ep-20260920-230959
103,Boston College Eagles,2021,Dennis Grosel,grosel d,6,false,171,2.0339,espn-pbp/ep-20260920-230959
103,Boston College Eagles,2021,Phil Jurkovec,jurkovec p,6,true,96,25.5392,espn-pbp/ep-20260920-230959
189,Bowling Green Falcons,2021,Matt McDonald,mcdonald m,9,true,278,-4.8644,espn-pbp/ep-20260920-230959
189,Bowling Green Falcons,2021,Preston Rice,rice p,1,false,,,espn-pbp/ep-20260920-230959
225,Brown Bears,2021,EJ Perry,perry e,2,false,57,2.3408,espn-pbp/ep-20260920-230959
225,Brown Bears,2021,Nolan Grooms,grooms n,1,false,,,espn-pbp/ep-20260920-230959
225,Brown Bears,2021,Kasim Hill,hill k,1,true,,,espn-pbp/ep-20260920-230959
225,Brown Bears,2021,Harry Kirk,kirk h,1,false,,,espn-pbp/ep-20260920-230959
225,Brown Bears,2021,Derek Kyler,kyler d,1,false,,,espn-pbp/ep-20260920-230959
225,Brown Bears,2021,Ben Mays,mays b,1,false,,,espn-pbp/ep-20260920-230959
225,Brown Bears,2021,Cole Smith,smith c,1,false,,,espn-pbp/ep-20260920-230959
2803,Bryant Bulldogs,2021,Zevi Eckhaus,eckhaus z,8,true,275,35.1853,espn-pbp/ep-20260920-230959
2083,Bucknell Bison,2021,Nick Semptimphelter,semptimphelter n,3,true,93,-18.4720,espn-pbp/ep-20260920-230959
2083,Bucknell Bison,2021,Ethan Grady,grady e,2,false,78,-6.3512,espn-pbp/ep-20260920-230959
2083,Bucknell Bison,2021,Pierce Holley,holley p,1,false,,,espn-pbp/ep-20260920-230959
2083,Bucknell Bison,2021,Dante Perri,perri d,1,false,,,espn-pbp/ep-20260920-230959
2083,Bucknell Bison,2021,John Quinnelly,quinnelly j,1,false,,,espn-pbp/ep-20260920-230959
2083,Bucknell Bison,2021,Matthew Sluka,sluka m,1,false,,,espn-pbp/ep-20260920-230959
2084,Buffalo Bulls,2021,Kyle Vantrease,vantrease k,8,false,213,26.0416,espn-pbp/ep-20260920-230959
2084,Buffalo Bulls,2021,Matt Myers,myers m,2,false,55,-10.3410,espn-pbp/ep-20260920-230959
2084,Buffalo Bulls,2021,Jaalon Frazier,frazier j,1,true,,,espn-pbp/ep-20260920-230959
2084,Buffalo Bulls,2021,DJ Irons,irons d,1,false,,,espn-pbp/ep-20260920-230959
2086,Butler Bulldogs,2021,Bret Bushka,bushka b,8,true,189,1.8650,espn-pbp/ep-20260920-230959
2086,Butler Bulldogs,2021,Brody Reder,reder b,1,false,22,-9.7096,espn-pbp/ep-20260920-230959
13,Cal Poly Mustangs,2021,Spencer Brasch,brasch s,7,true,276,4.4453,espn-pbp/ep-20260920-230959
13,Cal Poly Mustangs,2021,Jackson Pavitt,pavitt j,2,false,39,-13.3156,espn-pbp/ep-20260920-230959
13,Cal Poly Mustangs,2021,Kahliq Paulette,paulette k,1,false,29,-13.1086,espn-pbp/ep-20260920-230959
13,Cal Poly Mustangs,2021,Conor Bruce,bruce c,1,false,6,4.1142,espn-pbp/ep-20260920-230959
25,California Golden Bears,2021,Chase Garbers,garbers c,10,true,265,-0.9246,espn-pbp/ep-20260920-230959
25,California Golden Bears,2021,Jaxson Dart,dart j,1,false,50,5.6403,espn-pbp/ep-20260920-230959
25,California Golden Bears,2021,Ryan Glover,glover r,1,false,29,-10.2729,espn-pbp/ep-20260920-230959
2097,Campbell Fighting Camels,2021,Hajj-Malik Williams,williams h,4,true,95,-6.8588,espn-pbp/ep-20260920-230959
2097,Campbell Fighting Camels,2021,Wiley Hartley,hartley w,2,false,120,11.8151,espn-pbp/ep-20260920-230959
2097,Campbell Fighting Camels,2021,Dylan Earney,earney d,2,false,72,14.3872,espn-pbp/ep-20260920-230959
2097,Campbell Fighting Camels,2021,Xavier Shepherd,shepherd x,1,false,,,espn-pbp/ep-20260920-230959
2110,Central Arkansas Bears,2021,Breylin Smith,smith b,10,true,310,75.6144,espn-pbp/ep-20260920-230959
2110,Central Arkansas Bears,2021,Darius Bowers,bowers d,1,false,21,5.1046,espn-pbp/ep-20260920-230959
2115,Central Connecticut Blue Devils,2021,Romelo Williams,williams r,7,true,137,10.9828,espn-pbp/ep-20260920-230959
2115,Central Connecticut Blue Devils,2021,Shon Mitchell,mitchell s,2,false,113,-11.8472,espn-pbp/ep-20260920-230959
2117,Central Michigan Chippewas,2021,Daniel Richardson,richardson d,7,false,238,56.7814,espn-pbp/ep-20260920-230959
2117,Central Michigan Chippewas,2021,Jacob Sirmon,sirmon j,3,true,99,-11.4721,espn-pbp/ep-20260920-230959
2117,Central Michigan Chippewas,2021,George Martin,martin g,1,false,,,espn-pbp/ep-20260920-230959
2117,Central Michigan Chippewas,2021,Drew Plitt,plitt d,1,false,,,espn-pbp/ep-20260920-230959
2120,Central Washington Wildcats,2021,JJ Lemming,lemming j,1,true,16,-8.1927,espn-pbp/ep-20260920-230959
2127,Charleston Southern Buccaneers,2021,Jack Chambers,chambers j,10,true,379,-18.0088,espn-pbp/ep-20260920-230959
2429,Charlotte 49ers,2021,Chris Reynolds,reynolds c,10,true,343,77.7321,espn-pbp/ep-20260920-230959
2429,Charlotte 49ers,2021,James Foster,foster j,1,false,56,-8.9552,espn-pbp/ep-20260920-230959
2429,Charlotte 49ers,2021,Bailey Fisher,fisher b,1,false,,,espn-pbp/ep-20260920-230959
236,Chattanooga Mocs,2021,Cole Copeland,copeland c,8,true,192,19.2909,espn-pbp/ep-20260920-230959
236,Chattanooga Mocs,2021,Drayton Arnold,arnold d,1,false,29,-1.9107,espn-pbp/ep-20260920-230959
236,Chattanooga Mocs,2021,Kyle Pinnix,pinnix k,1,false,,,espn-pbp/ep-20260920-230959
2132,Cincinnati Bearcats,2021,Desmond Ridder,ridder d,14,true,384,85.5212,espn-pbp/ep-20260920-230959
228,Clemson Tigers,2021,D.J. Uiagalelei,j. uiagalelei d,12,false,334,-24.8226,espn-pbp/ep-20260920-230959
228,Clemson Tigers,2021,JT Daniels,daniels j,1,true,,,espn-pbp/ep-20260920-230959
324,Coastal Carolina Chanticleers,2021,Grayson McCall,mccall g,10,true,228,153.7326,espn-pbp/ep-20260920-230959
324,Coastal Carolina Chanticleers,2021,Bryce Carpenter,carpenter b,1,false,49,5.2916,espn-pbp/ep-20260920-230959
324,Coastal Carolina Chanticleers,2021,Justin Tomlin,tomlin j,1,false,,,espn-pbp/ep-20260920-230959
2142,Colgate Raiders,2021,Grant Breneman,breneman g,5,true,81,-0.0327,espn-pbp/ep-20260920-230959
2142,Colgate Raiders,2021,Michael Brescia,brescia m,3,false,76,13.2848,espn-pbp/ep-20260920-230959
2142,Colgate Raiders,2021,Richie Kenney,kenney r,1,false,,,espn-pbp/ep-20260920-230959
2142,Colgate Raiders,2021,EJ Perry,perry e,1,false,,,espn-pbp/ep-20260920-230959
38,Colorado Buffaloes,2021,Brendon Lewis,lewis b,12,true,240,-28.2030,espn-pbp/ep-20260920-230959
36,Colorado State Rams,2021,Todd Centeio,centeio t,11,true,345,45.9085,espn-pbp/ep-20260920-230959
171,Columbia Lions,2021,Joe Green,green j,2,false,94,1.4760,espn-pbp/ep-20260920-230959
171,Columbia Lions,2021,Austin Day,day a,1,true,,,espn-pbp/ep-20260920-230959
171,Columbia Lions,2021,Richie Kenney,kenney r,1,false,,,espn-pbp/ep-20260920-230959
171,Columbia Lions,2021,Derek Kyler,kyler d,1,false,,,espn-pbp/ep-20260920-230959
172,Cornell Big Red,2021,Richie Kenney,kenney r,4,false,148,-38.7268,espn-pbp/ep-20260920-230959
172,Cornell Big Red,2021,Joe Green,green j,1,false,,,espn-pbp/ep-20260920-230959
172,Cornell Big Red,2021,Collin Ironside,ironside c,1,true,,,espn-pbp/ep-20260920-230959
172,Cornell Big Red,2021,Harry Kirk,kirk h,1,false,,,espn-pbp/ep-20260920-230959
172,Cornell Big Red,2021,EJ Perry,perry e,1,false,,,espn-pbp/ep-20260920-230959
159,Dartmouth Big Green,2021,Derek Kyler,kyler d,6,true,143,42.2304,espn-pbp/ep-20260920-230959
159,Dartmouth Big Green,2021,Joe Green,green j,1,false,,,espn-pbp/ep-20260920-230959
159,Dartmouth Big Green,2021,Marquez McCray,mccray m,1,false,,,espn-pbp/ep-20260920-230959
159,Dartmouth Big Green,2021,EJ Perry,perry e,1,false,,,espn-pbp/ep-20260920-230959
159,Dartmouth Big Green,2021,Cole Smith,smith c,1,false,,,espn-pbp/ep-20260920-230959
2166,Davidson Wildcats,2021,Louis Colosimo,colosimo l,8,true,98,42.2147,espn-pbp/ep-20260920-230959
2168,Dayton Flyers,2021,Jack Cook,cook j,9,true,194,47.7266,espn-pbp/ep-20260920-230959
83,DePauw Tigers,2021,Chase Andries,andries c,1,true,21,-2.5342,espn-pbp/ep-20260920-230959
48,Delaware Blue Hens,2021,Zach Gwynn,gwynn z,7,false,205,3.9046,espn-pbp/ep-20260920-230959
48,Delaware Blue Hens,2021,Nolan Henderson,henderson n,2,true,31,2.2708,espn-pbp/ep-20260920-230959
2169,Delaware State Hornets,2021,Jared Lewis,lewis j,6,true,115,-1.2142,espn-pbp/ep-20260920-230959
2169,Delaware State Hornets,2021,Davius Richard,richard d,1,false,,,espn-pbp/ep-20260920-230959
2170,Delta State Statesmen,2021,Patrick Shegog,shegog p,1,true,33,-16.9006,espn-pbp/ep-20260920-230959
2181,Drake Bulldogs,2021,Ian Corwin,corwin i,4,true,85,-8.8032,espn-pbp/ep-20260920-230959
2181,Drake Bulldogs,2021,Luke Bailey,bailey l,2,false,77,-16.8282,espn-pbp/ep-20260920-230959
2181,Drake Bulldogs,2021,Blake Ellingson,ellingson b,2,false,29,-1.9581,espn-pbp/ep-20260920-230959
2181,Drake Bulldogs,2021,Sean Cooney,cooney s,1,false,14,2.1977,espn-pbp/ep-20260920-230959
150,Duke Blue Devils,2021,Gunnar Holmberg,holmberg g,11,true,332,43.9896,espn-pbp/ep-20260920-230959
150,Duke Blue Devils,2021,Riley Leonard,leonard r,1,false,67,3.4581,espn-pbp/ep-20260920-230959
2184,Duquesne Dukes,2021,Darius Perrantes,perrantes d,7,true,229,63.2533,espn-pbp/ep-20260920-230959
2184,Duquesne Dukes,2021,Marquez McCray,mccray m,1,false,,,espn-pbp/ep-20260920-230959
2184,Duquesne Dukes,2021,Jyron Russell,russell j,1,false,,,espn-pbp/ep-20260920-230959
151,East Carolina Pirates,2021,Holton Ahlers,ahlers h,12,true,415,72.1870,espn-pbp/ep-20260920-230959
2193,East Tennessee State Buccaneers,2021,Tyler Riddell,riddell t,10,true,243,8.4375,espn-pbp/ep-20260920-230959
2197,Eastern Illinois Panthers,2021,Otto Kuhns,kuhns o,5,true,118,-30.4796,espn-pbp/ep-20260920-230959
2197,Eastern Illinois Panthers,2021,Chris Katrenick,katrenick c,2,false,71,1.2343,espn-pbp/ep-20260920-230959
2197,Eastern Illinois Panthers,2021,Zach Weir,weir z,1,false,59,-9.2781,espn-pbp/ep-20260920-230959
2198,Eastern Kentucky Colonels,2021,Parker McKinney,mckinney p,10,true,319,21.4067,espn-pbp/ep-20260920-230959
2199,Eastern Michigan Eagles,2021,Ben Bryant,bryant b,10,false,380,93.2644,espn-pbp/ep-20260920-230959
2199,Eastern Michigan Eagles,2021,Preston Hutchinson,hutchinson p,1,true,26,-6.7010,espn-pbp/ep-20260920-230959
331,Eastern Washington Eagles,2021,Eric Barriere,barriere e,11,true,476,179.7841,espn-pbp/ep-20260920-230959
2207,Elizabeth City State Vikings,2021,Kevin Caldwell,caldwell k,1,true,40,12.6265,espn-pbp/ep-20260920-230959
2210,Elon Phoenix,2021,Davis Cheek,cheek d,11,true,391,40.6359,espn-pbp/ep-20260920-230959
2222,Ferris State Bulldogs,2021,Mylik Mitchell,mitchell m,1,true,6,-0.8820,espn-pbp/ep-20260920-230959
50,Florida A&M Rattlers,2021,Rasean McKay,mckay r,8,true,254,12.2296,espn-pbp/ep-20260920-230959
50,Florida A&M Rattlers,2021,Glendon McDaniel,mcdaniel g,1,false,,,espn-pbp/ep-20260920-230959
2226,Florida Atlantic Owls,2021,N'Kosi Perry,perry n,10,true,236,50.0258,espn-pbp/ep-20260920-230959
2226,Florida Atlantic Owls,2021,Cam Ransom,ransom c,1,false,,,espn-pbp/ep-20260920-230959
2226,Florida Atlantic Owls,2021,Nick Vattiato,vattiato n,1,false,,,espn-pbp/ep-20260920-230959
57,Florida Gators,2021,Emory Jones,jones e,12,true,318,51.0715,espn-pbp/ep-20260920-230959
57,Florida Gators,2021,Anthony Richardson,richardson a,1,false,63,8.3390,espn-pbp/ep-20260920-230959
2229,Florida International Panthers,2021,Max Bortenschlager,bortenschlager m,7,true,200,9.5047,espn-pbp/ep-20260920-230959
2229,Florida International Panthers,2021,Austin Aune,aune a,1,false,,,espn-pbp/ep-20260920-230959
2229,Florida International Panthers,2021,Grant Wells,wells g,1,false,,,espn-pbp/ep-20260920-230959
52,Florida State Seminoles,2021,Jordan Travis,travis j,8,true,181,26.1943,espn-pbp/ep-20260920-230959
52,Florida State Seminoles,2021,McKenzie Milton,milton m,4,false,144,-11.9233,espn-pbp/ep-20260920-230959
2230,Fordham Rams,2021,Tim DeMorat,demorat t,8,false,323,92.9884,espn-pbp/ep-20260920-230959
2230,Fordham Rams,2021,Tyquell Fields,fields t,1,false,,,espn-pbp/ep-20260920-230959
2230,Fordham Rams,2021,Adrian Martinez,martinez a,1,true,,,espn-pbp/ep-20260920-230959
2230,Fordham Rams,2021,Tony Muskett,muskett t,1,false,,,espn-pbp/ep-20260920-230959
2237,Fort Lewis Skyhawks,2021,Armon Hickson,hickson a,1,false,38,-10.1039,espn-pbp/ep-20260920-230959
2237,Fort Lewis Skyhawks,2021,Jack Hanenburg,hanenburg j,1,true,25,-12.2211,espn-pbp/ep-20260920-230959
278,Fresno State Bulldogs,2021,Jake Haener,haener j,13,true,415,100.6058,espn-pbp/ep-20260920-230959
231,Furman Paladins,2021,Jace Wilson,wilson j,6,false,100,0.9818,espn-pbp/ep-20260920-230959
231,Furman Paladins,2021,Hamp Sisson,sisson h,5,true,116,-2.6303,espn-pbp/ep-20260920-230959
2241,Gardner-Webb Runnin' Bulldogs,2021,Bailey Fisher,fisher b,8,false,212,-10.1843,espn-pbp/ep-20260920-230959
2241,Gardner-Webb Runnin' Bulldogs,2021,Chris Reynolds,reynolds c,1,true,,,espn-pbp/ep-20260920-230959
46,Georgetown Hoyas,2021,Joseph Brunell,brunell j,5,true,185,27.6462,espn-pbp/ep-20260920-230959
46,Georgetown Hoyas,2021,Pierce Holley,holley p,2,false,87,30.8621,espn-pbp/ep-20260920-230959
46,Georgetown Hoyas,2021,Ethan Grady,grady e,1,false,,,espn-pbp/ep-20260920-230959
61,Georgia Bulldogs,2021,Stetson Bennett,bennett s,12,false,296,111.6283,espn-pbp/ep-20260920-230959
61,Georgia Bulldogs,2021,JT Daniels,daniels j,2,false,96,33.4870,espn-pbp/ep-20260920-230959
61,Georgia Bulldogs,2021,D.J. Uiagalelei,j. uiagalelei d,1,true,,,espn-pbp/ep-20260920-230959
290,Georgia Southern Eagles,2021,Justin Tomlin,tomlin j,5,false,107,-18.6093,espn-pbp/ep-20260920-230959
290,Georgia Southern Eagles,2021,Connor Cigelske,cigelske c,2,false,38,-5.9824,espn-pbp/ep-20260920-230959
290,Georgia Southern Eagles,2021,Cam Ransom,ransom c,1,false,39,-4.8664,espn-pbp/ep-20260920-230959
290,Georgia Southern Eagles,2021,Bryce Carpenter,carpenter b,1,false,,,espn-pbp/ep-20260920-230959
290,Georgia Southern Eagles,2021,N'Kosi Perry,perry n,1,true,,,espn-pbp/ep-20260920-230959
2247,Georgia State Panthers,2021,Darren Grainger,grainger d,9,false,186,43.6158,espn-pbp/ep-20260920-230959
2247,Georgia State Panthers,2021,Cornelious Brown IV,brown c,2,true,77,-20.6862,espn-pbp/ep-20260920-230959
59,Georgia Tech Yellow Jackets,2021,Jordan Yates,yates j,6,true,140,3.3068,espn-pbp/ep-20260920-230959
59,Georgia Tech Yellow Jackets,2021,Jeff Sims,sims j,5,false,183,20.9197,espn-pbp/ep-20260920-230959
2755,Grambling Tigers,2021,Elijah Walker,walker e,3,true,26,-7.7090,espn-pbp/ep-20260920-230959
2755,Grambling Tigers,2021,Aldon Clark,clark a,2,false,43,-16.6988,espn-pbp/ep-20260920-230959
2755,Grambling Tigers,2021,"Bodden, Noah",bodden n,1,false,33,-7.5985,espn-pbp/ep-20260920-230959
2261,Hampton Pirates,2021,Jett Duffey,duffey j,10,true,228,44.6359,espn-pbp/ep-20260920-230959
108,Harvard Crimson,2021,Charlie Dean,dean c,3,true,93,17.6892,espn-pbp/ep-20260920-230959
108,Harvard Crimson,2021,Jake Smith,smith j,3,false,92,-2.9204,espn-pbp/ep-20260920-230959
108,Harvard Crimson,2021,Luke Emge,emge l,2,false,77,7.6526,espn-pbp/ep-20260920-230959
108,Harvard Crimson,2021,Cole Smith,smith c,1,false,,,espn-pbp/ep-20260920-230959
62,Hawai'i Rainbow Warriors,2021,Chevan Cordeiro,cordeiro c,8,true,311,6.6214,espn-pbp/ep-20260920-230959
62,Hawai'i Rainbow Warriors,2021,Brayden Schager,schager b,3,false,109,-12.9887,espn-pbp/ep-20260920-230959
107,Holy Cross Crusaders,2021,Matthew Sluka,sluka m,11,true,167,35.7874,espn-pbp/ep-20260920-230959
107,Holy Cross Crusaders,2021,Ethan Grady,grady e,1,false,,,espn-pbp/ep-20260920-230959
107,Holy Cross Crusaders,2021,Marco Siderman,siderman m,0,false,127,19.9936,espn-pbp/ep-20260920-230959
2277,Houston Christian Huskies,2021,Orion Olivas,olivas o,4,false,145,15.4616,espn-pbp/ep-20260920-230959
2277,Houston Christian Huskies,2021,Desmond Young,young d,1,false,29,-4.2781,espn-pbp/ep-20260920-230959
2277,Houston Christian Huskies,2021,Dylan McCaffrey,mccaffrey d,1,true,,,espn-pbp/ep-20260920-230959
2277,Houston Christian Huskies,2021,Cameron Ward,ward c,1,false,,,espn-pbp/ep-20260920-230959
248,Houston Cougars,2021,Clayton Tune,tune c,14,true,398,127.7790,espn-pbp/ep-20260920-230959
47,Howard Bison,2021,Quinton Williams,williams q,4,false,104,-15.2361,espn-pbp/ep-20260920-230959
47,Howard Bison,2021,Williams Quinton,quinton w,1,true,28,-6.3255,espn-pbp/ep-20260920-230959
47,Howard Bison,2021,Marquez McCray,mccray m,1,false,,,espn-pbp/ep-20260920-230959
304,Idaho State Bengals,2021,Sagan Gronauer,gronauer s,2,false,67,0.4694,espn-pbp/ep-20260920-230959
304,Idaho State Bengals,2021,Hunter Hays,hays h,1,false,33,-1.1954,espn-pbp/ep-20260920-230959
304,Idaho State Bengals,2021,Tyler Vander Waal,vander waal t,1,true,18,2.5583,espn-pbp/ep-20260920-230959
70,Idaho Vandals,2021,Mike Beaudry,beaudry m,3,false,114,22.0770,espn-pbp/ep-20260920-230959
70,Idaho Vandals,2021,CJ Jordan,jordan c,1,true,31,-16.1737,espn-pbp/ep-20260920-230959
70,Idaho Vandals,2021,Zach Borisch,borisch z,1,false,25,11.7243,espn-pbp/ep-20260920-230959
70,Idaho Vandals,2021,Gevani Mccoy,mccoy g,1,false,15,-2.8596,espn-pbp/ep-20260920-230959
70,Idaho Vandals,2021,Kris Brown,brown k,1,false,,,espn-pbp/ep-20260920-230959
70,Idaho Vandals,2021,RJ Martinez,martinez r,1,false,,,espn-pbp/ep-20260920-230959
70,Idaho Vandals,2021,Justin Miller,miller j,1,false,,,espn-pbp/ep-20260920-230959
356,Illinois Fighting Illini,2021,Brandon Peters,peters b,9,true,146,8.9992,espn-pbp/ep-20260920-230959
356,Illinois Fighting Illini,2021,Artur Sitkowski,sitkowski a,3,false,143,-4.1725,espn-pbp/ep-20260920-230959
2287,Illinois State Redbirds,2021,Jackson Waring,waring j,5,false,104,3.3955,espn-pbp/ep-20260920-230959
2287,Illinois State Redbirds,2021,Bryce Jefferson,jefferson b,4,true,70,-14.0270,espn-pbp/ep-20260920-230959
2916,Incarnate Word Cardinals,2021,Cameron Ward,ward c,12,true,425,128.7390,espn-pbp/ep-20260920-230959
2916,Incarnate Word Cardinals,2021,Orion Olivas,olivas o,1,false,,,espn-pbp/ep-20260920-230959
84,Indiana Hoosiers,2021,Michael Penix Jr.,penix m,5,true,164,-8.6973,espn-pbp/ep-20260920-230959
84,Indiana Hoosiers,2021,Donaven McCulley,mcculley d,4,false,58,-20.9036,espn-pbp/ep-20260920-230959
84,Indiana Hoosiers,2021,Jack Tuttle,tuttle j,2,false,89,-7.6306,espn-pbp/ep-20260920-230959
84,Indiana Hoosiers,2021,Grant Gremel,gremel g,1,false,70,-13.1321,espn-pbp/ep-20260920-230959
282,Indiana State Sycamores,2021,Anthony Thompson,thompson a,6,true,139,-0.5305,espn-pbp/ep-20260920-230959
282,Indiana State Sycamores,2021,Kurtis Wilderman,wilderman k,2,false,106,-10.8326,espn-pbp/ep-20260920-230959
282,Indiana State Sycamores,2021,Joe Craycraft,craycraft j,1,false,,,espn-pbp/ep-20260920-230959
282,Indiana State Sycamores,2021,Connor Sampson,sampson c,1,false,,,espn-pbp/ep-20260920-230959
2294,Iowa Hawkeyes,2021,Spencer Petras,petras s,11,true,276,21.9329,espn-pbp/ep-20260920-230959
2294,Iowa Hawkeyes,2021,Alex Padilla,padilla a,3,false,108,-23.3350,espn-pbp/ep-20260920-230959
66,Iowa State Cyclones,2021,Brock Purdy,purdy b,11,true,301,55.7528,espn-pbp/ep-20260920-230959
66,Iowa State Cyclones,2021,Caleb Williams,williams c,1,false,,,espn-pbp/ep-20260920-230959
2296,Jackson State Tigers,2021,Shedeur Sanders,sanders s,10,true,307,86.0812,espn-pbp/ep-20260920-230959
55,Jacksonville State Gamecocks,2021,Zerrick Cooper,cooper z,10,true,268,-1.0953,espn-pbp/ep-20260920-230959
55,Jacksonville State Gamecocks,2021,Matthew Caldwell,caldwell m,1,false,29,-9.3812,espn-pbp/ep-20260920-230959
256,James Madison Dukes,2021,Cole Johnson,johnson c,12,true,346,118.2669,espn-pbp/ep-20260920-230959
256,James Madison Dukes,2021,Randall Johnson,johnson r,1,false,,,espn-pbp/ep-20260920-230959
2305,Kansas Jayhawks,2021,Jason Bean,bean j,9,true,186,-4.3917,espn-pbp/ep-20260920-230959
2305,Kansas Jayhawks,2021,Jalon Daniels,daniels j,3,false,86,8.4222,espn-pbp/ep-20260920-230959
2306,Kansas State Wildcats,2021,Skylar Thompson,thompson s,9,true,237,89.1857,espn-pbp/ep-20260920-230959
2306,Kansas State Wildcats,2021,Will Howard,howard w,3,false,55,-8.3304,espn-pbp/ep-20260920-230959
2306,Kansas State Wildcats,2021,Max Duggan,duggan m,1,false,,,espn-pbp/ep-20260920-230959
338,Kennesaw State Owls,2021,Xavier Shepherd,shepherd x,9,true,96,41.9375,espn-pbp/ep-20260920-230959
338,Kennesaw State Owls,2021,Wiley Hartley,hartley w,1,false,,,espn-pbp/ep-20260920-230959
2309,Kent State Golden Flashes,2021,Dustin Crum,crum d,13,true,344,75.4316,espn-pbp/ep-20260920-230959
96,Kentucky Wildcats,2021,Will Levis,levis w,13,true,357,104.0316,espn-pbp/ep-20260920-230959
99,LSU Tigers,2021,Max Johnson,johnson m,12,true,351,84.2113,espn-pbp/ep-20260920-230959
99,LSU Tigers,2021,Jontre Kirklin,kirklin j,1,false,11,1.2308,espn-pbp/ep-20260920-230959
322,Lafayette Leopards,2021,Ah-Shaun Davis,davis a,8,false,201,2.9846,espn-pbp/ep-20260920-230959
322,Lafayette Leopards,2021,Aaron Angelos,angelos a,1,false,44,-13.3169,espn-pbp/ep-20260920-230959
322,Lafayette Leopards,2021,Hollis Mathis,mathis h,1,true,,,espn-pbp/ep-20260920-230959
2320,Lamar Cardinals,2021,Jalen Dummett,dummett j,4,true,37,-14.2322,espn-pbp/ep-20260920-230959
2320,Lamar Cardinals,2021,Daelyn Williams,williams d,3,false,63,-27.7153,espn-pbp/ep-20260920-230959
2320,Lamar Cardinals,2021,Mike Chandler,chandler m,3,false,60,5.1071,espn-pbp/ep-20260920-230959
2323,Lane Dragons,2021,Tarik McKinzie,mckinzie t,1,true,33,5.4374,espn-pbp/ep-20260920-230959
2329,Lehigh Mountain Hawks,2021,Dante Perri,perri d,5,false,200,-0.6232,espn-pbp/ep-20260920-230959
2329,Lehigh Mountain Hawks,2021,Cross Wilkinson,wilkinson c,3,true,52,-21.9899,espn-pbp/ep-20260920-230959
2329,Lehigh Mountain Hawks,2021,Nigel Summerville,summerville n,2,false,28,-13.6796,espn-pbp/ep-20260920-230959
2329,Lehigh Mountain Hawks,2021,Ethan Grady,grady e,1,false,,,espn-pbp/ep-20260920-230959
2335,Liberty Flames,2021,Malik Willis,willis m,13,true,317,84.2253,espn-pbp/ep-20260920-230959
124179,Lincoln (CA) Oaklanders,2021,Camero Burston,burston c,1,true,,,espn-pbp/ep-20260920-230959
2339,Lincoln (PA) Lions,2021,Andrew Banks,banks a,1,true,9,-3.1875,espn-pbp/ep-20260920-230959
2815,Lindenwood Lions,2021,Cade Brister,brister c,1,true,18,-4.6262,espn-pbp/ep-20260920-230959
2341,Long Island University Sharks,2021,Camden Orth,orth c,5,true,137,0.5109,espn-pbp/ep-20260920-230959
2341,Long Island University Sharks,2021,Justin Sliwoski,sliwoski j,1,false,,,espn-pbp/ep-20260920-230959
2347,Louisiana Christian University Wildcats,2021,Jr. James Powell,powell j,1,true,11,-10.0564,espn-pbp/ep-20260920-230959
309,Louisiana Ragin' Cajuns,2021,Levi Lewis,lewis l,13,true,315,62.4263,espn-pbp/ep-20260920-230959
2348,Louisiana Tech Bulldogs,2021,Austin Kendall,kendall a,6,true,190,31.3952,espn-pbp/ep-20260920-230959
2348,Louisiana Tech Bulldogs,2021,JD Head,head j,2,false,80,4.2641,espn-pbp/ep-20260920-230959
2348,Louisiana Tech Bulldogs,2021,Aaron Allen,allen a,2,false,47,30.5279,espn-pbp/ep-20260920-230959
2348,Louisiana Tech Bulldogs,2021,Frank Harris,harris f,1,false,,,espn-pbp/ep-20260920-230959
97,Louisville Cardinals,2021,Malik Cunningham,cunningham m,13,true,343,69.6295,espn-pbp/ep-20260920-230959
311,Maine Black Bears,2021,Derek Robertson,robertson d,6,false,177,4.8605,espn-pbp/ep-20260920-230959
311,Maine Black Bears,2021,Joe Fagnano,fagnano j,3,true,69,17.5070,espn-pbp/ep-20260920-230959
2368,Marist Red Foxes,2021,Austin Day,day a,7,false,167,39.1695,espn-pbp/ep-20260920-230959
2368,Marist Red Foxes,2021,Brock Bagozzi,bagozzi b,1,false,46,2.3370,espn-pbp/ep-20260920-230959
2368,Marist Red Foxes,2021,Joe Green,green j,1,true,,,espn-pbp/ep-20260920-230959
276,Marshall Thundering Herd,2021,Grant Wells,wells g,9,true,294,53.2566,espn-pbp/ep-20260920-230959
276,Marshall Thundering Herd,2021,Max Bortenschlager,bortenschlager m,1,false,,,espn-pbp/ep-20260920-230959
276,Marshall Thundering Herd,2021,D.J. Mack Jr.,j. mack d,1,false,,,espn-pbp/ep-20260920-230959
276,Marshall Thundering Herd,2021,Bailey Zappe,zappe b,1,false,,,espn-pbp/ep-20260920-230959
2371,Mary Hardin-Baylor Crusaders,2021,Kyle King,king k,1,true,28,20.3866,espn-pbp/ep-20260920-230959
120,Maryland Terrapins,2021,Taulia Tagovailoa,tagovailoa t,13,true,336,61.4493,espn-pbp/ep-20260920-230959
113,Massachusetts Minutemen,2021,Brady Olson,olson b,8,true,226,-37.5246,espn-pbp/ep-20260920-230959
113,Massachusetts Minutemen,2021,Garrett Dzuro,dzuro g,2,false,47,-14.3527,espn-pbp/ep-20260920-230959
113,Massachusetts Minutemen,2021,Tyler Lytle,lytle t,1,false,31,10.4860,espn-pbp/ep-20260920-230959
2377,McNeese Cowboys,2021,Cody Orgeron,orgeron c,10,true,200,23.7996,espn-pbp/ep-20260920-230959
235,Memphis Tigers,2021,Seth Henigan,henigan s,11,true,375,97.2122,espn-pbp/ep-20260920-230959
235,Memphis Tigers,2021,Peter Parrish,parrish p,1,false,49,-14.8857,espn-pbp/ep-20260920-230959
2382,Mercer Bears,2021,Fred Payton,payton f,9,true,189,42.1019,espn-pbp/ep-20260920-230959
2771,Merrimack Warriors,2021,Westin Elliott,elliott w,7,true,250,12.3176,espn-pbp/ep-20260920-230959
193,Miami (OH) RedHawks,2021,Brett Gabbert,gabbert b,8,false,212,35.2166,espn-pbp/ep-20260920-230959
193,Miami (OH) RedHawks,2021,AJ Mayer,mayer a,3,true,100,5.5233,espn-pbp/ep-20260920-230959
2390,Miami Hurricanes,2021,Tyler Van Dyke,van dyke t,8,false,321,70.7485,espn-pbp/ep-20260920-230959
2390,Miami Hurricanes,2021,D'Eriq King,king d,3,true,129,16.9038,espn-pbp/ep-20260920-230959
127,Michigan State Spartans,2021,Payton Thorne,thorne p,13,true,395,78.0653,espn-pbp/ep-20260920-230959
130,Michigan Wolverines,2021,Cade McNamara,mcnamara c,14,true,330,55.0068,espn-pbp/ep-20260920-230959
130,Michigan Wolverines,2021,J.J. McCarthy,j. mccarthy j,0,false,57,4.8928,espn-pbp/ep-20260920-230959
2393,Middle Tennessee Blue Raiders,2021,Chase Cunningham,cunningham c,4,false,158,31.2352,espn-pbp/ep-20260920-230959
2393,Middle Tennessee Blue Raiders,2021,Nick Vattiato,vattiato n,2,false,96,-9.8359,espn-pbp/ep-20260920-230959
2393,Middle Tennessee Blue Raiders,2021,Bailey Hockman,hockman b,1,true,14,-7.1519,espn-pbp/ep-20260920-230959
2393,Middle Tennessee Blue Raiders,2021,Jake Lange,lange j,1,false,,,espn-pbp/ep-20260920-230959
2393,Middle Tennessee Blue Raiders,2021,N'Kosi Perry,perry n,1,false,,,espn-pbp/ep-20260920-230959
2395,Midwestern State Mustangs,2021,Dillon Sterling-Cole,sterling-cole d,1,true,43,-9.1192,espn-pbp/ep-20260920-230959
135,Minnesota Golden Gophers,2021,Tanner Morgan,morgan t,13,true,261,57.5693,espn-pbp/ep-20260920-230959
344,Mississippi State Bulldogs,2021,Will Rogers,rogers w,13,true,701,143.1217,espn-pbp/ep-20260920-230959
2400,Mississippi Valley State Delta Devils,2021,Jalani Eason,eason j,4,false,63,-8.4228,espn-pbp/ep-20260920-230959
2400,Mississippi Valley State Delta Devils,2021,Conor Regan,regan c,2,true,62,-17.9578,espn-pbp/ep-20260920-230959
2623,Missouri State Bears,2021,Jason Shelley,shelley j,11,true,291,84.3761,espn-pbp/ep-20260920-230959
142,Missouri Tigers,2021,Connor Bazelak,bazelak c,10,true,324,31.6570,espn-pbp/ep-20260920-230959
142,Missouri Tigers,2021,Brady Cook,cook b,1,false,58,17.4931,espn-pbp/ep-20260920-230959
142,Missouri Tigers,2021,Tyler Macon,macon t,1,false,18,-1.0853,espn-pbp/ep-20260920-230959
2405,Monmouth Hawks,2021,Tony Muskett,muskett t,7,false,270,71.9316,espn-pbp/ep-20260920-230959
2405,Monmouth Hawks,2021,Tim DeMorat,demorat t,1,true,,,espn-pbp/ep-20260920-230959
149,Montana Grizzlies,2021,Camron Humphrey,humphrey c,8,true,163,27.9508,espn-pbp/ep-20260920-230959
149,Montana Grizzlies,2021,Kris Brown,brown k,3,false,104,15.4796,espn-pbp/ep-20260920-230959
149,Montana Grizzlies,2021,Gevani McCoy,mccoy g,1,false,,,espn-pbp/ep-20260920-230959
147,Montana State Bobcats,2021,Matthew McKay,mckay m,9,false,215,65.7809,espn-pbp/ep-20260920-230959
147,Montana State Bobcats,2021,Tommy Mellott,mellott t,4,false,55,17.9370,espn-pbp/ep-20260920-230959
147,Montana State Bobcats,2021,Bronson Barron,barron b,1,false,,,espn-pbp/ep-20260920-230959
147,Montana State Bobcats,2021,Sean Chambers,chambers s,1,true,,,espn-pbp/ep-20260920-230959
2413,Morehead State Eagles,2021,Mark Pappas,pappas m,11,true,454,41.9274,espn-pbp/ep-20260920-230959
2415,Morgan State Bears,2021,Neil Boudreau,boudreau n,7,true,160,-19.1094,espn-pbp/ep-20260920-230959
93,Murray State Racers,2021,DJ Williams,williams d,5,false,116,6.1108,espn-pbp/ep-20260920-230959
93,Murray State Racers,2021,Preston Rice,rice p,3,true,83,-12.2178,espn-pbp/ep-20260920-230959
93,Murray State Racers,2021,Matt McDonald,mcdonald m,1,false,,,espn-pbp/ep-20260920-230959
152,NC State Wolfpack,2021,Devin Leary,leary d,11,true,445,88.3516,espn-pbp/ep-20260920-230959
152,NC State Wolfpack,2021,Garrett Shrader,shrader g,1,false,,,espn-pbp/ep-20260920-230959
2426,Navy Midshipmen,2021,Tai Lavatai,lavatai t,9,true,60,6.5010,espn-pbp/ep-20260920-230959
2426,Navy Midshipmen,2021,Xavier Arline,arline x,3,false,19,0.6850,espn-pbp/ep-20260920-230959
158,Nebraska Cornhuskers,2021,Adrian Martinez,martinez a,10,true,285,65.7297,espn-pbp/ep-20260920-230959
158,Nebraska Cornhuskers,2021,Logan Smothers,smothers l,1,false,27,13.4679,espn-pbp/ep-20260920-230959
158,Nebraska Cornhuskers,2021,Tim DeMorat,demorat t,1,false,,,espn-pbp/ep-20260920-230959
2440,Nevada Wolf Pack,2021,Carson Strong,strong c,12,true,433,129.3733,espn-pbp/ep-20260920-230959
2440,Nevada Wolf Pack,2021,Nate Cox,cox n,1,false,43,0.5994,espn-pbp/ep-20260920-230959
160,New Hampshire Wildcats,2021,Bret Edwards,edwards b,8,true,175,6.5017,espn-pbp/ep-20260920-230959
160,New Hampshire Wildcats,2021,"Herion,Tommy",herion t,1,false,54,-14.9106,espn-pbp/ep-20260920-230959
160,New Hampshire Wildcats,2021,Brody McAndrew,mcandrew b,1,false,24,-12.4452,espn-pbp/ep-20260920-230959
160,New Hampshire Wildcats,2021,Chris Ferguson,ferguson c,1,false,,,espn-pbp/ep-20260920-230959
2424,New Mexico Highlands Cowboys,2021,RAMONE ATKINS,atkins r,1,true,45,7.0070,espn-pbp/ep-20260920-230959
167,New Mexico Lobos,2021,Terry Wilson,wilson t,5,true,143,-32.3907,espn-pbp/ep-20260920-230959
167,New Mexico Lobos,2021,CJ Montes,montes c,2,false,35,-29.2945,espn-pbp/ep-20260920-230959
167,New Mexico Lobos,2021,Isaiah Chavez,chavez i,2,false,23,-3.9038,espn-pbp/ep-20260920-230959
167,New Mexico Lobos,2021,Bryson Carroll,carroll b,1,false,9,-0.5409,espn-pbp/ep-20260920-230959
167,New Mexico Lobos,2021,Hank Bachmeier,bachmeier h,1,false,,,espn-pbp/ep-20260920-230959
166,New Mexico State Aggies,2021,Jonah Johnson,johnson j,10,true,404,25.7475,espn-pbp/ep-20260920-230959
166,New Mexico State Aggies,2021,Dino Maldonado,maldonado d,1,false,35,-9.3170,espn-pbp/ep-20260920-230959
2447,Nicholls Colonels,2021,Lindsey Scott Jr.,scott l,9,true,249,48.7487,espn-pbp/ep-20260920-230959
2447,Nicholls Colonels,2021,Kohen Granier,granier k,2,false,84,13.2723,espn-pbp/ep-20260920-230959
2450,Norfolk State Spartans,2021,Juwan Carter,carter j,9,true,190,73.7751,espn-pbp/ep-20260920-230959
2453,North Alabama Lions,2021,Rett Files,files r,4,false,148,16.1254,espn-pbp/ep-20260920-230959
2453,North Alabama Lions,2021,Blake Dever,dever b,4,false,100,57.0921,espn-pbp/ep-20260920-230959
2453,North Alabama Lions,2021,Jaylen Gipson,gipson j,1,true,40,3.3343,espn-pbp/ep-20260920-230959
2448,North Carolina A&T Aggies,2021,Jalen Fowler,fowler j,4,true,115,-2.4752,espn-pbp/ep-20260920-230959
2448,North Carolina A&T Aggies,2021,Kingsley Ifedi,ifedi k,1,false,19,-0.9777,espn-pbp/ep-20260920-230959
2428,North Carolina Central Eagles,2021,Davius Richard,richard d,4,true,98,16.4616,espn-pbp/ep-20260920-230959
2428,North Carolina Central Eagles,2021,Corey Fields Jr.,fields c,1,false,,,espn-pbp/ep-20260920-230959
2428,North Carolina Central Eagles,2021,Cameron Lewis,lewis c,1,false,,,espn-pbp/ep-20260920-230959
2428,North Carolina Central Eagles,2021,Jared Lewis,lewis j,1,false,,,espn-pbp/ep-20260920-230959
153,North Carolina Tar Heels,2021,Sam Howell,howell s,12,true,355,93.0695,espn-pbp/ep-20260920-230959
153,North Carolina Tar Heels,2021,Jacolby Criswell,criswell j,1,false,21,5.4942,espn-pbp/ep-20260920-230959
3071,North Central College Cardinals,2021,Luke Lehnen,lehnen l,1,true,26,-0.3150,espn-pbp/ep-20260920-230959
155,North Dakota Fighting Hawks,2021,Tommy Schuster,schuster t,10,true,307,42.4109,espn-pbp/ep-20260920-230959
2449,North Dakota State Bison,2021,Cam Miller,miller c,8,false,124,34.8703,espn-pbp/ep-20260920-230959
2449,North Dakota State Bison,2021,Quincy Patterson,patterson q,7,true,102,-2.7085,espn-pbp/ep-20260920-230959
2822,North Greenville Crusaders,2021,Kaelan Riley,riley k,1,true,34,-1.9970,espn-pbp/ep-20260920-230959
249,North Texas Mean Green,2021,Austin Aune,aune a,8,false,215,-13.1529,espn-pbp/ep-20260920-230959
249,North Texas Mean Green,2021,Jace Ruder,ruder j,3,true,100,-8.1777,espn-pbp/ep-20260920-230959
249,North Texas Mean Green,2021,Max Bortenschlager,bortenschlager m,1,false,,,espn-pbp/ep-20260920-230959
2464,Northern Arizona Lumberjacks,2021,RJ Martinez,martinez r,5,false,108,5.5599,espn-pbp/ep-20260920-230959
2464,Northern Arizona Lumberjacks,2021,Jeff Widener,widener j,2,true,49,-10.4240,espn-pbp/ep-20260920-230959
2464,Northern Arizona Lumberjacks,2021,Niko Haen,haen n,1,false,36,-2.1479,espn-pbp/ep-20260920-230959
2464,Northern Arizona Lumberjacks,2021,Mike Beaudry,beaudry m,1,false,,,espn-pbp/ep-20260920-230959
2458,Northern Colorado Bears,2021,Dylan McCaffrey,mccaffrey d,7,true,180,-52.1256,espn-pbp/ep-20260920-230959
2458,Northern Colorado Bears,2021,Conner Martin,martin c,1,false,6,-0.5223,espn-pbp/ep-20260920-230959
2458,Northern Colorado Bears,2021,Bronson Barron,barron b,1,false,,,espn-pbp/ep-20260920-230959
2458,Northern Colorado Bears,2021,Blaise Bentsen,bentsen b,1,false,,,espn-pbp/ep-20260920-230959
2458,Northern Colorado Bears,2021,Justin Miller,miller j,1,false,,,espn-pbp/ep-20260920-230959
2459,Northern Illinois Huskies,2021,Rocky Lombardi,lombardi r,12,true,270,34.2084,espn-pbp/ep-20260920-230959
2459,Northern Illinois Huskies,2021,Ethan Hampton,hampton e,1,false,10,-6.8417,espn-pbp/ep-20260920-230959
2460,Northern Iowa Panthers,2021,Theo Day,day t,6,false,179,5.5805,espn-pbp/ep-20260920-230959
2460,Northern Iowa Panthers,2021,Will McElvain,mcelvain w,2,true,42,-13.8359,espn-pbp/ep-20260920-230959
2460,Northern Iowa Panthers,2021,Nic Baker,baker n,1,false,,,espn-pbp/ep-20260920-230959
2460,Northern Iowa Panthers,2021,Demeatric Crenshaw,crenshaw d,1,false,,,espn-pbp/ep-20260920-230959
2466,Northwestern State Demons,2021,Kaleb Fletcher,fletcher k,6,true,203,-7.2819,espn-pbp/ep-20260920-230959
2466,Northwestern State Demons,2021,Zachary Clement,clement z,4,false,125,-14.5887,espn-pbp/ep-20260920-230959
77,Northwestern Wildcats,2021,Ryan Hilinski,hilinski r,6,false,163,-35.6177,espn-pbp/ep-20260920-230959
77,Northwestern Wildcats,2021,Andrew Marty,marty a,3,false,109,-9.8753,espn-pbp/ep-20260920-230959
77,Northwestern Wildcats,2021,Hunter Johnson,johnson h,3,true,75,-6.5628,espn-pbp/ep-20260920-230959
87,Notre Dame Fighting Irish,2021,Jack Coan,coan j,13,true,384,102.2813,espn-pbp/ep-20260920-230959
195,Ohio Bobcats,2021,Kurtis Rourke,rourke k,7,true,205,5.4252,espn-pbp/ep-20260920-230959
195,Ohio Bobcats,2021,Armani Rogers,rogers a,3,false,35,9.4969,espn-pbp/ep-20260920-230959
195,Ohio Bobcats,2021,DJ Irons,irons d,1,false,,,espn-pbp/ep-20260920-230959
194,Ohio State Buckeyes,2021,C.J. Stroud,j. stroud c,12,true,428,203.2138,espn-pbp/ep-20260920-230959
194,Ohio State Buckeyes,2021,Kyle McCord,mccord k,1,false,39,8.3104,espn-pbp/ep-20260920-230959
201,Oklahoma Sooners,2021,Spencer Rattler,rattler s,6,true,180,69.2792,espn-pbp/ep-20260920-230959
201,Oklahoma Sooners,2021,Caleb Williams,williams c,6,false,177,85.6149,espn-pbp/ep-20260920-230959
201,Oklahoma Sooners,2021,Brock Purdy,purdy b,1,false,,,espn-pbp/ep-20260920-230959
197,Oklahoma State Cowboys,2021,Spencer Sanders,sanders s,12,false,371,48.8160,espn-pbp/ep-20260920-230959
197,Oklahoma State Cowboys,2021,Shane Illingworth,illingworth s,1,true,51,5.6179,espn-pbp/ep-20260920-230959
295,Old Dominion Monarchs,2021,Hayden Wolff,wolff h,6,false,143,3.5288,espn-pbp/ep-20260920-230959
295,Old Dominion Monarchs,2021,D.J. Mack Jr.,j. mack d,3,true,116,1.5944,espn-pbp/ep-20260920-230959
295,Old Dominion Monarchs,2021,Gavin Hardison,hardison g,1,false,,,espn-pbp/ep-20260920-230959
295,Old Dominion Monarchs,2021,Grant Wells,wells g,1,false,,,espn-pbp/ep-20260920-230959
145,Ole Miss Rebels,2021,Matt Corral,corral m,13,true,393,112.5325,espn-pbp/ep-20260920-230959
2483,Oregon Ducks,2021,Anthony Brown,brown a,14,true,389,59.6886,espn-pbp/ep-20260920-230959
204,Oregon State Beavers,2021,Chance Nolan,nolan c,12,false,284,80.2180,espn-pbp/ep-20260920-230959
204,Oregon State Beavers,2021,Sam Noyer,noyer s,1,true,27,-9.2081,espn-pbp/ep-20260920-230959
213,Penn State Nittany Lions,2021,Sean Clifford,clifford s,13,true,349,60.9092,espn-pbp/ep-20260920-230959
219,Pennsylvania Quakers,2021,Aidan Sayin,sayin a,4,false,128,-8.6934,espn-pbp/ep-20260920-230959
219,Pennsylvania Quakers,2021,John Quinnelly,quinnelly j,3,false,93,-14.3568,espn-pbp/ep-20260920-230959
219,Pennsylvania Quakers,2021,Tyler Beverett,beverett t,1,true,,,espn-pbp/ep-20260920-230959
221,Pittsburgh Panthers,2021,Kenny Pickett,pickett k,12,true,455,113.5974,espn-pbp/ep-20260920-230959
221,Pittsburgh Panthers,2021,Nick Patti,patti n,1,false,14,3.4658,espn-pbp/ep-20260920-230959
2932,Point University Skyhawks,2021,Brenton White,white b,1,true,15,-7.8024,espn-pbp/ep-20260920-230959
2502,Portland State Vikings,2021,Davis Alexander,alexander d,7,true,270,-15.2630,espn-pbp/ep-20260920-230959
2502,Portland State Vikings,2021,Bronson Barron,barron b,1,false,,,espn-pbp/ep-20260920-230959
2504,Prairie View A&M Panthers,2021,Jawon Pass,pass j,7,true,148,11.1446,espn-pbp/ep-20260920-230959
2504,Prairie View A&M Panthers,2021,Glendon McDaniel,mcdaniel g,1,false,,,espn-pbp/ep-20260920-230959
2506,Presbyterian Blue Hose,2021,Ren Hefley,hefley r,8,true,415,-42.7490,espn-pbp/ep-20260920-230959
163,Princeton Tigers,2021,Cole Smith,smith c,4,true,190,55.0004,espn-pbp/ep-20260920-230959
163,Princeton Tigers,2021,Derek Kyler,kyler d,1,false,,,espn-pbp/ep-20260920-230959
163,Princeton Tigers,2021,EJ Perry,perry e,1,false,,,espn-pbp/ep-20260920-230959
163,Princeton Tigers,2021,Jake Smith,smith j,1,false,,,espn-pbp/ep-20260920-230959
2509,Purdue Boilermakers,2021,Aidan O'Connell,o'connell a,9,false,444,148.7050,espn-pbp/ep-20260920-230959
2509,Purdue Boilermakers,2021,Jack Plummer,plummer j,4,true,138,25.5093,espn-pbp/ep-20260920-230959
227,Rhode Island Rams,2021,Kasim Hill,hill k,8,false,217,7.7100,espn-pbp/ep-20260920-230959
227,Rhode Island Rams,2021,EJ Perry,perry e,1,false,,,espn-pbp/ep-20260920-230959
227,Rhode Island Rams,2021,Jeff Undercuffler,undercuffler j,1,true,,,espn-pbp/ep-20260920-230959
242,Rice Owls,2021,Jake Constantine,constantine j,5,false,157,33.4611,espn-pbp/ep-20260920-230959
242,Rice Owls,2021,Luke McCaffrey,mccaffrey l,3,true,16,-10.5801,espn-pbp/ep-20260920-230959
242,Rice Owls,2021,Wiley Green,green w,2,false,22,22.0211,espn-pbp/ep-20260920-230959
257,Richmond Spiders,2021,Joe Mancuso,mancuso j,8,true,201,2.4426,espn-pbp/ep-20260920-230959
257,Richmond Spiders,2021,Beau English,english b,2,false,85,-17.7758,espn-pbp/ep-20260920-230959
257,Richmond Spiders,2021,Jackson Hardy,hardy j,1,false,10,3.1166,espn-pbp/ep-20260920-230959
2523,Robert Morris Colonials,2021,George Martin,martin g,8,false,285,68.1159,espn-pbp/ep-20260920-230959
2523,Robert Morris Colonials,2021,Jacob Sirmon,sirmon j,1,true,,,espn-pbp/ep-20260920-230959
164,Rutgers Scarlet Knights,2021,Noah Vedral,vedral n,13,true,306,-27.1932,espn-pbp/ep-20260920-230959
2545,SE Louisiana Lions,2021,Cole Kelley,kelley c,11,true,451,226.4355,espn-pbp/ep-20260920-230959
2567,SMU Mustangs,2021,Tanner Mordecai,mordecai t,12,true,457,85.9861,espn-pbp/ep-20260920-230959
16,Sacramento State Hornets,2021,Jake Dunniway,dunniway j,8,false,220,83.5682,espn-pbp/ep-20260920-230959
16,Sacramento State Hornets,2021,Asher O'Hara,o'hara a,2,true,128,1.1266,espn-pbp/ep-20260920-230959
2529,Sacred Heart Pioneers,2021,Marquez McCray,mccray m,2,true,49,9.9552,espn-pbp/ep-20260920-230959
2529,Sacred Heart Pioneers,2021,Justin Sliwoski,sliwoski j,1,false,10,-0.9169,espn-pbp/ep-20260920-230959
2529,Sacred Heart Pioneers,2021,Derek Kyler,kyler d,1,false,,,espn-pbp/ep-20260920-230959
2529,Sacred Heart Pioneers,2021,Darius Perrantes,perrantes d,1,false,,,espn-pbp/ep-20260920-230959
2529,Sacred Heart Pioneers,2021,Quinton Williams,williams q,1,false,,,espn-pbp/ep-20260920-230959
2598,Saint Francis Red Flash,2021,Justin Sliwoski,sliwoski j,3,false,71,24.2886,espn-pbp/ep-20260920-230959
2598,Saint Francis Red Flash,2021,Marquez McCray,mccray m,1,false,15,10.8348,espn-pbp/ep-20260920-230959
2598,Saint Francis Red Flash,2021,Jaalon Frazier,frazier j,1,true,,,espn-pbp/ep-20260920-230959
2598,Saint Francis Red Flash,2021,Evan Nelson,nelson e,1,false,,,espn-pbp/ep-20260920-230959
2598,Saint Francis Red Flash,2021,Camden Orth,orth c,1,false,,,espn-pbp/ep-20260920-230959
2534,Sam Houston Bearkats,2021,Eric Schmid,schmid e,10,true,344,64.2352,espn-pbp/ep-20260920-230959
2534,Sam Houston Bearkats,2021,Keegan Shoemaker,shoemaker k,1,false,47,2.6517,espn-pbp/ep-20260920-230959
2535,Samford Bulldogs,2021,Liam Welch,welch l,10,true,370,20.3050,espn-pbp/ep-20260920-230959
21,San Diego State Aztecs,2021,Lucas Johnson,johnson l,9,false,171,27.1719,espn-pbp/ep-20260920-230959
21,San Diego State Aztecs,2021,Jordon Brookshire,brookshire j,3,true,84,8.6420,espn-pbp/ep-20260920-230959
21,San Diego State Aztecs,2021,Nick Nash,nash n,1,false,,,espn-pbp/ep-20260920-230959
301,San Diego Toreros,2021,Mason Randall,randall m,9,true,295,39.8180,espn-pbp/ep-20260920-230959
301,San Diego Toreros,2021,Judd Erickson,erickson j,1,false,43,0.7219,espn-pbp/ep-20260920-230959
23,San José State Spartans,2021,Nick Nash,nash n,5,false,102,17.2536,espn-pbp/ep-20260920-230959
23,San José State Spartans,2021,Nick Starkel,starkel n,4,true,179,-13.1995,espn-pbp/ep-20260920-230959
23,San José State Spartans,2021,Jordon Brookshire,brookshire j,1,false,,,espn-pbp/ep-20260920-230959
2829,Simon Fraser Red Leafs,2021,Brandon Niksich,niksich b,1,true,20,-1.9213,espn-pbp/ep-20260920-230959
6,South Alabama Jaguars,2021,Jake Bentley,bentley j,6,true,180,54.2604,espn-pbp/ep-20260920-230959
6,South Alabama Jaguars,2021,Desmond Trotter,trotter d,3,false,70,-12.7428,espn-pbp/ep-20260920-230959
2579,South Carolina Gamecocks,2021,Luke Doty,doty l,5,false,144,-4.9236,espn-pbp/ep-20260920-230959
2579,South Carolina Gamecocks,2021,Jason Brown,brown j,4,false,107,-0.6434,espn-pbp/ep-20260920-230959
2579,South Carolina Gamecocks,2021,Zeb Noland,noland z,3,true,95,-3.5968,espn-pbp/ep-20260920-230959
2579,South Carolina Gamecocks,2021,Dakereon Joyner,joyner d,1,false,10,7.7135,espn-pbp/ep-20260920-230959
2569,South Carolina State Bulldogs,2021,Corey Fields Jr.,fields c,6,true,148,-2.0833,espn-pbp/ep-20260920-230959
2569,South Carolina State Bulldogs,2021,Davius Richard,richard d,1,false,,,espn-pbp/ep-20260920-230959
233,South Dakota Coyotes,2021,Carson Camp,camp c,10,true,255,39.1408,espn-pbp/ep-20260920-230959
2571,South Dakota State Jackrabbits,2021,Chris Oladokun,oladokun c,12,true,291,87.7557,espn-pbp/ep-20260920-230959
58,South Florida Bulls,2021,Timmy McClain,mcclain t,9,false,269,21.5311,espn-pbp/ep-20260920-230959
58,South Florida Bulls,2021,Cade Fortin,fortin c,2,true,49,-18.1121,espn-pbp/ep-20260920-230959
58,South Florida Bulls,2021,Katravis Marsh,marsh k,1,false,44,-10.6885,espn-pbp/ep-20260920-230959
2546,Southeast Missouri State Redhawks,2021,CJ Ogbonna,ogbonna c,11,true,220,1.5530,espn-pbp/ep-20260920-230959
2583,Southern Connecticut State Owls,2021,Jackson Ostrowsky,ostrowsky j,1,true,30,-12.7426,espn-pbp/ep-20260920-230959
79,Southern Illinois Salukis,2021,Nic Baker,baker n,11,true,350,77.3954,espn-pbp/ep-20260920-230959
79,Southern Illinois Salukis,2021,Theo Day,day t,1,false,,,espn-pbp/ep-20260920-230959
2582,Southern Jaguars,2021,Glendon McDaniel,mcdaniel g,2,false,85,13.4966,espn-pbp/ep-20260920-230959
2582,Southern Jaguars,2021,Ladarius Skelton,skelton l,2,true,15,-0.3967,espn-pbp/ep-20260920-230959
2582,Southern Jaguars,2021,Rasean McKay,mckay r,1,false,,,espn-pbp/ep-20260920-230959
2582,Southern Jaguars,2021,Jawon Pass,pass j,1,false,,,espn-pbp/ep-20260920-230959
2572,Southern Miss Golden Eagles,2021,Jake Lange,lange j,3,false,106,5.3681,espn-pbp/ep-20260920-230959
2572,Southern Miss Golden Eagles,2021,Ty Keyes,keyes t,3,false,70,3.9969,espn-pbp/ep-20260920-230959
2572,Southern Miss Golden Eagles,2021,Frank Gore Jr.,gore f,2,false,8,7.3404,espn-pbp/ep-20260920-230959
2572,Southern Miss Golden Eagles,2021,Trey Lowe Iii,lowe t,1,true,12,0.2415,espn-pbp/ep-20260920-230959
2572,Southern Miss Golden Eagles,2021,Chase Cunningham,cunningham c,1,false,,,espn-pbp/ep-20260920-230959
253,Southern Utah Thunderbirds,2021,Justin Miller,miller j,7,true,253,24.1825,espn-pbp/ep-20260920-230959
253,Southern Utah Thunderbirds,2021,Mike Beaudry,beaudry m,1,false,,,espn-pbp/ep-20260920-230959
253,Southern Utah Thunderbirds,2021,Dylan McCaffrey,mccaffrey d,1,false,,,espn-pbp/ep-20260920-230959
2900,St. Thomas-Minnesota Tommies,2021,Cade Sexauer,sexauer c,3,true,40,-18.3995,espn-pbp/ep-20260920-230959
2900,St. Thomas-Minnesota Tommies,2021,Tommy Dolan,dolan t,0,false,57,-10.0424,espn-pbp/ep-20260920-230959
24,Stanford Cardinal,2021,Tanner McKee,mckee t,8,false,226,46.9594,espn-pbp/ep-20260920-230959
24,Stanford Cardinal,2021,Jack West,west j,2,true,31,-5.6915,espn-pbp/ep-20260920-230959
24,Stanford Cardinal,2021,Ari Patu,patu a,1,false,16,-5.6003,espn-pbp/ep-20260920-230959
2617,Stephen F. Austin Lumberjacks,2021,Trae Self,self t,11,true,277,58.0776,espn-pbp/ep-20260920-230959
56,Stetson Hatters,2021,Alex Piccirilli,piccirilli a,5,false,129,-26.9866,espn-pbp/ep-20260920-230959
56,Stetson Hatters,2021,Justin Agner,agner j,2,false,70,11.3577,espn-pbp/ep-20260920-230959
56,Stetson Hatters,2021,John Seter,seter j,1,true,85,3.6109,espn-pbp/ep-20260920-230959
2619,Stony Brook Seawolves,2021,Tyquell Fields,fields t,9,true,239,4.2011,espn-pbp/ep-20260920-230959
2619,Stony Brook Seawolves,2021,Tim DeMorat,demorat t,1,false,,,espn-pbp/ep-20260920-230959
183,Syracuse Orange,2021,Garrett Shrader,shrader g,8,false,220,5.3921,espn-pbp/ep-20260920-230959
183,Syracuse Orange,2021,Tommy DeVito,devito t,2,true,33,0.4806,espn-pbp/ep-20260920-230959
183,Syracuse Orange,2021,Devin Leary,leary d,1,false,,,espn-pbp/ep-20260920-230959
2628,TCU Horned Frogs,2021,Max Duggan,duggan m,8,true,203,48.7088,espn-pbp/ep-20260920-230959
2628,TCU Horned Frogs,2021,Chandler Morris,morris c,1,false,54,34.7953,espn-pbp/ep-20260920-230959
2628,TCU Horned Frogs,2021,Skylar Thompson,thompson s,1,false,,,espn-pbp/ep-20260920-230959
2627,Tarleton State Texans,2021,Steven Duncan,duncan s,11,true,304,31.1516,espn-pbp/ep-20260920-230959
218,Temple Owls,2021,D'Wan Mathis,mathis d,7,true,199,-7.6473,espn-pbp/ep-20260920-230959
218,Temple Owls,2021,Justin Lynch,lynch j,4,false,156,-46.4425,espn-pbp/ep-20260920-230959
218,Temple Owls,2021,Kato Nelson,nelson k,1,false,,,espn-pbp/ep-20260920-230959
2634,Tennessee State Tigers,2021,Geremy Hickbottom,hickbottom g,6,true,107,0.2146,espn-pbp/ep-20260920-230959
2634,Tennessee State Tigers,2021,Chayil Garnett,garnett c,1,false,17,-6.4997,espn-pbp/ep-20260920-230959
2635,Tennessee Tech Golden Eagles,2021,Willie Miller,miller w,6,true,75,-16.6041,espn-pbp/ep-20260920-230959
2635,Tennessee Tech Golden Eagles,2021,Davis Shanley,shanley d,2,false,101,-22.5519,espn-pbp/ep-20260920-230959
2635,Tennessee Tech Golden Eagles,2021,Drew Martin,martin d,2,false,61,-2.6538,espn-pbp/ep-20260920-230959
2633,Tennessee Volunteers,2021,Hendon Hooker,hooker h,11,false,286,92.6612,espn-pbp/ep-20260920-230959
2633,Tennessee Volunteers,2021,Joe Milton III,milton j,2,true,59,3.7546,espn-pbp/ep-20260920-230959
245,Texas A&M Aggies,2021,Zach Calzada,calzada z,11,false,329,-3.3989,espn-pbp/ep-20260920-230959
245,Texas A&M Aggies,2021,Haynes King,king h,1,true,35,8.2296,espn-pbp/ep-20260920-230959
251,Texas Longhorns,2021,Casey Thompson,thompson c,9,false,201,22.1532,espn-pbp/ep-20260920-230959
251,Texas Longhorns,2021,Hudson Card,card h,2,true,72,11.9892,espn-pbp/ep-20260920-230959
2640,Texas Southern Tigers,2021,Andrew Body,body a,5,false,158,27.1988,espn-pbp/ep-20260920-230959
2640,Texas Southern Tigers,2021,Jalen Brown,brown j,2,true,60,8.3680,espn-pbp/ep-20260920-230959
2640,Texas Southern Tigers,2021,Joe Owens Jr.,owens j,1,false,,,espn-pbp/ep-20260920-230959
326,Texas State Bobcats,2021,Brady McBride,mcbride b,6,true,187,39.9442,espn-pbp/ep-20260920-230959
326,Texas State Bobcats,2021,Tyler Vitt,vitt t,4,false,132,-13.7703,espn-pbp/ep-20260920-230959
326,Texas State Bobcats,2021,Layne Hatcher,hatcher l,1,false,,,espn-pbp/ep-20260920-230959
2641,Texas Tech Red Raiders,2021,Henry Colombi,colombi h,5,false,151,29.4233,espn-pbp/ep-20260920-230959
2641,Texas Tech Red Raiders,2021,Donovan Smith,smith d,4,false,105,13.3641,espn-pbp/ep-20260920-230959
2641,Texas Tech Red Raiders,2021,Tyler Shough,shough t,3,true,74,34.1154,espn-pbp/ep-20260920-230959
102626,Texas Wesleyan Rams,2021,Carson Rogers,rogers c,1,true,10,-2.3617,espn-pbp/ep-20260920-230959
2643,The Citadel Bulldogs,2021,Jaylan Adams,adams j,9,true,94,3.7234,espn-pbp/ep-20260920-230959
2649,Toledo Rockets,2021,Dequan Finn,finn d,7,false,230,40.2469,espn-pbp/ep-20260920-230959
2649,Toledo Rockets,2021,Carter Bradley,bradley c,6,true,106,-6.8518,espn-pbp/ep-20260920-230959
119,Towson Tigers,2021,Chris Ferguson,ferguson c,9,true,249,9.2809,espn-pbp/ep-20260920-230959
119,Towson Tigers,2021,Vincent Amendola,amendola v,1,false,35,-4.2310,espn-pbp/ep-20260920-230959
119,Towson Tigers,2021,Bret Edwards,edwards b,1,false,,,espn-pbp/ep-20260920-230959
2653,Troy Trojans,2021,Gunnar Watson,watson g,7,false,227,20.0259,espn-pbp/ep-20260920-230959
2653,Troy Trojans,2021,Taylor Powell,powell t,5,true,185,24.7276,espn-pbp/ep-20260920-230959
2655,Tulane Green Wave,2021,Michael Pratt,pratt m,10,true,292,41.5592,espn-pbp/ep-20260920-230959
2655,Tulane Green Wave,2021,Kai Horton,horton k,1,false,19,-9.4785,espn-pbp/ep-20260920-230959
202,Tulsa Golden Hurricane,2021,Davis Brin,brin d,11,true,346,77.8051,espn-pbp/ep-20260920-230959
2657,Tuskegee Golden Tigers,2021,Louis Williams,williams l,1,true,23,2.2461,espn-pbp/ep-20260920-230959
5,UAB Blazers,2021,Dylan Hopkins,hopkins d,10,false,255,69.9903,espn-pbp/ep-20260920-230959
5,UAB Blazers,2021,Tyler Johnston III,johnston t,3,true,51,-2.4536,espn-pbp/ep-20260920-230959
399,UAlbany Great Danes,2021,Jeff Undercuffler,undercuffler j,7,true,213,6.9990,espn-pbp/ep-20260920-230959
399,UAlbany Great Danes,2021,Joey Carino,carino j,2,false,71,21.0321,espn-pbp/ep-20260920-230959
399,UAlbany Great Danes,2021,Kasim Hill,hill k,1,false,,,espn-pbp/ep-20260920-230959
399,UAlbany Great Danes,2021,Daniel Smith,smith d,1,false,,,espn-pbp/ep-20260920-230959
302,UC Davis Aggies,2021,Miles Hastings,hastings m,5,false,188,-10.9208,espn-pbp/ep-20260920-230959
302,UC Davis Aggies,2021,Hunter Rodrigues,rodrigues h,3,true,88,19.6042,espn-pbp/ep-20260920-230959
302,UC Davis Aggies,2021,Kylan Weisser,weisser k,1,false,,,espn-pbp/ep-20260920-230959
2116,UCF Knights,2021,Mikey Keene,keene m,10,false,267,6.7199,espn-pbp/ep-20260920-230959
2116,UCF Knights,2021,Dillon Gabriel,gabriel d,3,true,99,17.8976,espn-pbp/ep-20260920-230959
26,UCLA Bruins,2021,Dorian Thompson-Robinson,thompson-robinson d,10,true,265,72.2401,espn-pbp/ep-20260920-230959
26,UCLA Bruins,2021,Ethan Garbers,garbers e,1,false,51,5.7089,espn-pbp/ep-20260920-230959
41,UConn Huskies,2021,Steven Krajewski,krajewski s,6,false,206,-49.0604,espn-pbp/ep-20260920-230959
41,UConn Huskies,2021,Tyler Phommachanh,phommachanh t,3,false,70,-9.8133,espn-pbp/ep-20260920-230959
41,UConn Huskies,2021,Jack Zergiotis,zergiotis j,3,true,70,-16.1030,espn-pbp/ep-20260920-230959
124110,UFTL Eagles,2021,Kyle Kaplan,kaplan k,1,true,,,espn-pbp/ep-20260920-230959
2433,UL Monroe Warhawks,2021,Chandler Rogers,rogers c,6,false,181,30.6819,espn-pbp/ep-20260920-230959
2433,UL Monroe Warhawks,2021,Rhett Rodriguez,rodriguez r,5,true,114,8.2046,espn-pbp/ep-20260920-230959
2439,UNLV Rebels,2021,Cameron Friel,friel c,6,false,189,11.4278,espn-pbp/ep-20260920-230959
2439,UNLV Rebels,2021,Doug Brumfield,brumfield d,2,true,28,2.5527,espn-pbp/ep-20260920-230959
2439,UNLV Rebels,2021,Justin Rogers,rogers j,1,false,50,10.3684,espn-pbp/ep-20260920-230959
30,USC Trojans,2021,Kedon Slovis,slovis k,7,true,268,52.1413,espn-pbp/ep-20260920-230959
30,USC Trojans,2021,Jaxson Dart,dart j,3,false,170,24.1837,espn-pbp/ep-20260920-230959
30,USC Trojans,2021,Chase Garbers,garbers c,1,false,32,16.8633,espn-pbp/ep-20260920-230959
2630,UT Martin Skyhawks,2021,Keon Howard,howard k,10,true,245,-4.8542,espn-pbp/ep-20260920-230959
2630,UT Martin Skyhawks,2021,Dresser Winn,winn d,2,false,92,-18.5665,espn-pbp/ep-20260920-230959
2630,UT Martin Skyhawks,2021,Stewart Howell,howell s,1,false,13,-3.0758,espn-pbp/ep-20260920-230959
110243,UT Permian Basin Falcons,2021,Clayton Roberts,roberts c,1,true,23,-5.8029,espn-pbp/ep-20260920-230959
2638,UTEP Miners,2021,Gavin Hardison,hardison g,12,true,225,41.1650,espn-pbp/ep-20260920-230959
2638,UTEP Miners,2021,D.J. Mack Jr.,j. mack d,1,false,,,espn-pbp/ep-20260920-230959
2636,UTSA Roadrunners,2021,Frank Harris,harris f,13,true,368,122.5030,espn-pbp/ep-20260920-230959
2636,UTSA Roadrunners,2021,Austin Kendall,kendall a,1,false,,,espn-pbp/ep-20260920-230959
2842,UVA Wise Cavaliers,2021,Lendon Redwine,redwine l,1,true,53,-15.3590,espn-pbp/ep-20260920-230959
328,Utah State Aggies,2021,Logan Bonner,bonner l,14,true,403,100.6975,espn-pbp/ep-20260920-230959
3101,Utah Tech Trailblazers,2021,Kobe Tracy,tracy k,5,false,242,31.1704,espn-pbp/ep-20260920-230959
3101,Utah Tech Trailblazers,2021,Kenyon Oblad,oblad k,4,false,168,-16.3509,espn-pbp/ep-20260920-230959
3101,Utah Tech Trailblazers,2021,Kody Wilstead,wilstead k,2,true,53,-15.1808,espn-pbp/ep-20260920-230959
254,Utah Utes,2021,Cameron Rising,rising c,11,false,293,82.6459,espn-pbp/ep-20260920-230959
254,Utah Utes,2021,Charlie Brewer,brewer c,3,true,55,-0.7930,espn-pbp/ep-20260920-230959
2678,VMI Keydets,2021,Seth Morgan,morgan s,8,true,339,36.1075,espn-pbp/ep-20260920-230959
2678,VMI Keydets,2021,Collin Ironside,ironside c,2,false,55,8.2540,espn-pbp/ep-20260920-230959
2678,VMI Keydets,2021,Richie Kenney,kenney r,1,false,,,espn-pbp/ep-20260920-230959
2673,Valdosta State Blazers,2021,Ivory Durham,durham i,1,true,35,-2.1132,espn-pbp/ep-20260920-230959
2674,Valparaiso Beacons,2021,Ben Nimz,nimz b,7,true,123,-0.1875,espn-pbp/ep-20260920-230959
2674,Valparaiso Beacons,2021,Teryn Berry,berry t,2,false,56,-16.1051,espn-pbp/ep-20260920-230959
238,Vanderbilt Commodores,2021,Ken Seals,seals k,6,true,116,-17.3379,espn-pbp/ep-20260920-230959
238,Vanderbilt Commodores,2021,Mike Wright,wright m,5,false,164,-5.5439,espn-pbp/ep-20260920-230959
222,Villanova Wildcats,2021,Daniel Smith,smith d,11,true,233,28.0012,espn-pbp/ep-20260920-230959
222,Villanova Wildcats,2021,Jeff Undercuffler,undercuffler j,1,false,,,espn-pbp/ep-20260920-230959
258,Virginia Cavaliers,2021,Brennan Armstrong,armstrong b,11,true,516,187.6876,espn-pbp/ep-20260920-230959
258,Virginia Cavaliers,2021,Jay Woolfolk,woolfolk j,1,false,43,1.6716,espn-pbp/ep-20260920-230959
2355,Virginia Lynchburg Dragons,2021,Darrius Sample,sample d,3,true,44,-15.8503,espn-pbp/ep-20260920-230959
259,Virginia Tech Hokies,2021,Braxton Burmeister,burmeister b,10,true,226,19.6747,espn-pbp/ep-20260920-230959
259,Virginia Tech Hokies,2021,Connor Blumrick,blumrick c,1,false,30,-7.7794,espn-pbp/ep-20260920-230959
259,Virginia Tech Hokies,2021,Knox Kadum,kadum k,1,false,21,-3.2519,espn-pbp/ep-20260920-230959
2676,Virginia Union Panthers,2021,Khalid Morris,morris k,1,true,28,1.8527,espn-pbp/ep-20260920-230959
2681,Wagner Seahawks,2021,Guenson Alexis,alexis g,5,false,76,-25.8557,espn-pbp/ep-20260920-230959
2681,Wagner Seahawks,2021,Jaalon Frazier,frazier j,2,false,52,13.4010,espn-pbp/ep-20260920-230959
2681,Wagner Seahawks,2021,Quincy Guy-Barnes,guy-barnes q,1,false,15,-6.6429,espn-pbp/ep-20260920-230959
2681,Wagner Seahawks,2021,Jyron Russell,russell j,1,false,,,espn-pbp/ep-20260920-230959
2681,Wagner Seahawks,2021,Kyle Vantrease,vantrease k,1,true,,,espn-pbp/ep-20260920-230959
154,Wake Forest Demon Deacons,2021,Sam Hartman,hartman s,13,true,493,172.7466,espn-pbp/ep-20260920-230959
264,Washington Huskies,2021,Dylan Morris,morris d,11,true,239,50.6787,espn-pbp/ep-20260920-230959
264,Washington Huskies,2021,Sam Huard,huard s,1,false,43,-4.6442,espn-pbp/ep-20260920-230959
265,Washington State Cougars,2021,Jayden de Laura,de laura j,11,false,349,34.4244,espn-pbp/ep-20260920-230959
265,Washington State Cougars,2021,Jarrett Guarantano,guarantano j,2,true,45,6.9456,espn-pbp/ep-20260920-230959
2692,Weber State Wildcats,2021,Bronson Barron,barron b,4,true,124,2.8996,espn-pbp/ep-20260920-230959
2692,Weber State Wildcats,2021,Kylan Weisser,weisser k,1,false,36,16.4340,espn-pbp/ep-20260920-230959
2692,Weber State Wildcats,2021,Davis Alexander,alexander d,1,false,,,espn-pbp/ep-20260920-230959
2692,Weber State Wildcats,2021,Cole Johnson,johnson c,1,false,,,espn-pbp/ep-20260920-230959
2692,Weber State Wildcats,2021,Alec Lewis,lewis a,1,false,,,espn-pbp/ep-20260920-230959
2692,Weber State Wildcats,2021,Matthew McKay,mckay m,1,false,,,espn-pbp/ep-20260920-230959
2692,Weber State Wildcats,2021,Hunter Rodrigues,rodrigues h,1,false,,,espn-pbp/ep-20260920-230959
110242,West Florida Argonauts,2021,Austin Reed,reed a,1,true,36,13.8037,espn-pbp/ep-20260920-230959
277,West Virginia Mountaineers,2021,Jarret Doege,doege j,13,true,414,76.3031,espn-pbp/ep-20260920-230959
455,West Virginia Wesleyan Bobcats,2021,Nathan Payne,payne n,1,true,22,-1.2246,espn-pbp/ep-20260920-230959
2717,Western Carolina Catamounts,2021,Rogan Wells,wells r,6,true,188,-2.9512,espn-pbp/ep-20260920-230959
2717,Western Carolina Catamounts,2021,Carlos Davis,davis c,2,false,109,26.6839,espn-pbp/ep-20260920-230959
2717,Western Carolina Catamounts,2021,Bryce Corriston,corriston b,1,false,,,espn-pbp/ep-20260920-230959
2710,Western Illinois Leathernecks,2021,Connor Sampson,sampson c,9,true,438,52.3688,espn-pbp/ep-20260920-230959
2710,Western Illinois Leathernecks,2021,Anthony Thompson,thompson a,1,false,,,espn-pbp/ep-20260920-230959
98,Western Kentucky Hilltoppers,2021,Bailey Zappe,zappe b,12,true,693,258.3047,espn-pbp/ep-20260920-230959
98,Western Kentucky Hilltoppers,2021,Grant Wells,wells g,1,false,,,espn-pbp/ep-20260920-230959
2711,Western Michigan Broncos,2021,Kaleb Eleby,eleby k,13,true,368,105.9782,espn-pbp/ep-20260920-230959
2848,Western Oregon Wolves,2021,Ryan Worthley,worthley r,1,true,38,4.1158,espn-pbp/ep-20260920-230959
2729,William & Mary Tribe,2021,Darius Wilson,wilson d,8,true,146,-1.0857,espn-pbp/ep-20260920-230959
2729,William & Mary Tribe,2021,Hollis Mathis,mathis h,1,false,33,-6.2764,espn-pbp/ep-20260920-230959
2729,William & Mary Tribe,2021,Aaron Angelos,angelos a,1,false,,,espn-pbp/ep-20260920-230959
2736,Winston-Salem Rams,2021,Walker Harris,harris w,1,true,,,espn-pbp/ep-20260920-230959
275,Wisconsin Badgers,2021,Graham Mertz,mertz g,13,true,264,40.6431,espn-pbp/ep-20260920-230959
2747,Wofford Terriers,2021,Peyton Derrick,derrick p,5,true,42,-2.1646,espn-pbp/ep-20260920-230959
2747,Wofford Terriers,2021,Jimmy Weirick,weirick j,1,false,21,2.5841,espn-pbp/ep-20260920-230959
2747,Wofford Terriers,2021,Bryce Corriston,corriston b,1,false,17,-5.2176,espn-pbp/ep-20260920-230959
2747,Wofford Terriers,2021,Cole Copeland,copeland c,1,false,,,espn-pbp/ep-20260920-230959
2747,Wofford Terriers,2021,Rogan Wells,wells r,1,false,,,espn-pbp/ep-20260920-230959
2751,Wyoming Cowboys,2021,Sean Chambers,chambers s,6,false,128,-4.3881,espn-pbp/ep-20260920-230959
2751,Wyoming Cowboys,2021,Levi Williams,williams l,6,false,114,-4.3031,espn-pbp/ep-20260920-230959
2751,Wyoming Cowboys,2021,Matthew McKay,mckay m,1,true,,,espn-pbp/ep-20260920-230959
43,Yale Bulldogs,2021,Nolan Grooms,grooms n,4,true,138,19.3800,espn-pbp/ep-20260920-230959
43,Yale Bulldogs,2021,Griffin O'Connor,o'connor g,4,false,84,3.7172,espn-pbp/ep-20260920-230959
43,Yale Bulldogs,2021,EJ Perry,perry e,1,false,,,espn-pbp/ep-20260920-230959
2754,Youngstown State Penguins,2021,Demeatric Crenshaw,crenshaw d,6,true,116,-7.9717,espn-pbp/ep-20260920-230959
2754,Youngstown State Penguins,2021,Joe Craycraft,craycraft j,1,false,23,-6.6221,espn-pbp/ep-20260920-230959
2754,Youngstown State Penguins,2021,Theo Day,day t,1,false,,,espn-pbp/ep-20260920-230959
2754,Youngstown State Penguins,2021,Anthony Thompson,thompson a,1,false,,,espn-pbp/ep-20260920-230959
2000,Abilene Christian Wildcats,2022,Maverick McIvor,mcivor m,8,true,268,62.0905,espn-pbp/ep-20260920-230959
2000,Abilene Christian Wildcats,2022,Ethan Long,long e,1,false,86,7.7185,espn-pbp/ep-20260920-230959
2000,Abilene Christian Wildcats,2022,Victor Gabalis,gabalis v,1,false,,,espn-pbp/ep-20260920-230959
2005,Air Force Falcons,2022,Haaziq Daniels,daniels h,11,true,85,29.1678,espn-pbp/ep-20260920-230959
2005,Air Force Falcons,2022,Cameron Friel,friel c,1,false,,,espn-pbp/ep-20260920-230959
2006,Akron Zips,2022,DJ Irons,irons d,8,true,267,26.7109,espn-pbp/ep-20260920-230959
2006,Akron Zips,2022,Jeff Undercuffler Jr.,undercuffler j,2,false,59,9.1757,espn-pbp/ep-20260920-230959
2010,Alabama A&M Bulldogs,2022,Xaiver Lankford,lankford x,4,false,63,20.4091,espn-pbp/ep-20260920-230959
2010,Alabama A&M Bulldogs,2022,Quincy Casey,casey q,2,true,54,-3.7291,espn-pbp/ep-20260920-230959
2010,Alabama A&M Bulldogs,2022,Jeremy Moussa,moussa j,1,false,,,espn-pbp/ep-20260920-230959
333,Alabama Crimson Tide,2022,Bryce Young,young b,12,true,386,106.3592,espn-pbp/ep-20260920-230959
333,Alabama Crimson Tide,2022,Jalen Milroe,milroe j,1,false,56,0.7846,espn-pbp/ep-20260920-230959
2011,Alabama State Hornets,2022,Dematrius Davis,davis d,7,true,136,2.3343,espn-pbp/ep-20260920-230959
2011,Alabama State Hornets,2022,Myles Crawley,crawley m,1,false,53,3.5242,espn-pbp/ep-20260920-230959
2011,Alabama State Hornets,2022,Jeremy Moussa,moussa j,0,false,51,-10.7840,espn-pbp/ep-20260920-230959
2013,Albany State Golden Rams,2022,Jeremy Moussa,moussa j,1,true,,,espn-pbp/ep-20260920-230959
2016,Alcorn State Braves,2022,Tre Lawrence,lawrence t,1,false,13,9.4959,espn-pbp/ep-20260920-230959
2016,Alcorn State Braves,2022,Andrew Body,body a,1,false,,,espn-pbp/ep-20260920-230959
2016,Alcorn State Braves,2022,Michael Pratt,pratt m,1,false,,,espn-pbp/ep-20260920-230959
2016,Alcorn State Braves,2022,Shedeur Sanders,sanders s,1,false,,,espn-pbp/ep-20260920-230959
2016,Alcorn State Braves,2022,Trae Self,self t,1,true,,,espn-pbp/ep-20260920-230959
2026,App State Mountaineers,2022,Chase Brice,brice c,12,true,372,101.7636,espn-pbp/ep-20260920-230959
9,Arizona State Sun Devils,2022,Trenton Bourguet,bourguet t,5,false,205,49.7265,espn-pbp/ep-20260920-230959
9,Arizona State Sun Devils,2022,Emory Jones,jones e,5,true,154,26.9044,espn-pbp/ep-20260920-230959
12,Arizona Wildcats,2022,Jayden de Laura,de laura j,11,true,425,108.5690,espn-pbp/ep-20260920-230959
12,Arizona Wildcats,2022,Owen McCown,mccown o,1,false,,,espn-pbp/ep-20260920-230959
8,Arkansas Razorbacks,2022,KJ Jefferson,jefferson k,11,true,302,90.2771,espn-pbp/ep-20260920-230959
8,Arkansas Razorbacks,2022,Cade Fortin,fortin c,1,false,29,-8.7460,espn-pbp/ep-20260920-230959
8,Arkansas Razorbacks,2022,Malik Hornsby,hornsby m,1,false,26,-4.4077,espn-pbp/ep-20260920-230959
2032,Arkansas State Red Wolves,2022,James Blackman,blackman j,11,true,348,28.3898,espn-pbp/ep-20260920-230959
2032,Arkansas State Red Wolves,2022,AJ Mayer,mayer a,1,false,40,-13.0731,espn-pbp/ep-20260920-230959
2029,Arkansas-Pine Bluff Golden Lions,2022,Skyler Perry,perry s,6,true,156,-21.2774,espn-pbp/ep-20260920-230959
2029,Arkansas-Pine Bluff Golden Lions,2022,Jeremy Moussa,moussa j,1,false,,,espn-pbp/ep-20260920-230959
349,Army Black Knights,2022,Cade Ballard,ballard c,5,true,34,-21.0342,espn-pbp/ep-20260920-230959
349,Army Black Knights,2022,Tyhier Tyler,tyler t,4,false,19,5.9016,espn-pbp/ep-20260920-230959
349,Army Black Knights,2022,Jemel Jones,jones j,3,false,35,-6.8203,espn-pbp/ep-20260920-230959
2038,Assumption Greyhounds,2022,Jack Zergiotis,zergiotis j,1,true,,,espn-pbp/ep-20260920-230959
2,Auburn Tigers,2022,Robby Ashford,ashford r,9,false,252,-9.1181,espn-pbp/ep-20260920-230959
2,Auburn Tigers,2022,T.J. Finley,j. finley t,2,true,52,6.0988,espn-pbp/ep-20260920-230959
2,Auburn Tigers,2022,Chevan Cordeiro,cordeiro c,1,false,,,espn-pbp/ep-20260920-230959
2046,Austin Peay Governors,2022,Mike DiLiello,diliello m,8,true,257,-3.6835,espn-pbp/ep-20260920-230959
2046,Austin Peay Governors,2022,Will McElvain,mcelvain w,1,false,,,espn-pbp/ep-20260920-230959
252,BYU Cougars,2022,Jaren Hall,hall j,11,true,347,82.1632,espn-pbp/ep-20260920-230959
252,BYU Cougars,2022,Sol-Jay Maiava-Peters,maiava-peters s,1,false,12,-6.7060,espn-pbp/ep-20260920-230959
2050,Ball State Cardinals,2022,John Paddock,paddock j,11,true,357,-20.3684,espn-pbp/ep-20260920-230959
122666,Barton Bulldogs,2022,Jaquan Lynch,lynch j,1,true,,,espn-pbp/ep-20260920-230959
239,Baylor Bears,2022,Blake Shapen,shapen b,13,true,309,50.5716,espn-pbp/ep-20260920-230959
2065,Bethune-Cookman Wildcats,2022,Jalon Jones,jones j,3,true,91,21.2769,espn-pbp/ep-20260920-230959
2065,Bethune-Cookman Wildcats,2022,Draylen Ellis,ellis d,1,false,,,espn-pbp/ep-20260920-230959
2065,Bethune-Cookman Wildcats,2022,Jr. Corey Fields,fields j,1,false,,,espn-pbp/ep-20260920-230959
2065,Bethune-Cookman Wildcats,2022,Shedeur Sanders,sanders s,1,false,,,espn-pbp/ep-20260920-230959
68,Boise State Broncos,2022,Taylen Green,green t,8,false,244,29.6029,espn-pbp/ep-20260920-230959
68,Boise State Broncos,2022,Hank Bachmeier,bachmeier h,3,true,79,-9.8305,espn-pbp/ep-20260920-230959
68,Boise State Broncos,2022,Gavin Hardison,hardison g,1,false,,,espn-pbp/ep-20260920-230959
103,Boston College Eagles,2022,Phil Jurkovec,jurkovec p,6,true,204,0.5104,espn-pbp/ep-20260920-230959
103,Boston College Eagles,2022,Emmett Morehead,morehead e,4,false,171,23.0964,espn-pbp/ep-20260920-230959
103,Boston College Eagles,2022,Grant Wells,wells g,1,false,,,espn-pbp/ep-20260920-230959
189,Bowling Green Falcons,2022,Matt McDonald,mcdonald m,11,true,280,20.4169,espn-pbp/ep-20260920-230959
189,Bowling Green Falcons,2022,Camden Orth,orth c,1,false,55,6.0995,espn-pbp/ep-20260920-230959
225,Brown Bears,2022,Jake Willcox,willcox j,3,true,93,-1.0490,espn-pbp/ep-20260920-230959
225,Brown Bears,2022,Aidan Gilman,gilman a,2,false,38,-8.7704,espn-pbp/ep-20260920-230959
225,Brown Bears,2022,Aidan Sayin,sayin a,1,false,,,espn-pbp/ep-20260920-230959
225,Brown Bears,2022,Jameson Wang,wang j,1,false,,,espn-pbp/ep-20260920-230959
2803,Bryant Bulldogs,2022,Zevi Eckhaus,eckhaus z,6,false,216,42.5943,espn-pbp/ep-20260920-230959
2803,Bryant Bulldogs,2022,Gunnar Holmberg,holmberg g,1,true,,,espn-pbp/ep-20260920-230959
2083,Bucknell Bison,2022,Nick Semptimphelter,semptimphelter n,2,false,26,1.4677,espn-pbp/ep-20260920-230959
2083,Bucknell Bison,2022,Ethan Grady,grady e,1,false,50,-15.0761,espn-pbp/ep-20260920-230959
2083,Bucknell Bison,2022,Michael Brescia,brescia m,1,false,,,espn-pbp/ep-20260920-230959
2083,Bucknell Bison,2022,Tim DeMorat,demorat t,1,false,,,espn-pbp/ep-20260920-230959
2083,Bucknell Bison,2022,Rent Montie,montie r,1,false,,,espn-pbp/ep-20260920-230959
2083,Bucknell Bison,2022,Dante Perri,perri d,1,false,,,espn-pbp/ep-20260920-230959
2083,Bucknell Bison,2022,Scott Smith III,smith s,1,true,,,espn-pbp/ep-20260920-230959
2084,Buffalo Bulls,2022,Cole Snyder,snyder c,10,true,328,31.6605,espn-pbp/ep-20260920-230959
2084,Buffalo Bulls,2022,Collin Schlee,schlee c,1,false,,,espn-pbp/ep-20260920-230959
2084,Buffalo Bulls,2022,Aveon Smith,smith a,1,false,,,espn-pbp/ep-20260920-230959
2086,Butler Bulldogs,2022,Bret Bushka,bushka b,10,true,246,34.8029,espn-pbp/ep-20260920-230959
2086,Butler Bulldogs,2022,Jayden Waddell,waddell j,1,false,,,espn-pbp/ep-20260920-230959
13,Cal Poly Mustangs,2022,Spencer Brasch,brasch s,3,false,169,1.7421,espn-pbp/ep-20260920-230959
13,Cal Poly Mustangs,2022,Jaden Jones,jones j,3,true,81,-2.1326,espn-pbp/ep-20260920-230959
13,Cal Poly Mustangs,2022,Bo Kelly,kelly b,1,false,22,-8.0954,espn-pbp/ep-20260920-230959
25,California Golden Bears,2022,Jack Plummer,plummer j,12,true,435,42.4459,espn-pbp/ep-20260920-230959
2097,Campbell Fighting Camels,2022,Hajj-Malik Williams,williams h,3,false,116,15.6627,espn-pbp/ep-20260920-230959
2097,Campbell Fighting Camels,2022,Marqui Adams,adams m,1,false,,,espn-pbp/ep-20260920-230959
2097,Campbell Fighting Camels,2022,Peyton Derrick,derrick p,1,true,,,espn-pbp/ep-20260920-230959
2097,Campbell Fighting Camels,2022,Bailey Fisher,fisher b,1,false,,,espn-pbp/ep-20260920-230959
2097,Campbell Fighting Camels,2022,Shedeur Sanders,sanders s,1,false,,,espn-pbp/ep-20260920-230959
2110,Central Arkansas Bears,2022,Will McElvain,mcelvain w,6,false,176,50.0037,espn-pbp/ep-20260920-230959
2110,Central Arkansas Bears,2022,Luke Altmyer,altmyer l,1,false,,,espn-pbp/ep-20260920-230959
2110,Central Arkansas Bears,2022,Mike DiLiello,diliello m,1,false,,,espn-pbp/ep-20260920-230959
2110,Central Arkansas Bears,2022,Jason Shelley,shelley j,1,true,,,espn-pbp/ep-20260920-230959
2110,Central Arkansas Bears,2022,Noah Walters,walters n,1,false,,,espn-pbp/ep-20260920-230959
2115,Central Connecticut Blue Devils,2022,Shon Mitchell,mitchell s,2,false,80,-3.0018,espn-pbp/ep-20260920-230959
2115,Central Connecticut Blue Devils,2022,Romelo Williams,williams r,2,true,57,-8.2433,espn-pbp/ep-20260920-230959
2115,Central Connecticut Blue Devils,2022,Luca Stanzani,stanzani l,1,false,,,espn-pbp/ep-20260920-230959
2117,Central Michigan Chippewas,2022,Daniel Richardson,richardson d,7,true,291,3.5474,espn-pbp/ep-20260920-230959
2117,Central Michigan Chippewas,2022,Jase Bauer,bauer j,2,false,55,-2.8734,espn-pbp/ep-20260920-230959
2117,Central Michigan Chippewas,2022,Nevan Cremascoli,cremascoli n,1,false,34,-15.2171,espn-pbp/ep-20260920-230959
2117,Central Michigan Chippewas,2022,Treyson Bourguet,bourguet t,1,false,,,espn-pbp/ep-20260920-230959
2123,Chadron State Eagles,2022,Kobe Tracy,tracy k,1,true,,,espn-pbp/ep-20260920-230959
2127,Charleston Southern Buccaneers,2022,Ross Malmgren,malmgren r,4,true,144,-21.7496,espn-pbp/ep-20260920-230959
2127,Charleston Southern Buccaneers,2022,Tony Bartalo,bartalo t,3,false,110,-11.0362,espn-pbp/ep-20260920-230959
2127,Charleston Southern Buccaneers,2022,Isaiah Bess,bess i,1,false,63,-20.6850,espn-pbp/ep-20260920-230959
2127,Charleston Southern Buccaneers,2022,Deymon Fleming Jr.,fleming d,1,false,46,4.8599,espn-pbp/ep-20260920-230959
2429,Charlotte 49ers,2022,Chris Reynolds,reynolds c,9,false,312,56.6881,espn-pbp/ep-20260920-230959
2429,Charlotte 49ers,2022,N'Kosi Perry,perry n,1,true,,,espn-pbp/ep-20260920-230959
2429,Charlotte 49ers,2022,Darius Wilson,wilson d,1,false,,,espn-pbp/ep-20260920-230959
236,Chattanooga Mocs,2022,Preston Hutchinson,hutchinson p,11,true,271,84.6266,espn-pbp/ep-20260920-230959
2132,Cincinnati Bearcats,2022,Ben Bryant,bryant b,10,true,293,58.0839,espn-pbp/ep-20260920-230959
2132,Cincinnati Bearcats,2022,Evan Prater,prater e,2,false,61,-7.3070,espn-pbp/ep-20260920-230959
228,Clemson Tigers,2022,DJ Uiagalelei,uiagalelei d,13,true,331,45.8329,espn-pbp/ep-20260920-230959
228,Clemson Tigers,2022,Cade Klubnik,klubnik c,1,false,100,20.7270,espn-pbp/ep-20260920-230959
324,Coastal Carolina Chanticleers,2022,Grayson McCall,mccall g,10,true,252,114.8272,espn-pbp/ep-20260920-230959
324,Coastal Carolina Chanticleers,2022,Jarrett Guest,guest j,2,false,57,-0.8178,espn-pbp/ep-20260920-230959
2142,Colgate Raiders,2022,Michael Brescia,brescia m,5,true,106,-6.5060,espn-pbp/ep-20260920-230959
2142,Colgate Raiders,2022,Ethan Grady,grady e,1,false,,,espn-pbp/ep-20260920-230959
2142,Colgate Raiders,2022,Dante Perri,perri d,1,false,,,espn-pbp/ep-20260920-230959
2142,Colgate Raiders,2022,Matthew Sluka,sluka m,1,false,,,espn-pbp/ep-20260920-230959
38,Colorado Buffaloes,2022,J.T. Shrout,t. shrout j,5,false,176,-32.2323,espn-pbp/ep-20260920-230959
38,Colorado Buffaloes,2022,Owen McCown,mccown o,2,false,91,-1.9567,espn-pbp/ep-20260920-230959
38,Colorado Buffaloes,2022,Brendon Lewis,lewis b,2,true,24,-5.6763,espn-pbp/ep-20260920-230959
38,Colorado Buffaloes,2022,Maddox Kopp,kopp m,1,false,29,-0.8536,espn-pbp/ep-20260920-230959
38,Colorado Buffaloes,2022,Jayden de Laura,de laura j,1,false,,,espn-pbp/ep-20260920-230959
2146,Colorado School of Mines Orediggers,2022,John Matocha,matocha j,1,true,39,-1.6496,espn-pbp/ep-20260920-230959
36,Colorado State Rams,2022,Clay Millen,millen c,10,true,241,29.0110,espn-pbp/ep-20260920-230959
36,Colorado State Rams,2022,Brayden Fowler-Nicolosi,fowler-nicolosi b,1,false,38,-9.7495,espn-pbp/ep-20260920-230959
36,Colorado State Rams,2022,Giles Pooler,pooler g,1,false,34,-13.0329,espn-pbp/ep-20260920-230959
171,Columbia Lions,2022,Caden Bell,bell c,3,false,87,7.1515,espn-pbp/ep-20260920-230959
171,Columbia Lions,2022,"GREEN, Joe",green j,2,true,55,-1.2377,espn-pbp/ep-20260920-230959
171,Columbia Lions,2022,Jameson Wang,wang j,1,false,,,espn-pbp/ep-20260920-230959
172,Cornell Big Red,2022,Jameson Wang,wang j,2,false,67,-5.6078,espn-pbp/ep-20260920-230959
172,Cornell Big Red,2022,Caden Bell,bell c,1,false,,,espn-pbp/ep-20260920-230959
172,Cornell Big Red,2022,Nolan Grooms,grooms n,1,true,,,espn-pbp/ep-20260920-230959
172,Cornell Big Red,2022,Dante Perri,perri d,1,false,,,espn-pbp/ep-20260920-230959
172,Cornell Big Red,2022,Aidan Sayin,sayin a,1,false,,,espn-pbp/ep-20260920-230959
172,Cornell Big Red,2022,Jake Willcox,willcox j,1,false,,,espn-pbp/ep-20260920-230959
159,Dartmouth Big Green,2022,Dylan Cadwallader,cadwallader d,2,false,101,24.3228,espn-pbp/ep-20260920-230959
159,Dartmouth Big Green,2022,Nick Howard,howard n,2,false,21,8.3407,espn-pbp/ep-20260920-230959
159,Dartmouth Big Green,2022,Mikey Appel,appel m,1,true,,,espn-pbp/ep-20260920-230959
159,Dartmouth Big Green,2022,Luke Emge,emge l,1,false,,,espn-pbp/ep-20260920-230959
2166,Davidson Wildcats,2022,Jayden Waddell,waddell j,5,false,47,13.9940,espn-pbp/ep-20260920-230959
2166,Davidson Wildcats,2022,Luke Durkin,durkin l,2,true,10,-2.9482,espn-pbp/ep-20260920-230959
2166,Davidson Wildcats,2022,Bret Bushka,bushka b,1,false,,,espn-pbp/ep-20260920-230959
2166,Davidson Wildcats,2022,Judd Erickson,erickson j,1,false,,,espn-pbp/ep-20260920-230959
2166,Davidson Wildcats,2022,Cade Sexauer,sexauer c,1,false,,,espn-pbp/ep-20260920-230959
2168,Dayton Flyers,2022,Shane Hamm,hamm s,5,false,94,11.4658,espn-pbp/ep-20260920-230959
2168,Dayton Flyers,2022,Dante Casciola,casciola d,3,true,73,-4.3874,espn-pbp/ep-20260920-230959
48,Delaware Blue Hens,2022,Nolan Henderson,henderson n,11,true,349,73.4365,espn-pbp/ep-20260920-230959
2169,Delaware State Hornets,2022,Jared Lewis,lewis j,2,false,6,-2.2673,espn-pbp/ep-20260920-230959
2169,Delaware State Hornets,2022,C.J. Henry,j. henry c,1,false,13,7.2732,espn-pbp/ep-20260920-230959
2169,Delaware State Hornets,2022,Andrew Banks,banks a,1,true,,,espn-pbp/ep-20260920-230959
2169,Delaware State Hornets,2022,Otto Kuhns,kuhns o,1,false,,,espn-pbp/ep-20260920-230959
2169,Delaware State Hornets,2022,Zach Tanner,tanner z,1,false,,,espn-pbp/ep-20260920-230959
2169,Delaware State Hornets,2022,Duce Taylor,taylor d,1,false,,,espn-pbp/ep-20260920-230959
2169,Delaware State Hornets,2022,Hajj-Malik Williams,williams h,1,false,,,espn-pbp/ep-20260920-230959
2169,Delaware State Hornets,2022,Quinton Williams,williams q,1,false,,,espn-pbp/ep-20260920-230959
2181,Drake Bulldogs,2022,Ian Corwin,corwin i,3,true,66,-0.8368,espn-pbp/ep-20260920-230959
2181,Drake Bulldogs,2022,Luke Bailey,bailey l,2,false,58,9.9355,espn-pbp/ep-20260920-230959
2181,Drake Bulldogs,2022,Max Conard,conard m,1,false,,,espn-pbp/ep-20260920-230959
2181,Drake Bulldogs,2022,Judd Erickson,erickson j,1,false,,,espn-pbp/ep-20260920-230959
2181,Drake Bulldogs,2022,Brady Meitz,meitz b,1,false,,,espn-pbp/ep-20260920-230959
2181,Drake Bulldogs,2022,Cade Sexauer,sexauer c,1,false,,,espn-pbp/ep-20260920-230959
150,Duke Blue Devils,2022,Riley Leonard,leonard r,10,true,372,57.8820,espn-pbp/ep-20260920-230959
150,Duke Blue Devils,2022,Brennan Armstrong,armstrong b,1,false,,,espn-pbp/ep-20260920-230959
150,Duke Blue Devils,2022,Ryan Hilinski,hilinski r,1,false,,,espn-pbp/ep-20260920-230959
2184,Duquesne Dukes,2022,Joe Mischler,mischler j,7,true,154,14.3292,espn-pbp/ep-20260920-230959
2184,Duquesne Dukes,2022,Darius Perrantes,perrantes d,1,false,33,-8.6480,espn-pbp/ep-20260920-230959
2184,Duquesne Dukes,2022,Cole Doyle,doyle c,1,false,,,espn-pbp/ep-20260920-230959
151,East Carolina Pirates,2022,Holton Ahlers,ahlers h,11,true,370,66.6693,espn-pbp/ep-20260920-230959
2193,East Tennessee State Buccaneers,2022,Tyler Riddell,riddell t,8,true,197,-18.8312,espn-pbp/ep-20260920-230959
2193,East Tennessee State Buccaneers,2022,Peyton Derrick,derrick p,1,false,,,espn-pbp/ep-20260920-230959
2837,East Texas A&M Lions,2022,Eric Rodriguez,rodriguez e,3,false,125,14.2483,espn-pbp/ep-20260920-230959
2837,East Texas A&M Lions,2022,Zadock Dinkelmann,dinkelmann z,2,false,53,14.7915,espn-pbp/ep-20260920-230959
2837,East Texas A&M Lions,2022,Cameron Nellor,nellor c,1,false,27,-6.0966,espn-pbp/ep-20260920-230959
2837,East Texas A&M Lions,2022,Jagger LaRoe,laroe j,1,true,6,-3.6658,espn-pbp/ep-20260920-230959
2837,East Texas A&M Lions,2022,Kohen Granier,granier k,1,false,,,espn-pbp/ep-20260920-230959
2837,East Texas A&M Lions,2022,Knox Kadum,kadum k,1,false,,,espn-pbp/ep-20260920-230959
2837,East Texas A&M Lions,2022,Eli Sawyer,sawyer e,1,false,,,espn-pbp/ep-20260920-230959
2197,Eastern Illinois Panthers,2022,Jonah O'Brien,o'brien j,4,true,91,1.1968,espn-pbp/ep-20260920-230959
2197,Eastern Illinois Panthers,2022,Dom Shoffner,shoffner d,3,false,85,-13.0861,espn-pbp/ep-20260920-230959
2197,Eastern Illinois Panthers,2022,Draylen Ellis,ellis d,1,false,,,espn-pbp/ep-20260920-230959
2197,Eastern Illinois Panthers,2022,Walker Wood,wood w,1,false,,,espn-pbp/ep-20260920-230959
2198,Eastern Kentucky Colonels,2022,Parker McKinney,mckinney p,12,true,388,123.6779,espn-pbp/ep-20260920-230959
2199,Eastern Michigan Eagles,2022,Taylor Powell,powell t,7,true,267,66.1331,espn-pbp/ep-20260920-230959
2199,Eastern Michigan Eagles,2022,Austin Smith,smith a,3,false,94,7.1968,espn-pbp/ep-20260920-230959
2199,Eastern Michigan Eagles,2022,Chandler Fields,fields c,1,false,,,espn-pbp/ep-20260920-230959
2201,Eastern New Mexico Greyhounds,2022,Kason Martin,martin k,1,true,35,-20.8407,espn-pbp/ep-20260920-230959
331,Eastern Washington Eagles,2022,Gunner Talkington,talkington g,9,true,290,32.1015,espn-pbp/ep-20260920-230959
331,Eastern Washington Eagles,2022,Kekoa Visperas,visperas k,1,false,19,-0.3863,espn-pbp/ep-20260920-230959
331,Eastern Washington Eagles,2022,Gevani McCoy,mccoy g,1,false,,,espn-pbp/ep-20260920-230959
2206,Edward Waters Tigers,2022,Jyron Russell,russell j,1,true,10,-5.3886,espn-pbp/ep-20260920-230959
2210,Elon Phoenix,2022,Matthew McKay,mckay m,9,true,232,51.9410,espn-pbp/ep-20260920-230959
2222,Ferris State Bulldogs,2022,Mylik Mitchell,mitchell m,1,true,18,8.3248,espn-pbp/ep-20260920-230959
50,Florida A&M Rattlers,2022,Jeremy Moussa,moussa j,5,true,132,11.2327,espn-pbp/ep-20260920-230959
50,Florida A&M Rattlers,2022,Dionte Bonneau,bonneau d,1,false,,,espn-pbp/ep-20260920-230959
50,Florida A&M Rattlers,2022,Xaiver Lankford,lankford x,1,false,,,espn-pbp/ep-20260920-230959
50,Florida A&M Rattlers,2022,Skyler Perry,perry s,1,false,,,espn-pbp/ep-20260920-230959
2226,Florida Atlantic Owls,2022,N'Kosi Perry,perry n,6,false,222,43.9429,espn-pbp/ep-20260920-230959
2226,Florida Atlantic Owls,2022,Grayson James,james g,1,false,1,-1.2425,espn-pbp/ep-20260920-230959
2226,Florida Atlantic Owls,2022,Cephus Johnson III,johnson c,1,false,,,espn-pbp/ep-20260920-230959
2226,Florida Atlantic Owls,2022,John Rhys Plumlee,plumlee j,1,false,,,espn-pbp/ep-20260920-230959
2226,Florida Atlantic Owls,2022,Chris Reynolds,reynolds c,1,true,,,espn-pbp/ep-20260920-230959
57,Florida Gators,2022,Anthony Richardson,richardson a,12,true,334,32.7731,espn-pbp/ep-20260920-230959
57,Florida Gators,2022,Jack Miller III,miller j,1,false,23,6.4816,espn-pbp/ep-20260920-230959
2229,Florida International Panthers,2022,Grayson James,james g,8,false,271,-53.1695,espn-pbp/ep-20260920-230959
2229,Florida International Panthers,2022,Haden Carlson,carlson h,1,false,86,5.8953,espn-pbp/ep-20260920-230959
2229,Florida International Panthers,2022,Calvin Brownholtz,brownholtz c,1,false,,,espn-pbp/ep-20260920-230959
2229,Florida International Panthers,2022,Zevi Eckhaus,eckhaus z,1,true,,,espn-pbp/ep-20260920-230959
2229,Florida International Panthers,2022,N'Kosi Perry,perry n,1,false,,,espn-pbp/ep-20260920-230959
52,Florida State Seminoles,2022,Jordan Travis,travis j,13,true,363,111.5999,espn-pbp/ep-20260920-230959
2230,Fordham Rams,2022,Tim DeMorat,demorat t,6,false,252,94.5065,espn-pbp/ep-20260920-230959
2230,Fordham Rams,2022,Pierce Holley,holley p,1,false,,,espn-pbp/ep-20260920-230959
2230,Fordham Rams,2022,Nick Kargman,kargman n,1,true,,,espn-pbp/ep-20260920-230959
2230,Fordham Rams,2022,Tony Muskett,muskett t,1,false,,,espn-pbp/ep-20260920-230959
2230,Fordham Rams,2022,Nick Semptimphelter,semptimphelter n,1,false,,,espn-pbp/ep-20260920-230959
278,Fresno State Bulldogs,2022,Jake Haener,haener j,9,true,285,86.3132,espn-pbp/ep-20260920-230959
278,Fresno State Bulldogs,2022,Logan Fife,fife l,4,false,119,-2.9986,espn-pbp/ep-20260920-230959
278,Fresno State Bulldogs,2022,Doug Brumfield,brumfield d,1,false,,,espn-pbp/ep-20260920-230959
231,Furman Paladins,2022,Tyler Huff,huff t,10,true,260,34.6769,espn-pbp/ep-20260920-230959
231,Furman Paladins,2022,Jace Wilson,wilson j,1,false,85,10.5593,espn-pbp/ep-20260920-230959
2241,Gardner-Webb Runnin' Bulldogs,2022,Bailey Fisher,fisher b,11,true,332,46.1461,espn-pbp/ep-20260920-230959
2241,Gardner-Webb Runnin' Bulldogs,2022,Matthew Caldwell,caldwell m,1,false,53,9.4398,espn-pbp/ep-20260920-230959
2241,Gardner-Webb Runnin' Bulldogs,2022,Chad Mascoe II,mascoe c,1,false,,,espn-pbp/ep-20260920-230959
46,Georgetown Hoyas,2022,Pierce Holley,holley p,8,true,327,16.6341,espn-pbp/ep-20260920-230959
46,Georgetown Hoyas,2022,Tim DeMorat,demorat t,1,false,,,espn-pbp/ep-20260920-230959
61,Georgia Bulldogs,2022,Stetson Bennett,bennett s,15,true,454,188.7909,espn-pbp/ep-20260920-230959
290,Georgia Southern Eagles,2022,Kyle Vantrease,vantrease k,12,true,566,72.8378,espn-pbp/ep-20260920-230959
2247,Georgia State Panthers,2022,Darren Grainger,grainger d,10,true,282,34.1872,espn-pbp/ep-20260920-230959
2247,Georgia State Panthers,2022,"MAYE, Drake",maye d,1,false,,,espn-pbp/ep-20260920-230959
59,Georgia Tech Yellow Jackets,2022,Jeff Sims,sims j,7,true,195,-3.0166,espn-pbp/ep-20260920-230959
59,Georgia Tech Yellow Jackets,2022,Zach Gibson,gibson z,2,false,101,-6.2023,espn-pbp/ep-20260920-230959
59,Georgia Tech Yellow Jackets,2022,Zach Pyron,pyron z,1,false,75,2.7836,espn-pbp/ep-20260920-230959
59,Georgia Tech Yellow Jackets,2022,Taisun Phommachanh,phommachanh t,1,false,5,-3.1545,espn-pbp/ep-20260920-230959
59,Georgia Tech Yellow Jackets,2022,Grant Wells,wells g,1,false,,,espn-pbp/ep-20260920-230959
2755,Grambling Tigers,2022,Julian Calvez,calvez j,3,false,80,-21.8847,espn-pbp/ep-20260920-230959
2755,Grambling Tigers,2022,Quaterius Hawkins,hawkins q,2,true,16,-3.4151,espn-pbp/ep-20260920-230959
2755,Grambling Tigers,2022,Trazon Connley,connley t,1,false,,,espn-pbp/ep-20260920-230959
2755,Grambling Tigers,2022,Besean McCray,mccray b,1,false,,,espn-pbp/ep-20260920-230959
2261,Hampton Pirates,2022,Malcolm Mays,mays m,5,false,144,-9.0550,espn-pbp/ep-20260920-230959
2261,Hampton Pirates,2022,Christopher Zellous,zellous c,1,false,26,-5.8821,espn-pbp/ep-20260920-230959
2261,Hampton Pirates,2022,Sofian Massoud,massoud s,1,false,7,0.2199,espn-pbp/ep-20260920-230959
2261,Hampton Pirates,2022,Otto Kuhns,kuhns o,1,true,,,espn-pbp/ep-20260920-230959
108,Harvard Crimson,2022,Charlie Dean,dean c,7,true,122,16.4671,espn-pbp/ep-20260920-230959
108,Harvard Crimson,2022,Dylan Cadwallader,cadwallader d,1,false,,,espn-pbp/ep-20260920-230959
108,Harvard Crimson,2022,Jaylon Tolbert,tolbert j,1,false,,,espn-pbp/ep-20260920-230959
62,Hawai'i Rainbow Warriors,2022,Brayden Schager,schager b,9,false,342,-6.3156,espn-pbp/ep-20260920-230959
62,Hawai'i Rainbow Warriors,2022,Joey Yellen,yellen j,3,true,69,-27.0475,espn-pbp/ep-20260920-230959
107,Holy Cross Crusaders,2022,Matthew Sluka,sluka m,7,true,128,52.2958,espn-pbp/ep-20260920-230959
107,Holy Cross Crusaders,2022,Michael Brescia,brescia m,1,false,,,espn-pbp/ep-20260920-230959
107,Holy Cross Crusaders,2022,Max Brosmer,brosmer m,1,false,,,espn-pbp/ep-20260920-230959
107,Holy Cross Crusaders,2022,Dante Perri,perri d,1,false,,,espn-pbp/ep-20260920-230959
2277,Houston Christian Huskies,2022,Justin Fomby,fomby j,5,false,272,-71.0078,espn-pbp/ep-20260920-230959
2277,Houston Christian Huskies,2022,Cade Brister,brister c,1,true,,,espn-pbp/ep-20260920-230959
2277,Houston Christian Huskies,2022,Zachary Clement,clement z,1,false,,,espn-pbp/ep-20260920-230959
2277,Houston Christian Huskies,2022,Leonard Kelly,kelly l,1,false,,,espn-pbp/ep-20260920-230959
2277,Houston Christian Huskies,2022,Ryan Roberts,roberts r,1,false,,,espn-pbp/ep-20260920-230959
2277,Houston Christian Huskies,2022,Dresser Winn,winn d,1,false,,,espn-pbp/ep-20260920-230959
248,Houston Cougars,2022,Clayton Tune,tune c,12,true,473,148.5533,espn-pbp/ep-20260920-230959
248,Houston Cougars,2022,Donovan Smith,smith d,1,false,,,espn-pbp/ep-20260920-230959
47,Howard Bison,2022,Quinton Williams,williams q,4,true,137,37.9433,espn-pbp/ep-20260920-230959
47,Howard Bison,2022,Charlie Dean,dean c,1,false,,,espn-pbp/ep-20260920-230959
47,Howard Bison,2022,Prometheus Franklin II,franklin p,1,false,,,espn-pbp/ep-20260920-230959
47,Howard Bison,2022,C.J. Henry,j. henry c,1,false,,,espn-pbp/ep-20260920-230959
47,Howard Bison,2022,Otto Kuhns,kuhns o,1,false,,,espn-pbp/ep-20260920-230959
47,Howard Bison,2022,Derrach West,west d,1,false,,,espn-pbp/ep-20260920-230959
304,Idaho State Bengals,2022,Hunter Hays,hays h,2,false,88,-12.9624,espn-pbp/ep-20260920-230959
304,Idaho State Bengals,2022,Sagan Gronauer,gronauer s,1,false,37,-11.1209,espn-pbp/ep-20260920-230959
304,Idaho State Bengals,2022,Tyler Vander Waal,vander waal t,1,true,4,-2.5474,espn-pbp/ep-20260920-230959
70,Idaho Vandals,2022,Gevani McCoy,mccoy g,7,true,208,65.9016,espn-pbp/ep-20260920-230959
70,Idaho Vandals,2022,Miles Hastings,hastings m,1,false,,,espn-pbp/ep-20260920-230959
70,Idaho Vandals,2022,Kekoa Visperas,visperas k,1,false,,,espn-pbp/ep-20260920-230959
356,Illinois Fighting Illini,2022,Tommy DeVito,devito t,13,true,346,75.0713,espn-pbp/ep-20260920-230959
2287,Illinois State Redbirds,2022,Zack Annexstad,annexstad z,6,true,186,19.2783,espn-pbp/ep-20260920-230959
2287,Illinois State Redbirds,2022,Tommy Rittenhouse,rittenhouse t,2,false,36,-4.5601,espn-pbp/ep-20260920-230959
2287,Illinois State Redbirds,2022,Cade Chambers,chambers c,1,false,,,espn-pbp/ep-20260920-230959
2916,Incarnate Word Cardinals,2022,Lindsey Scott Jr.,scott l,11,true,392,173.9722,espn-pbp/ep-20260920-230959
2916,Incarnate Word Cardinals,2022,Leonard Kelly,kelly l,1,false,,,espn-pbp/ep-20260920-230959
84,Indiana Hoosiers,2022,Connor Bazelak,bazelak c,9,true,403,-3.2958,espn-pbp/ep-20260920-230959
84,Indiana Hoosiers,2022,Dexter Williams II,williams d,1,false,37,-17.6545,espn-pbp/ep-20260920-230959
84,Indiana Hoosiers,2022,Jack Tuttle,tuttle j,1,false,11,-1.2732,espn-pbp/ep-20260920-230959
84,Indiana Hoosiers,2022,Noah Vedral,vedral n,1,false,,,espn-pbp/ep-20260920-230959
282,Indiana State Sycamores,2022,Cade Chambers,chambers c,2,false,35,3.9761,espn-pbp/ep-20260920-230959
282,Indiana State Sycamores,2022,Zack Annexstad,annexstad z,1,false,,,espn-pbp/ep-20260920-230959
282,Indiana State Sycamores,2022,Clay Bruno,bruno c,1,false,,,espn-pbp/ep-20260920-230959
282,Indiana State Sycamores,2022,Theo Day,day t,1,false,,,espn-pbp/ep-20260920-230959
282,Indiana State Sycamores,2022,Jaylen Gipson,gipson j,1,true,,,espn-pbp/ep-20260920-230959
282,Indiana State Sycamores,2022,Aidan O'Connell,o'connell a,1,false,,,espn-pbp/ep-20260920-230959
111756,Indiana Wesleyan Wildcats,2022,Xander Stokes,stokes x,1,true,41,0.5451,espn-pbp/ep-20260920-230959
2294,Iowa Hawkeyes,2022,Spencer Petras,petras s,11,true,262,-11.0719,espn-pbp/ep-20260920-230959
2294,Iowa Hawkeyes,2022,Destin Wade,wade d,1,false,30,-2.8017,espn-pbp/ep-20260920-230959
2294,Iowa Hawkeyes,2022,Hunter Dekkers,dekkers h,1,false,,,espn-pbp/ep-20260920-230959
66,Iowa State Cyclones,2022,Hunter Dekkers,dekkers h,11,true,462,62.0590,espn-pbp/ep-20260920-230959
66,Iowa State Cyclones,2022,Spencer Petras,petras s,1,false,,,espn-pbp/ep-20260920-230959
2296,Jackson State Tigers,2022,Shedeur Sanders,sanders s,6,true,276,91.3977,espn-pbp/ep-20260920-230959
2296,Jackson State Tigers,2022,Draylen Ellis,ellis d,1,false,,,espn-pbp/ep-20260920-230959
2296,Jackson State Tigers,2022,Jalon Jones,jones j,1,false,,,espn-pbp/ep-20260920-230959
2296,Jackson State Tigers,2022,Tre Lawrence,lawrence t,1,false,,,espn-pbp/ep-20260920-230959
2296,Jackson State Tigers,2022,Hajj-Malik Williams,williams h,1,false,,,espn-pbp/ep-20260920-230959
55,Jacksonville State Gamecocks,2022,Zion Webb,webb z,9,true,195,-4.0056,espn-pbp/ep-20260920-230959
55,Jacksonville State Gamecocks,2022,Aaron McLaughlin,mclaughlin a,1,false,22,-0.5801,espn-pbp/ep-20260920-230959
55,Jacksonville State Gamecocks,2022,Kohen Granier,granier k,1,false,,,espn-pbp/ep-20260920-230959
256,James Madison Dukes,2022,Todd Centeio,centeio t,9,true,259,92.6396,espn-pbp/ep-20260920-230959
256,James Madison Dukes,2022,Billy Atkins,atkins b,1,false,44,-20.3940,espn-pbp/ep-20260920-230959
256,James Madison Dukes,2022,Otto Kuhns,kuhns o,1,false,,,espn-pbp/ep-20260920-230959
2305,Kansas Jayhawks,2022,Jalon Daniels,daniels j,9,true,208,74.1612,espn-pbp/ep-20260920-230959
2305,Kansas Jayhawks,2022,Jason Bean,bean j,3,false,115,34.5160,espn-pbp/ep-20260920-230959
2306,Kansas State Wildcats,2022,Adrian Martinez,martinez a,7,true,156,9.5915,espn-pbp/ep-20260920-230959
2306,Kansas State Wildcats,2022,Will Howard,howard w,6,false,169,48.9347,espn-pbp/ep-20260920-230959
2306,Kansas State Wildcats,2022,Brady Cook,cook b,1,false,,,espn-pbp/ep-20260920-230959
338,Kennesaw State Owls,2022,Xavier Shepherd,shepherd x,8,true,83,-12.3620,espn-pbp/ep-20260920-230959
338,Kennesaw State Owls,2022,Jonathan Murphy,murphy j,3,false,53,5.8554,espn-pbp/ep-20260920-230959
2309,Kent State Golden Flashes,2022,Collin Schlee,schlee c,7,true,182,17.8082,espn-pbp/ep-20260920-230959
2309,Kent State Golden Flashes,2022,"Kargman,Devin",kargman d,1,false,52,-8.1822,espn-pbp/ep-20260920-230959
2309,Kent State Golden Flashes,2022,Dillon Gabriel,gabriel d,1,false,,,espn-pbp/ep-20260920-230959
2309,Kent State Golden Flashes,2022,Derek Green,green d,1,false,,,espn-pbp/ep-20260920-230959
2309,Kent State Golden Flashes,2022,Cole Snyder,snyder c,1,false,,,espn-pbp/ep-20260920-230959
3077,Kentucky Christian Knights,2022,Maxwell Ward,ward m,1,true,41,-3.5482,espn-pbp/ep-20260920-230959
96,Kentucky Wildcats,2022,Will Levis,levis w,11,true,278,72.7124,espn-pbp/ep-20260920-230959
96,Kentucky Wildcats,2022,Kaiya Sheron,sheron k,1,false,30,5.6342,espn-pbp/ep-20260920-230959
96,Kentucky Wildcats,2022,Joe Labas,labas j,1,false,24,-11.5727,espn-pbp/ep-20260920-230959
99,LSU Tigers,2022,Jayden Daniels,daniels j,14,true,393,111.0419,espn-pbp/ep-20260920-230959
99,LSU Tigers,2022,Garrett Nussmeier,nussmeier g,0,false,62,20.9608,espn-pbp/ep-20260920-230959
2318,La Verne Leopards,2022,Miguel Aguero Jr.,aguero m,1,true,35,-14.8725,espn-pbp/ep-20260920-230959
322,Lafayette Leopards,2022,Ah-Shaun Davis,davis a,5,false,120,-19.5192,espn-pbp/ep-20260920-230959
322,Lafayette Leopards,2022,Ryan Schuster,schuster r,4,true,81,-28.3773,espn-pbp/ep-20260920-230959
322,Lafayette Leopards,2022,Rent Montie,montie r,1,false,69,-0.8820,espn-pbp/ep-20260920-230959
322,Lafayette Leopards,2022,Ethan Grady,grady e,1,false,,,espn-pbp/ep-20260920-230959
2320,Lamar Cardinals,2022,Mike Chandler,chandler m,7,true,198,-36.4064,espn-pbp/ep-20260920-230959
2320,Lamar Cardinals,2022,Nick Yockey,yockey n,2,false,73,-5.9189,espn-pbp/ep-20260920-230959
2320,Lamar Cardinals,2022,Ryan Roberts,roberts r,1,false,,,espn-pbp/ep-20260920-230959
2323,Lane Dragons,2022,Michael Huntley,huntley m,1,true,21,12.3226,espn-pbp/ep-20260920-230959
2323,Lane Dragons,2022,Chayil Garnett,garnett c,1,false,,,espn-pbp/ep-20260920-230959
2329,Lehigh Mountain Hawks,2022,Dante Perri,perri d,4,true,210,7.0283,espn-pbp/ep-20260920-230959
2329,Lehigh Mountain Hawks,2022,Michael Brescia,brescia m,1,false,,,espn-pbp/ep-20260920-230959
2329,Lehigh Mountain Hawks,2022,Tony Muskett,muskett t,1,false,,,espn-pbp/ep-20260920-230959
2329,Lehigh Mountain Hawks,2022,Nick Semptimphelter,semptimphelter n,1,false,,,espn-pbp/ep-20260920-230959
2329,Lehigh Mountain Hawks,2022,Matthew Sluka,sluka m,1,false,,,espn-pbp/ep-20260920-230959
2329,Lehigh Mountain Hawks,2022,Reece Udinski,udinski r,1,false,,,espn-pbp/ep-20260920-230959
2329,Lehigh Mountain Hawks,2022,Jameson Wang,wang j,1,false,,,espn-pbp/ep-20260920-230959
2335,Liberty Flames,2022,Johnathan Bennett,bennett j,7,false,222,21.0264,espn-pbp/ep-20260920-230959
2335,Liberty Flames,2022,Kaidon Salter,salter k,4,false,144,20.4415,espn-pbp/ep-20260920-230959
2335,Liberty Flames,2022,Charlie Brewer,brewer c,2,true,13,-5.9694,espn-pbp/ep-20260920-230959
2336,Limestone Saints,2022,Dustin Noller,noller d,1,true,4,-2.9900,espn-pbp/ep-20260920-230959
124179,Lincoln (CA) Oaklanders,2022,Rhett Reiley,reiley r,2,true,36,-11.9802,espn-pbp/ep-20260920-230959
124179,Lincoln (CA) Oaklanders,2022,Rhett Riley,riley r,1,false,14,-19.5044,espn-pbp/ep-20260920-230959
124179,Lincoln (CA) Oaklanders,2022,Justin Miller,miller j,1,false,,,espn-pbp/ep-20260920-230959
124179,Lincoln (CA) Oaklanders,2022,Cade Sexauer,sexauer c,1,false,,,espn-pbp/ep-20260920-230959
2339,Lincoln (PA) Lions,2022,Jared Lewis,lewis j,1,true,,,espn-pbp/ep-20260920-230959
2815,Lindenwood Lions,2022,Cade Brister,brister c,4,false,139,56.1458,espn-pbp/ep-20260920-230959
2815,Lindenwood Lions,2022,Justin Fomby,fomby j,1,true,,,espn-pbp/ep-20260920-230959
2815,Lindenwood Lions,2022,Turner Pullen,pullen t,1,false,,,espn-pbp/ep-20260920-230959
2341,Long Island University Sharks,2022,Derek Green,green d,3,true,70,4.9746,espn-pbp/ep-20260920-230959
2341,Long Island University Sharks,2022,Luca Stanzani,stanzani l,2,false,74,4.1651,espn-pbp/ep-20260920-230959
2341,Long Island University Sharks,2022,Ashur Carraha,carraha a,1,false,,,espn-pbp/ep-20260920-230959
2341,Long Island University Sharks,2022,Cole Doyle,doyle c,1,false,,,espn-pbp/ep-20260920-230959
2341,Long Island University Sharks,2022,Shon Mitchell,mitchell s,1,false,,,espn-pbp/ep-20260920-230959
2341,Long Island University Sharks,2022,Collin Schlee,schlee c,1,false,,,espn-pbp/ep-20260920-230959
2347,Louisiana Christian University Wildcats,2022,Brady Meitz,meitz b,1,true,,,espn-pbp/ep-20260920-230959
309,Louisiana Ragin' Cajuns,2022,Chandler Fields,fields c,7,true,172,23.8798,espn-pbp/ep-20260920-230959
309,Louisiana Ragin' Cajuns,2022,Ben Wooldridge,wooldridge b,5,false,208,-6.7455,espn-pbp/ep-20260920-230959
309,Louisiana Ragin' Cajuns,2022,Taylor Powell,powell t,1,false,,,espn-pbp/ep-20260920-230959
2348,Louisiana Tech Bulldogs,2022,Parker McNeil,mcneil p,7,false,175,26.5824,espn-pbp/ep-20260920-230959
2348,Louisiana Tech Bulldogs,2022,Landry Lyddy,lyddy l,4,false,88,2.3644,espn-pbp/ep-20260920-230959
2348,Louisiana Tech Bulldogs,2022,Matthew Downing,downing m,1,true,38,-10.9784,espn-pbp/ep-20260920-230959
97,Louisville Cardinals,2022,Malik Cunningham,cunningham m,9,true,218,24.9905,espn-pbp/ep-20260920-230959
97,Louisville Cardinals,2022,Brock Domann,domann b,4,false,127,6.3592,espn-pbp/ep-20260920-230959
311,Maine Black Bears,2022,Joe Fagnano,fagnano j,10,true,278,21.3026,espn-pbp/ep-20260920-230959
2368,Marist Red Foxes,2022,Brock Bagozzi,bagozzi b,7,true,224,-5.9664,espn-pbp/ep-20260920-230959
2369,Mars Hill Lions,2022,James Urzua,urzua j,1,true,28,-5.2589,espn-pbp/ep-20260920-230959
276,Marshall Thundering Herd,2022,Cam Fancher,fancher c,6,false,199,-36.8583,espn-pbp/ep-20260920-230959
276,Marshall Thundering Herd,2022,Henry Colombi,colombi h,4,true,74,-0.6135,espn-pbp/ep-20260920-230959
120,Maryland Terrapins,2022,Taulia Tagovailoa,tagovailoa t,11,true,329,51.7448,espn-pbp/ep-20260920-230959
120,Maryland Terrapins,2022,Billy Edwards Jr.,edwards b,1,false,44,8.0818,espn-pbp/ep-20260920-230959
113,Massachusetts Minutemen,2022,Brady Olson,olson b,5,false,148,-28.1219,espn-pbp/ep-20260920-230959
113,Massachusetts Minutemen,2022,Gino Campiotti,campiotti g,3,true,76,-31.5551,espn-pbp/ep-20260920-230959
113,Massachusetts Minutemen,2022,Garrett Dzuro,dzuro g,2,false,34,2.4322,espn-pbp/ep-20260920-230959
2816,McKendree Bearcats,2022,Cade Brister,brister c,1,true,,,espn-pbp/ep-20260920-230959
2377,McNeese Cowboys,2022,Knox Kadum,kadum k,1,false,53,-4.4477,espn-pbp/ep-20260920-230959
2377,McNeese Cowboys,2022,Kohen Granier,granier k,1,false,,,espn-pbp/ep-20260920-230959
2377,McNeese Cowboys,2022,Cephus Johnson III,johnson c,1,false,,,espn-pbp/ep-20260920-230959
2377,McNeese Cowboys,2022,TJ McMahon,mcmahon t,1,true,,,espn-pbp/ep-20260920-230959
2377,McNeese Cowboys,2022,Scott Pfeiffer,pfeiffer s,1,false,,,espn-pbp/ep-20260920-230959
2377,McNeese Cowboys,2022,Eric Rodriguez,rodriguez e,1,false,,,espn-pbp/ep-20260920-230959
2377,McNeese Cowboys,2022,Dom Shoffner,shoffner d,1,false,,,espn-pbp/ep-20260920-230959
2377,McNeese Cowboys,2022,DeAnte' Smith-Moore,smith-moore d,1,false,,,espn-pbp/ep-20260920-230959
2377,McNeese Cowboys,2022,Nick Yockey,yockey n,1,false,,,espn-pbp/ep-20260920-230959
235,Memphis Tigers,2022,Seth Henigan,henigan s,13,true,432,78.4215,espn-pbp/ep-20260920-230959
2382,Mercer Bears,2022,Fred Payton,payton f,11,true,275,123.3588,espn-pbp/ep-20260920-230959
2771,Merrimack Warriors,2022,Jack Zergiotis,zergiotis j,2,true,29,4.3648,espn-pbp/ep-20260920-230959
2771,Merrimack Warriors,2022,Gavin McCusker,mccusker g,1,false,22,7.4371,espn-pbp/ep-20260920-230959
2771,Merrimack Warriors,2022,Jacob Cady,cady j,1,false,,,espn-pbp/ep-20260920-230959
193,Miami (OH) RedHawks,2022,Aveon Smith,smith a,4,false,111,-9.7730,espn-pbp/ep-20260920-230959
193,Miami (OH) RedHawks,2022,Brett Gabbert,gabbert b,3,true,92,14.4604,espn-pbp/ep-20260920-230959
193,Miami (OH) RedHawks,2022,Treyson Bourguet,bourguet t,1,false,,,espn-pbp/ep-20260920-230959
193,Miami (OH) RedHawks,2022,Cole Snyder,snyder c,1,false,,,espn-pbp/ep-20260920-230959
2390,Miami Hurricanes,2022,Tyler Van Dyke,van dyke t,9,true,197,31.7765,espn-pbp/ep-20260920-230959
2390,Miami Hurricanes,2022,Jacurri Brown,brown j,2,false,48,-5.9371,espn-pbp/ep-20260920-230959
2390,Miami Hurricanes,2022,Jake Garcia,garcia j,1,false,103,10.1214,espn-pbp/ep-20260920-230959
127,Michigan State Spartans,2022,Payton Thorne,thorne p,12,true,410,58.9305,espn-pbp/ep-20260920-230959
2392,Michigan Tech Huskies,2022,Cade Sexauer,sexauer c,1,true,,,espn-pbp/ep-20260920-230959
130,Michigan Wolverines,2022,J.J. McCarthy,j. mccarthy j,13,false,316,99.7477,espn-pbp/ep-20260920-230959
130,Michigan Wolverines,2022,Cade McNamara,mcnamara c,1,true,24,-5.0269,espn-pbp/ep-20260920-230959
2393,Middle Tennessee Blue Raiders,2022,Chase Cunningham,cunningham c,12,true,478,40.9118,espn-pbp/ep-20260920-230959
2393,Middle Tennessee Blue Raiders,2022,Nicholas Vattiato,vattiato n,1,false,48,3.8023,espn-pbp/ep-20260920-230959
135,Minnesota Golden Gophers,2022,Tanner Morgan,morgan t,7,true,167,38.9961,espn-pbp/ep-20260920-230959
135,Minnesota Golden Gophers,2022,Athan Kaliakmanis,kaliakmanis a,5,false,114,14.7273,espn-pbp/ep-20260920-230959
135,Minnesota Golden Gophers,2022,Henry Ogala,ogala h,1,false,,,espn-pbp/ep-20260920-230959
2401,Mississippi College Choctaws,2022,Knox Kadum,kadum k,1,true,,,espn-pbp/ep-20260920-230959
344,Mississippi State Bulldogs,2022,Will Rogers,rogers w,13,true,601,64.6838,espn-pbp/ep-20260920-230959
2400,Mississippi Valley State Delta Devils,2022,Jalani Eason,eason j,1,true,41,-4.4406,espn-pbp/ep-20260920-230959
2400,Mississippi Valley State Delta Devils,2022,Glendon McDaniel,mcdaniel g,1,false,,,espn-pbp/ep-20260920-230959
2402,Missouri S&T Miners,2022,Ian Corwin,corwin i,1,true,,,espn-pbp/ep-20260920-230959
2623,Missouri State Bears,2022,Jason Shelley,shelley j,9,false,269,68.5630,espn-pbp/ep-20260920-230959
2623,Missouri State Bears,2022,Will McElvain,mcelvain w,1,true,,,espn-pbp/ep-20260920-230959
142,Missouri Tigers,2022,Brady Cook,cook b,11,true,330,47.6275,espn-pbp/ep-20260920-230959
142,Missouri Tigers,2022,Adrian Martinez,martinez a,1,false,,,espn-pbp/ep-20260920-230959
2405,Monmouth Hawks,2022,Tony Muskett,muskett t,5,false,172,67.7355,espn-pbp/ep-20260920-230959
2405,Monmouth Hawks,2022,Enzo Arjona,arjona e,3,false,69,4.7011,espn-pbp/ep-20260920-230959
2405,Monmouth Hawks,2022,Max Brosmer,brosmer m,1,true,,,espn-pbp/ep-20260920-230959
2405,Monmouth Hawks,2022,Tim DeMorat,demorat t,1,false,,,espn-pbp/ep-20260920-230959
2405,Monmouth Hawks,2022,Dante Perri,perri d,1,false,,,espn-pbp/ep-20260920-230959
149,Montana Grizzlies,2022,Lucas Johnson,johnson l,10,true,252,49.1384,espn-pbp/ep-20260920-230959
149,Montana Grizzlies,2022,Kris Brown,brown k,1,false,33,-3.1555,espn-pbp/ep-20260920-230959
147,Montana State Bobcats,2022,Tommy Mellott,mellott t,9,true,155,39.9547,espn-pbp/ep-20260920-230959
147,Montana State Bobcats,2022,Sean Chambers,chambers s,2,false,66,4.5835,espn-pbp/ep-20260920-230959
2413,Morehead State Eagles,2022,Grady Cramer,cramer g,7,true,245,-29.6813,espn-pbp/ep-20260920-230959
2413,Morehead State Eagles,2022,Colin Parachek,parachek c,2,false,49,5.2138,espn-pbp/ep-20260920-230959
2413,Morehead State Eagles,2022,Carter Cravens,cravens c,1,false,102,-8.1549,espn-pbp/ep-20260920-230959
60,Morehouse College Maroon Tigers,2022,Quinton Williams,williams q,1,true,,,espn-pbp/ep-20260920-230959
2415,Morgan State Bears,2022,Carson Baker,baker c,5,true,88,-0.3955,espn-pbp/ep-20260920-230959
2415,Morgan State Bears,2022,Duce Taylor,taylor d,3,false,74,-39.5775,espn-pbp/ep-20260920-230959
2415,Morgan State Bears,2022,C.J. Henry,j. henry c,1,false,,,espn-pbp/ep-20260920-230959
426,Mount Union Raiders,2022,Braxton Plunk,plunk b,1,true,38,9.5762,espn-pbp/ep-20260920-230959
93,Murray State Racers,2022,Jayden Stinson,stinson j,6,false,176,-42.8995,espn-pbp/ep-20260920-230959
93,Murray State Racers,2022,Lucas Maue,maue l,1,false,28,-20.0959,espn-pbp/ep-20260920-230959
93,Murray State Racers,2022,Isaac McNamee,mcnamee i,1,false,22,-20.5956,espn-pbp/ep-20260920-230959
93,Murray State Racers,2022,DJ Williams,williams d,1,true,18,10.2576,espn-pbp/ep-20260920-230959
93,Murray State Racers,2022,Cephus Johnson III,johnson c,1,false,,,espn-pbp/ep-20260920-230959
152,NC State Wolfpack,2022,Devin Leary,leary d,6,true,203,24.9288,espn-pbp/ep-20260920-230959
152,NC State Wolfpack,2022,Jack Chambers,chambers j,3,false,64,-14.2665,espn-pbp/ep-20260920-230959
152,NC State Wolfpack,2022,Ben Finley,finley b,2,false,118,-0.7888,espn-pbp/ep-20260920-230959
152,NC State Wolfpack,2022,MJ Morris,morris m,2,false,85,12.7091,espn-pbp/ep-20260920-230959
2426,Navy Midshipmen,2022,Tai Lavatai,lavatai t,6,true,83,-4.8634,espn-pbp/ep-20260920-230959
2426,Navy Midshipmen,2022,Xavier Arline,arline x,3,false,13,3.6964,espn-pbp/ep-20260920-230959
2426,Navy Midshipmen,2022,Maasai Maynor,maynor m,1,false,15,5.8273,espn-pbp/ep-20260920-230959
158,Nebraska Cornhuskers,2022,Casey Thompson,thompson c,10,true,282,64.1131,espn-pbp/ep-20260920-230959
158,Nebraska Cornhuskers,2022,Chubba Purdy,purdy c,2,false,48,-25.1321,espn-pbp/ep-20260920-230959
2440,Nevada Wolf Pack,2022,Nate Cox,cox n,6,false,247,-2.1008,espn-pbp/ep-20260920-230959
2440,Nevada Wolf Pack,2022,Shane Illingworth,illingworth s,4,true,101,-29.8935,espn-pbp/ep-20260920-230959
2440,Nevada Wolf Pack,2022,Jalen Mayden,mayden j,1,false,26,0.8335,espn-pbp/ep-20260920-230959
160,New Hampshire Wildcats,2022,Max Brosmer,brosmer m,8,false,212,68.7050,espn-pbp/ep-20260920-230959
160,New Hampshire Wildcats,2022,Tony Muskett,muskett t,1,true,,,espn-pbp/ep-20260920-230959
160,New Hampshire Wildcats,2022,Davius Richard,richard d,1,false,,,espn-pbp/ep-20260920-230959
160,New Hampshire Wildcats,2022,Matthew Sluka,sluka m,1,false,,,espn-pbp/ep-20260920-230959
167,New Mexico Lobos,2022,Miles Kendrick,kendrick m,7,true,146,-14.5307,espn-pbp/ep-20260920-230959
167,New Mexico Lobos,2022,Justin Holaday,holaday j,3,false,61,-19.2840,espn-pbp/ep-20260920-230959
167,New Mexico Lobos,2022,CJ Montes,montes c,2,false,50,-21.2860,espn-pbp/ep-20260920-230959
166,New Mexico State Aggies,2022,Diego Pavia,pavia d,7,true,172,27.0210,espn-pbp/ep-20260920-230959
166,New Mexico State Aggies,2022,Gavin Frakes,frakes g,4,false,99,-15.5217,espn-pbp/ep-20260920-230959
166,New Mexico State Aggies,2022,Gavin Hardison,hardison g,1,false,,,espn-pbp/ep-20260920-230959
2447,Nicholls Colonels,2022,Kohen Granier,granier k,4,true,166,-4.1480,espn-pbp/ep-20260920-230959
2447,Nicholls Colonels,2022,Chandler Rogers,rogers c,1,false,27,3.5570,espn-pbp/ep-20260920-230959
2447,Nicholls Colonels,2022,Leonard Kelly,kelly l,1,false,22,-0.1712,espn-pbp/ep-20260920-230959
2447,Nicholls Colonels,2022,Justin Fomby,fomby j,1,false,,,espn-pbp/ep-20260920-230959
2447,Nicholls Colonels,2022,Knox Kadum,kadum k,1,false,,,espn-pbp/ep-20260920-230959
2447,Nicholls Colonels,2022,Jaiave Magalei,magalei j,1,false,,,espn-pbp/ep-20260920-230959
2447,Nicholls Colonels,2022,Lindsey Scott Jr.,scott l,1,false,,,espn-pbp/ep-20260920-230959
2447,Nicholls Colonels,2022,Zion Webb,webb z,1,false,,,espn-pbp/ep-20260920-230959
2450,Norfolk State Spartans,2022,Otto Kuhns,kuhns o,1,false,89,4.7483,espn-pbp/ep-20260920-230959
2450,Norfolk State Spartans,2022,Todd Centeio,centeio t,1,true,,,espn-pbp/ep-20260920-230959
2450,Norfolk State Spartans,2022,C.J. Henry,j. henry c,1,false,,,espn-pbp/ep-20260920-230959
2450,Norfolk State Spartans,2022,Malcolm Mays,mays m,1,false,,,espn-pbp/ep-20260920-230959
2450,Norfolk State Spartans,2022,Davius Richard,richard d,1,false,,,espn-pbp/ep-20260920-230959
2450,Norfolk State Spartans,2022,Quinton Williams,williams q,1,false,,,espn-pbp/ep-20260920-230959
2453,North Alabama Lions,2022,Noah Walters,walters n,9,false,243,-0.6646,espn-pbp/ep-20260920-230959
2453,North Alabama Lions,2022,Will McElvain,mcelvain w,1,false,,,espn-pbp/ep-20260920-230959
2453,North Alabama Lions,2022,Gavin Screws,screws g,1,true,,,espn-pbp/ep-20260920-230959
123086,North American University Stallions,2022,Randal Moore,moore r,1,true,28,-23.0943,espn-pbp/ep-20260920-230959
123086,North American University Stallions,2022,Joseph Hess,hess j,1,false,19,-13.0055,espn-pbp/ep-20260920-230959
2448,North Carolina A&T Aggies,2022,Jalen Fowler,fowler j,4,false,73,37.0273,espn-pbp/ep-20260920-230959
2448,North Carolina A&T Aggies,2022,Zachary Yeager,yeager z,1,false,5,-2.4763,espn-pbp/ep-20260920-230959
2448,North Carolina A&T Aggies,2022,Davius Richard,richard d,1,true,,,espn-pbp/ep-20260920-230959
2428,North Carolina Central Eagles,2022,Davius Richard,richard d,6,false,148,49.3780,espn-pbp/ep-20260920-230959
2428,North Carolina Central Eagles,2022,Max Brosmer,brosmer m,1,false,,,espn-pbp/ep-20260920-230959
2428,North Carolina Central Eagles,2022,Otto Kuhns,kuhns o,1,false,,,espn-pbp/ep-20260920-230959
2428,North Carolina Central Eagles,2022,Richard Latimer,latimer r,1,false,,,espn-pbp/ep-20260920-230959
2428,North Carolina Central Eagles,2022,Zachary Yeager,yeager z,1,true,,,espn-pbp/ep-20260920-230959
153,North Carolina Tar Heels,2022,Drake Maye,maye d,13,true,514,182.5165,espn-pbp/ep-20260920-230959
153,North Carolina Tar Heels,2022,Darren Grainger,grainger d,1,false,,,espn-pbp/ep-20260920-230959
3071,North Central College Cardinals,2022,Luke Lehnen,lehnen l,1,true,10,3.6517,espn-pbp/ep-20260920-230959
155,North Dakota Fighting Hawks,2022,Tommy Schuster,schuster t,10,true,328,106.7630,espn-pbp/ep-20260920-230959
155,North Dakota Fighting Hawks,2022,Bronson Barron,barron b,1,false,,,espn-pbp/ep-20260920-230959
2449,North Dakota State Bison,2022,Cam Miller,miller c,12,true,204,46.0924,espn-pbp/ep-20260920-230959
2449,North Dakota State Bison,2022,Nic Baker,baker n,1,false,,,espn-pbp/ep-20260920-230959
2449,North Dakota State Bison,2022,Clay Bruno,bruno c,1,false,,,espn-pbp/ep-20260920-230959
2822,North Greenville Crusaders,2022,Bryce Fields,fields b,1,true,26,-8.1379,espn-pbp/ep-20260920-230959
249,North Texas Mean Green,2022,Austin Aune,aune a,12,true,371,91.7439,espn-pbp/ep-20260920-230959
2464,Northern Arizona Lumberjacks,2022,RJ Martinez,martinez r,8,true,370,49.7119,espn-pbp/ep-20260920-230959
2464,Northern Arizona Lumberjacks,2022,Dylan McCaffrey,mccaffrey d,1,false,,,espn-pbp/ep-20260920-230959
2458,Northern Colorado Bears,2022,Dylan McCaffrey,mccaffrey d,7,true,235,-8.0414,espn-pbp/ep-20260920-230959
2458,Northern Colorado Bears,2022,Jacob Sirmon,sirmon j,1,false,66,7.5111,espn-pbp/ep-20260920-230959
2458,Northern Colorado Bears,2022,Miles Hastings,hastings m,1,false,,,espn-pbp/ep-20260920-230959
2458,Northern Colorado Bears,2022,RJ Martinez,martinez r,1,false,,,espn-pbp/ep-20260920-230959
2459,Northern Illinois Huskies,2022,Rocky Lombardi,lombardi r,4,true,78,40.4527,espn-pbp/ep-20260920-230959
2459,Northern Illinois Huskies,2022,Ethan Hampton,hampton e,3,false,93,6.5657,espn-pbp/ep-20260920-230959
2459,Northern Illinois Huskies,2022,Nevan Cremascoli,cremascoli n,3,false,69,-0.6851,espn-pbp/ep-20260920-230959
2459,Northern Illinois Huskies,2022,Justin Lynch,lynch j,1,false,26,-0.5735,espn-pbp/ep-20260920-230959
2459,Northern Illinois Huskies,2022,Daniel Richardson,richardson d,1,false,23,-9.2176,espn-pbp/ep-20260920-230959
2460,Northern Iowa Panthers,2022,Theo Day,day t,6,true,185,100.5855,espn-pbp/ep-20260920-230959
2460,Northern Iowa Panthers,2022,Boone Abbott,abbott b,1,false,,,espn-pbp/ep-20260920-230959
2460,Northern Iowa Panthers,2022,Asher O'Hara,o'hara a,1,false,,,espn-pbp/ep-20260920-230959
2460,Northern Iowa Panthers,2022,Gavin Screws,screws g,1,false,,,espn-pbp/ep-20260920-230959
2466,Northwestern State Demons,2022,Zachary Clement,clement z,6,false,368,-14.5885,espn-pbp/ep-20260920-230959
2466,Northwestern State Demons,2022,Miles Fallin,fallin m,3,true,48,-21.6033,espn-pbp/ep-20260920-230959
2466,Northwestern State Demons,2022,Justin Fomby,fomby j,1,false,,,espn-pbp/ep-20260920-230959
2466,Northwestern State Demons,2022,Eli Sawyer,sawyer e,1,false,,,espn-pbp/ep-20260920-230959
77,Northwestern Wildcats,2022,Ryan Hilinski,hilinski r,5,true,208,-9.2914,espn-pbp/ep-20260920-230959
77,Northwestern Wildcats,2022,Brendan Sullivan,sullivan b,4,false,69,-1.0116,espn-pbp/ep-20260920-230959
77,Northwestern Wildcats,2022,Cole Freeman,freeman c,2,false,44,-14.5977,espn-pbp/ep-20260920-230959
77,Northwestern Wildcats,2022,Riley Leonard,leonard r,1,false,,,espn-pbp/ep-20260920-230959
87,Notre Dame Fighting Irish,2022,Drew Pyne,pyne d,10,false,236,53.4545,espn-pbp/ep-20260920-230959
87,Notre Dame Fighting Irish,2022,Tyler Buchner,buchner t,3,true,86,6.1278,espn-pbp/ep-20260920-230959
195,Ohio Bobcats,2022,Kurtis Rourke,rourke k,10,true,272,105.0529,espn-pbp/ep-20260920-230959
195,Ohio Bobcats,2022,CJ Harris,harris c,3,false,98,-5.2040,espn-pbp/ep-20260920-230959
194,Ohio State Buckeyes,2022,C.J. Stroud,j. stroud c,13,true,378,136.1250,espn-pbp/ep-20260920-230959
201,Oklahoma Sooners,2022,Dillon Gabriel,gabriel d,10,true,236,24.8907,espn-pbp/ep-20260920-230959
201,Oklahoma Sooners,2022,Davis Beville,beville d,1,false,31,-12.0751,espn-pbp/ep-20260920-230959
201,Oklahoma Sooners,2022,Collin Schlee,schlee c,1,false,,,espn-pbp/ep-20260920-230959
197,Oklahoma State Cowboys,2022,Spencer Sanders,sanders s,9,true,383,44.5167,espn-pbp/ep-20260920-230959
197,Oklahoma State Cowboys,2022,Garret Rangel,rangel g,3,false,118,-12.9790,espn-pbp/ep-20260920-230959
197,Oklahoma State Cowboys,2022,Gunnar Gundy,gundy g,1,false,41,-7.2796,espn-pbp/ep-20260920-230959
295,Old Dominion Monarchs,2022,Hayden Wolff,wolff h,12,true,410,-8.2470,espn-pbp/ep-20260920-230959
145,Ole Miss Rebels,2022,Jaxson Dart,dart j,12,true,369,73.0071,espn-pbp/ep-20260920-230959
145,Ole Miss Rebels,2022,Will McElvain,mcelvain w,1,false,,,espn-pbp/ep-20260920-230959
2483,Oregon Ducks,2022,Bo Nix,nix b,13,true,414,87.9584,espn-pbp/ep-20260920-230959
204,Oregon State Beavers,2022,Ben Gulbranson,gulbranson b,7,false,202,35.5439,espn-pbp/ep-20260920-230959
204,Oregon State Beavers,2022,Chance Nolan,nolan c,4,true,87,11.6842,espn-pbp/ep-20260920-230959
204,Oregon State Beavers,2022,Tristan Gebbia,gebbia t,1,false,13,7.2917,espn-pbp/ep-20260920-230959
204,Oregon State Beavers,2022,Caleb Williams,williams c,1,false,,,espn-pbp/ep-20260920-230959
213,Penn State Nittany Lions,2022,Sean Clifford,clifford s,12,true,341,109.0912,espn-pbp/ep-20260920-230959
213,Penn State Nittany Lions,2022,Drew Allar,allar d,0,false,51,3.7312,espn-pbp/ep-20260920-230959
219,Pennsylvania Quakers,2022,Aidan Sayin,sayin a,5,true,220,24.5821,espn-pbp/ep-20260920-230959
219,Pennsylvania Quakers,2022,Jameson Wang,wang j,1,false,,,espn-pbp/ep-20260920-230959
219,Pennsylvania Quakers,2022,Jake Willcox,willcox j,1,false,,,espn-pbp/ep-20260920-230959
221,Pittsburgh Panthers,2022,Kedon Slovis,slovis k,11,true,321,7.7553,espn-pbp/ep-20260920-230959
221,Pittsburgh Panthers,2022,Nick Patti,patti n,1,false,57,-0.7654,espn-pbp/ep-20260920-230959
221,Pittsburgh Panthers,2022,Nate Yarnell,yarnell n,1,false,16,12.1048,espn-pbp/ep-20260920-230959
2502,Portland State Vikings,2022,Dante Chachere,chachere d,10,true,237,21.0091,espn-pbp/ep-20260920-230959
2504,Prairie View A&M Panthers,2022,Trazon Connley,connley t,8,true,162,29.6755,espn-pbp/ep-20260920-230959
2504,Prairie View A&M Panthers,2022,Channing Dumas,dumas c,1,false,15,-4.3819,espn-pbp/ep-20260920-230959
2504,Prairie View A&M Panthers,2022,Quaterius Hawkins,hawkins q,1,false,,,espn-pbp/ep-20260920-230959
2506,Presbyterian Blue Hose,2022,Nate Hayden,hayden n,5,true,123,4.5527,espn-pbp/ep-20260920-230959
2506,Presbyterian Blue Hose,2022,Ty Englehart,englehart t,1,false,34,10.0288,espn-pbp/ep-20260920-230959
2506,Presbyterian Blue Hose,2022,Alex Piccirilli,piccirilli a,1,false,,,espn-pbp/ep-20260920-230959
2506,Presbyterian Blue Hose,2022,Tyler Wesley,wesley t,0,false,55,23.5199,espn-pbp/ep-20260920-230959
163,Princeton Tigers,2022,Blake Stenstrom,stenstrom b,7,false,263,63.5772,espn-pbp/ep-20260920-230959
163,Princeton Tigers,2022,Brady Meitz,meitz b,1,true,,,espn-pbp/ep-20260920-230959
2509,Purdue Boilermakers,2022,Aidan O'Connell,o'connell a,10,true,389,42.3603,espn-pbp/ep-20260920-230959
2509,Purdue Boilermakers,2022,Austin Burton,burton a,2,false,57,-6.1572,espn-pbp/ep-20260920-230959
2509,Purdue Boilermakers,2022,Gavin Screws,screws g,1,false,,,espn-pbp/ep-20260920-230959
227,Rhode Island Rams,2022,Kasim Hill,hill k,10,true,256,33.9714,espn-pbp/ep-20260920-230959
242,Rice Owls,2022,TJ McMahon,mcmahon t,7,false,196,30.0967,espn-pbp/ep-20260920-230959
242,Rice Owls,2022,AJ Padgett,padgett a,2,false,76,1.9883,espn-pbp/ep-20260920-230959
242,Rice Owls,2022,Wiley Green,green w,2,true,18,1.1986,espn-pbp/ep-20260920-230959
242,Rice Owls,2022,Knox Kadum,kadum k,1,false,,,espn-pbp/ep-20260920-230959
257,Richmond Spiders,2022,Reece Udinski,udinski r,10,true,372,119.9958,espn-pbp/ep-20260920-230959
257,Richmond Spiders,2022,Dante Perri,perri d,1,false,,,espn-pbp/ep-20260920-230959
257,Richmond Spiders,2022,Justin Sliwoski,sliwoski j,1,false,,,espn-pbp/ep-20260920-230959
2523,Robert Morris Colonials,2022,Zach Tanner,tanner z,3,false,153,-36.8389,espn-pbp/ep-20260920-230959
2523,Robert Morris Colonials,2022,Anthony Chiccitt,chiccitt a,3,false,61,-34.6294,espn-pbp/ep-20260920-230959
2523,Robert Morris Colonials,2022,Jared Lewis,lewis j,1,true,,,espn-pbp/ep-20260920-230959
164,Rutgers Scarlet Knights,2022,Gavin Wimsatt,wimsatt g,5,true,119,-33.5355,espn-pbp/ep-20260920-230959
164,Rutgers Scarlet Knights,2022,Evan Simon,simon e,2,false,130,-21.2912,espn-pbp/ep-20260920-230959
164,Rutgers Scarlet Knights,2022,Noah Vedral,vedral n,1,false,49,-5.8332,espn-pbp/ep-20260920-230959
164,Rutgers Scarlet Knights,2022,Connor Bazelak,bazelak c,1,false,,,espn-pbp/ep-20260920-230959
164,Rutgers Scarlet Knights,2022,E.J. Warner,j. warner e,1,false,,,espn-pbp/ep-20260920-230959
164,Rutgers Scarlet Knights,2022,Nick Kargman,kargman n,1,false,,,espn-pbp/ep-20260920-230959
2545,SE Louisiana Lions,2022,Cephus Johnson III,johnson c,5,true,129,-6.7319,espn-pbp/ep-20260920-230959
2545,SE Louisiana Lions,2022,Zachary Clement,clement z,1,false,,,espn-pbp/ep-20260920-230959
2545,SE Louisiana Lions,2022,N'Kosi Perry,perry n,1,false,,,espn-pbp/ep-20260920-230959
2545,SE Louisiana Lions,2022,Eric Rodriguez,rodriguez e,1,false,,,espn-pbp/ep-20260920-230959
2545,SE Louisiana Lions,2022,Jayden Stinson,stinson j,1,false,,,espn-pbp/ep-20260920-230959
2545,SE Louisiana Lions,2022,Walker Wood,wood w,1,false,,,espn-pbp/ep-20260920-230959
2545,SE Louisiana Lions,2022,Eli Sawyer,sawyer e,0,false,87,27.1563,espn-pbp/ep-20260920-230959
2567,SMU Mustangs,2022,Tanner Mordecai,mordecai t,12,true,396,61.8044,espn-pbp/ep-20260920-230959
2567,SMU Mustangs,2022,Preston Stone,stone p,1,false,40,5.5193,espn-pbp/ep-20260920-230959
16,Sacramento State Hornets,2022,Jake Dunniway,dunniway j,8,true,247,59.0174,espn-pbp/ep-20260920-230959
16,Sacramento State Hornets,2022,Asher O'Hara,o'hara a,2,false,82,35.0353,espn-pbp/ep-20260920-230959
16,Sacramento State Hornets,2022,Theo Day,day t,1,false,,,espn-pbp/ep-20260920-230959
2529,Sacred Heart Pioneers,2022,Marquez McCray,mccray m,4,true,75,-0.2004,espn-pbp/ep-20260920-230959
2529,Sacred Heart Pioneers,2022,Rob McCoy,mccoy r,2,false,46,5.4782,espn-pbp/ep-20260920-230959
2529,Sacred Heart Pioneers,2022,Cole Doyle,doyle c,1,false,,,espn-pbp/ep-20260920-230959
2598,Saint Francis Red Flash,2022,Justin Sliwoski,sliwoski j,2,true,57,5.2127,espn-pbp/ep-20260920-230959
2598,Saint Francis Red Flash,2022,Cole Doyle,doyle c,1,false,67,21.4190,espn-pbp/ep-20260920-230959
2598,Saint Francis Red Flash,2022,Ashur Carraha,carraha a,1,false,,,espn-pbp/ep-20260920-230959
2598,Saint Francis Red Flash,2022,Derek Green,green d,1,false,,,espn-pbp/ep-20260920-230959
2598,Saint Francis Red Flash,2022,Marquez McCray,mccray m,1,false,,,espn-pbp/ep-20260920-230959
2598,Saint Francis Red Flash,2022,Joe Mischler,mischler j,1,false,,,espn-pbp/ep-20260920-230959
2598,Saint Francis Red Flash,2022,Reece Udinski,udinski r,1,false,,,espn-pbp/ep-20260920-230959
2534,Sam Houston Bearkats,2022,Keegan Shoemaker,shoemaker k,4,false,192,-15.0666,espn-pbp/ep-20260920-230959
2534,Sam Houston Bearkats,2022,Jordan Yates,yates j,3,true,72,-24.8492,espn-pbp/ep-20260920-230959
2534,Sam Houston Bearkats,2022,Trapper Pannell,pannell t,1,false,31,-16.2118,espn-pbp/ep-20260920-230959
2534,Sam Houston Bearkats,2022,Victor Gabalis,gabalis v,1,false,,,espn-pbp/ep-20260920-230959
2535,Samford Bulldogs,2022,Michael Hiers,hiers m,10,true,335,75.6118,espn-pbp/ep-20260920-230959
2535,Samford Bulldogs,2022,Quincy Crittendon,crittendon q,1,false,65,11.4090,espn-pbp/ep-20260920-230959
2535,Samford Bulldogs,2022,Graeson Underwood,underwood g,1,false,,,espn-pbp/ep-20260920-230959
21,San Diego State Aztecs,2022,Jalen Mayden,mayden j,7,false,215,50.3604,espn-pbp/ep-20260920-230959
21,San Diego State Aztecs,2022,Braxton Burmeister,burmeister b,4,true,67,-22.7725,espn-pbp/ep-20260920-230959
21,San Diego State Aztecs,2022,Nate Cox,cox n,1,false,8,-1.6951,espn-pbp/ep-20260920-230959
301,San Diego Toreros,2022,Judd Erickson,erickson j,7,true,154,-7.6024,espn-pbp/ep-20260920-230959
301,San Diego Toreros,2022,Ian Corwin,corwin i,1,false,,,espn-pbp/ep-20260920-230959
301,San Diego Toreros,2022,Jayden Waddell,waddell j,1,false,,,espn-pbp/ep-20260920-230959
23,San José State Spartans,2022,Chevan Cordeiro,cordeiro c,11,true,435,127.6550,espn-pbp/ep-20260920-230959
23,San José State Spartans,2022,T.J. Finley,j. finley t,1,false,,,espn-pbp/ep-20260920-230959
6,South Alabama Jaguars,2022,Carter Bradley,bradley c,13,true,336,92.3119,espn-pbp/ep-20260920-230959
2579,South Carolina Gamecocks,2022,Spencer Rattler,rattler s,13,true,402,30.5629,espn-pbp/ep-20260920-230959
2569,South Carolina State Bulldogs,2022,Jr.  Cor Fields,fields j,1,false,39,-21.4343,espn-pbp/ep-20260920-230959
2569,South Carolina State Bulldogs,2022,Corey Fields,fields c,1,false,12,-12.9009,espn-pbp/ep-20260920-230959
2569,South Carolina State Bulldogs,2022,Jalon Jones,jones j,1,true,,,espn-pbp/ep-20260920-230959
2569,South Carolina State Bulldogs,2022,Quinton Williams,williams q,1,false,,,espn-pbp/ep-20260920-230959
233,South Dakota Coyotes,2022,Carson Camp,camp c,7,true,140,-12.4556,espn-pbp/ep-20260920-230959
233,South Dakota Coyotes,2022,Aidan Bouman,bouman a,4,false,135,26.6586,espn-pbp/ep-20260920-230959
2571,South Dakota State Jackrabbits,2022,Mark Gronowski,gronowski m,13,true,299,80.0344,espn-pbp/ep-20260920-230959
58,South Florida Bulls,2022,Gerry Bohanon,bohanon g,6,true,132,-3.6362,espn-pbp/ep-20260920-230959
58,South Florida Bulls,2022,Katravis Marsh,marsh k,3,false,119,6.1489,espn-pbp/ep-20260920-230959
58,South Florida Bulls,2022,Byrum Brown,brown b,2,false,51,17.7637,espn-pbp/ep-20260920-230959
2546,Southeast Missouri State Redhawks,2022,Paxton DeLaurent,delaurent p,8,true,272,64.5638,espn-pbp/ep-20260920-230959
2546,Southeast Missouri State Redhawks,2022,Patrick Heitert,heitert p,2,false,36,4.3815,espn-pbp/ep-20260920-230959
2546,Southeast Missouri State Redhawks,2022,Draylen Ellis,ellis d,1,false,,,espn-pbp/ep-20260920-230959
79,Southern Illinois Salukis,2022,Nic Baker,baker n,10,true,326,114.0300,espn-pbp/ep-20260920-230959
79,Southern Illinois Salukis,2022,Cam Miller,miller c,1,false,,,espn-pbp/ep-20260920-230959
2582,Southern Jaguars,2022,Besean McCray,mccray b,5,true,102,-11.7017,espn-pbp/ep-20260920-230959
2582,Southern Jaguars,2022,Glendon McDaniel,mcdaniel g,1,false,44,0.2298,espn-pbp/ep-20260920-230959
2582,Southern Jaguars,2022,Fanelle Andrus,andrus f,1,false,,,espn-pbp/ep-20260920-230959
2582,Southern Jaguars,2022,Julian Calvez,calvez j,1,false,,,espn-pbp/ep-20260920-230959
2582,Southern Jaguars,2022,Jalani Eason,eason j,1,false,,,espn-pbp/ep-20260920-230959
2572,Southern Miss Golden Eagles,2022,Zach Wilcke,wilcke z,8,false,182,-3.3759,espn-pbp/ep-20260920-230959
2572,Southern Miss Golden Eagles,2022,Trey Lowe,lowe t,4,false,125,8.7364,espn-pbp/ep-20260920-230959
2572,Southern Miss Golden Eagles,2022,Ty Keyes,keyes t,1,true,17,-0.5956,espn-pbp/ep-20260920-230959
253,Southern Utah Thunderbirds,2022,Justin Miller,miller j,3,false,125,0.5764,espn-pbp/ep-20260920-230959
253,Southern Utah Thunderbirds,2022,Beau Allen,allen b,1,false,,,espn-pbp/ep-20260920-230959
253,Southern Utah Thunderbirds,2022,Nick Davenport,davenport n,1,false,,,espn-pbp/ep-20260920-230959
253,Southern Utah Thunderbirds,2022,Rhett Reiley,reiley r,1,false,,,espn-pbp/ep-20260920-230959
253,Southern Utah Thunderbirds,2022,Cameron Rising,rising c,1,false,,,espn-pbp/ep-20260920-230959
253,Southern Utah Thunderbirds,2022,Trae Self,self t,1,false,,,espn-pbp/ep-20260920-230959
253,Southern Utah Thunderbirds,2022,Cade Sexauer,sexauer c,1,true,,,espn-pbp/ep-20260920-230959
2586,Southwest Baptist Bearcats,2022,Cooper Callis,callis c,1,true,28,3.5509,espn-pbp/ep-20260920-230959
125730,St. Thomas University (Fl) Bobcats,2022,Tyler Thomas,thomas t,1,false,39,-8.3273,espn-pbp/ep-20260920-230959
2900,St. Thomas-Minnesota Tommies,2022,Cade Sexauer,sexauer c,5,false,126,24.5467,espn-pbp/ep-20260920-230959
2900,St. Thomas-Minnesota Tommies,2022,Will Ark,ark w,1,false,,,espn-pbp/ep-20260920-230959
2900,St. Thomas-Minnesota Tommies,2022,Ian Corwin,corwin i,1,false,,,espn-pbp/ep-20260920-230959
2900,St. Thomas-Minnesota Tommies,2022,Brady Meitz,meitz b,1,false,,,espn-pbp/ep-20260920-230959
2900,St. Thomas-Minnesota Tommies,2022,Justin Miller,miller j,1,true,,,espn-pbp/ep-20260920-230959
2900,St. Thomas-Minnesota Tommies,2022,Rhett Riley,riley r,1,false,,,espn-pbp/ep-20260920-230959
2900,St. Thomas-Minnesota Tommies,2022,Jayden Waddell,waddell j,1,false,,,espn-pbp/ep-20260920-230959
24,Stanford Cardinal,2022,Tanner McKee,mckee t,12,true,445,37.5439,espn-pbp/ep-20260920-230959
2617,Stephen F. Austin Lumberjacks,2022,Trae Self,self t,9,true,297,47.1518,espn-pbp/ep-20260920-230959
2617,Stephen F. Austin Lumberjacks,2022,Aaron Allen,allen a,1,false,,,espn-pbp/ep-20260920-230959
2617,Stephen F. Austin Lumberjacks,2022,Justin Miller,miller j,1,false,,,espn-pbp/ep-20260920-230959
56,Stetson Hatters,2022,Brady Meitz,meitz b,2,false,87,24.6266,espn-pbp/ep-20260920-230959
56,Stetson Hatters,2022,Luke Bailey,bailey l,1,false,,,espn-pbp/ep-20260920-230959
56,Stetson Hatters,2022,Ty Englehart,englehart t,1,false,,,espn-pbp/ep-20260920-230959
56,Stetson Hatters,2022,Sal Palermo III,palermo s,1,true,,,espn-pbp/ep-20260920-230959
56,Stetson Hatters,2022,Cade Sexauer,sexauer c,1,false,,,espn-pbp/ep-20260920-230959
56,Stetson Hatters,2022,Blake Stenstrom,stenstrom b,1,false,,,espn-pbp/ep-20260920-230959
284,Stonehill Skyhawks,2022,Ashur Carraha,carraha a,1,true,18,9.5039,espn-pbp/ep-20260920-230959
284,Stonehill Skyhawks,2022,Cole Doyle,doyle c,1,false,,,espn-pbp/ep-20260920-230959
284,Stonehill Skyhawks,2022,Luca Stanzani,stanzani l,1,false,,,espn-pbp/ep-20260920-230959
2619,Stony Brook Seawolves,2022,Daron Bryden,bryden d,5,false,134,-12.3647,espn-pbp/ep-20260920-230959
2619,Stony Brook Seawolves,2022,Charlie McKee,mckee c,5,false,73,15.5538,espn-pbp/ep-20260920-230959
2619,Stony Brook Seawolves,2022,Joshua Zamot,zamot j,1,true,21,1.5917,espn-pbp/ep-20260920-230959
183,Syracuse Orange,2022,Garrett Shrader,shrader g,10,true,290,45.6871,espn-pbp/ep-20260920-230959
183,Syracuse Orange,2022,Carlos Del Rio-Wilson,del rio-wilson c,1,false,54,-4.4712,espn-pbp/ep-20260920-230959
183,Syracuse Orange,2022,Zion Turner,turner z,1,false,,,espn-pbp/ep-20260920-230959
2628,TCU Horned Frogs,2022,Max Duggan,duggan m,13,false,396,48.3958,espn-pbp/ep-20260920-230959
2628,TCU Horned Frogs,2022,Chandler Morris,morris c,1,true,27,6.1172,espn-pbp/ep-20260920-230959
2628,TCU Horned Frogs,2022,Beau Allen,allen b,1,false,,,espn-pbp/ep-20260920-230959
2627,Tarleton State Texans,2022,Beau Allen,allen b,8,false,212,29.9852,espn-pbp/ep-20260920-230959
2627,Tarleton State Texans,2022,Max Duggan,duggan m,1,true,,,espn-pbp/ep-20260920-230959
2627,Tarleton State Texans,2022,Justin Miller,miller j,1,false,,,espn-pbp/ep-20260920-230959
620,Taylor Trojans,2022,Elijah McCloskey,mccloskey e,1,true,15,-5.5899,espn-pbp/ep-20260920-230959
218,Temple Owls,2022,E.J. Warner,j. warner e,7,false,393,40.7456,espn-pbp/ep-20260920-230959
218,Temple Owls,2022,D'Wan Mathis,mathis d,2,true,31,-6.3656,espn-pbp/ep-20260920-230959
218,Temple Owls,2022,Evan Simon,simon e,1,false,,,espn-pbp/ep-20260920-230959
2634,Tennessee State Tigers,2022,Draylen Ellis,ellis d,5,true,179,18.7954,espn-pbp/ep-20260920-230959
2634,Tennessee State Tigers,2022,Paxton DeLaurent,delaurent p,1,false,,,espn-pbp/ep-20260920-230959
2634,Tennessee State Tigers,2022,Jalon Jones,jones j,1,false,,,espn-pbp/ep-20260920-230959
2634,Tennessee State Tigers,2022,Tarik McKinzie,mckinzie t,1,false,,,espn-pbp/ep-20260920-230959
2634,Tennessee State Tigers,2022,Jonah O'Brien,o'brien j,1,false,,,espn-pbp/ep-20260920-230959
2634,Tennessee State Tigers,2022,Shedeur Sanders,sanders s,1,false,,,espn-pbp/ep-20260920-230959
2634,Tennessee State Tigers,2022,Dresser Winn,winn d,1,false,,,espn-pbp/ep-20260920-230959
2635,Tennessee Tech Golden Eagles,2022,Jeremiah Oatsvall,oatsvall j,9,true,249,1.8236,espn-pbp/ep-20260920-230959
2633,Tennessee Volunteers,2022,Hendon Hooker,hooker h,11,true,356,129.6144,espn-pbp/ep-20260920-230959
2633,Tennessee Volunteers,2022,Joe Milton III,milton j,2,false,83,31.6319,espn-pbp/ep-20260920-230959
245,Texas A&M Aggies,2022,Haynes King,king h,5,true,189,-10.5570,espn-pbp/ep-20260920-230959
245,Texas A&M Aggies,2022,Conner Weigman,weigman c,4,false,135,-13.5950,espn-pbp/ep-20260920-230959
245,Texas A&M Aggies,2022,Max Johnson,johnson m,3,false,75,10.5774,espn-pbp/ep-20260920-230959
251,Texas Longhorns,2022,Quinn Ewers,ewers q,10,true,293,38.3280,espn-pbp/ep-20260920-230959
251,Texas Longhorns,2022,Hudson Card,card h,2,false,93,29.8740,espn-pbp/ep-20260920-230959
2640,Texas Southern Tigers,2022,Andrew Body,body a,9,true,200,25.7580,espn-pbp/ep-20260920-230959
2640,Texas Southern Tigers,2022,Aaron Allen,allen a,1,false,,,espn-pbp/ep-20260920-230959
326,Texas State Bobcats,2022,Layne Hatcher,hatcher l,11,true,362,-7.7762,espn-pbp/ep-20260920-230959
2641,Texas Tech Red Raiders,2022,Tyler Shough,shough t,5,true,121,12.3528,espn-pbp/ep-20260920-230959
2641,Texas Tech Red Raiders,2022,Behren Morton,morton b,4,false,171,12.2694,espn-pbp/ep-20260920-230959
2641,Texas Tech Red Raiders,2022,Donovan Smith,smith d,3,false,219,24.0275,espn-pbp/ep-20260920-230959
2641,Texas Tech Red Raiders,2022,Clayton Tune,tune c,1,false,,,espn-pbp/ep-20260920-230959
2643,The Citadel Bulldogs,2022,Peyton Derrick,derrick p,4,false,49,2.4985,espn-pbp/ep-20260920-230959
2643,The Citadel Bulldogs,2022,Graeson Underwood,underwood g,1,false,9,11.1963,espn-pbp/ep-20260920-230959
2643,The Citadel Bulldogs,2022,Ahmad Green,green a,1,false,2,-0.1595,espn-pbp/ep-20260920-230959
2643,The Citadel Bulldogs,2022,Fanelle Andrus,andrus f,1,false,,,espn-pbp/ep-20260920-230959
2643,The Citadel Bulldogs,2022,Michael Hiers,hiers m,1,false,,,espn-pbp/ep-20260920-230959
2643,The Citadel Bulldogs,2022,Tyler Riddell,riddell t,1,false,,,espn-pbp/ep-20260920-230959
2643,The Citadel Bulldogs,2022,Hajj-Malik Williams,williams h,1,true,,,espn-pbp/ep-20260920-230959
2646,Thomas More College Saints,2022,Blaine Espinosa,espinosa b,1,true,19,-9.8977,espn-pbp/ep-20260920-230959
2649,Toledo Rockets,2022,Dequan Finn,finn d,11,true,285,59.5056,espn-pbp/ep-20260920-230959
2649,Toledo Rockets,2022,Tucker Gleason,gleason t,2,false,125,-6.1280,espn-pbp/ep-20260920-230959
119,Towson Tigers,2022,Tyrrell Pigrome,pigrome t,9,false,220,14.7708,espn-pbp/ep-20260920-230959
119,Towson Tigers,2022,Ethan Grady,grady e,1,true,,,espn-pbp/ep-20260920-230959
2653,Troy Trojans,2022,Gunnar Watson,watson g,12,true,328,51.9503,espn-pbp/ep-20260920-230959
2653,Troy Trojans,2022,Jarret Doege,doege j,2,false,64,16.9175,espn-pbp/ep-20260920-230959
2655,Tulane Green Wave,2022,Michael Pratt,pratt m,11,false,319,75.7506,espn-pbp/ep-20260920-230959
2655,Tulane Green Wave,2022,Justin Ibieta,ibieta j,1,false,17,10.8541,espn-pbp/ep-20260920-230959
2655,Tulane Green Wave,2022,Aaron Allen,allen a,1,true,,,espn-pbp/ep-20260920-230959
202,Tulsa Golden Hurricane,2022,Davis Brin,brin d,9,true,201,59.1639,espn-pbp/ep-20260920-230959
202,Tulsa Golden Hurricane,2022,Braylon Braxton,braxton b,3,false,166,17.6661,espn-pbp/ep-20260920-230959
5,UAB Blazers,2022,Dylan Hopkins,hopkins d,10,true,223,54.1558,espn-pbp/ep-20260920-230959
5,UAB Blazers,2022,Jacob Zeno,zeno j,2,false,33,-4.5295,espn-pbp/ep-20260920-230959
399,UAlbany Great Danes,2022,Reese Poffenbarger,poffenbarger r,11,true,260,56.0019,espn-pbp/ep-20260920-230959
302,UC Davis Aggies,2022,Miles Hastings,hastings m,8,true,318,40.0538,espn-pbp/ep-20260920-230959
302,UC Davis Aggies,2022,Dylan McCaffrey,mccaffrey d,1,false,,,espn-pbp/ep-20260920-230959
302,UC Davis Aggies,2022,Gevani McCoy,mccoy g,1,false,,,espn-pbp/ep-20260920-230959
2116,UCF Knights,2022,John Rhys Plumlee,plumlee j,11,true,284,39.6963,espn-pbp/ep-20260920-230959
2116,UCF Knights,2022,Mikey Keene,keene m,1,false,83,24.7298,espn-pbp/ep-20260920-230959
2116,UCF Knights,2022,N'Kosi Perry,perry n,1,false,,,espn-pbp/ep-20260920-230959
26,UCLA Bruins,2022,Dorian Thompson-Robinson,thompson-robinson d,13,true,325,105.9544,espn-pbp/ep-20260920-230959
41,UConn Huskies,2022,Zion Turner,turner z,11,true,249,-36.8109,espn-pbp/ep-20260920-230959
41,UConn Huskies,2022,Garrett Shrader,shrader g,1,false,,,espn-pbp/ep-20260920-230959
2433,UL Monroe Warhawks,2022,Chandler Rogers,rogers c,11,true,275,16.3411,espn-pbp/ep-20260920-230959
2433,UL Monroe Warhawks,2022,Kohen Granier,granier k,1,false,44,-6.8167,espn-pbp/ep-20260920-230959
2439,UNLV Rebels,2022,Doug Brumfield,brumfield d,6,true,174,-4.2688,espn-pbp/ep-20260920-230959
2439,UNLV Rebels,2022,Harrison Bailey,bailey h,1,false,47,-1.1719,espn-pbp/ep-20260920-230959
2439,UNLV Rebels,2022,Cameron Friel,friel c,1,false,44,-7.0528,espn-pbp/ep-20260920-230959
2439,UNLV Rebels,2022,Haaziq Daniels,daniels h,1,false,,,espn-pbp/ep-20260920-230959
2439,UNLV Rebels,2022,Jake Haener,haener j,1,false,,,espn-pbp/ep-20260920-230959
30,USC Trojans,2022,Caleb Williams,williams c,13,true,514,193.4040,espn-pbp/ep-20260920-230959
30,USC Trojans,2022,Chance Nolan,nolan c,1,false,,,espn-pbp/ep-20260920-230959
2630,UT Martin Skyhawks,2022,Dresser Winn,winn d,9,true,338,42.2579,espn-pbp/ep-20260920-230959
2630,UT Martin Skyhawks,2022,Draylen Ellis,ellis d,1,false,,,espn-pbp/ep-20260920-230959
2630,UT Martin Skyhawks,2022,Justin Fomby,fomby j,1,false,,,espn-pbp/ep-20260920-230959
2638,UTEP Miners,2022,Gavin Hardison,hardison g,8,true,286,1.7410,espn-pbp/ep-20260920-230959
2638,UTEP Miners,2022,Calvin Brownholtz,brownholtz c,1,false,44,10.1525,espn-pbp/ep-20260920-230959
2638,UTEP Miners,2022,Hank Bachmeier,bachmeier h,1,false,,,espn-pbp/ep-20260920-230959
2638,UTEP Miners,2022,Gavin Frakes,frakes g,1,false,,,espn-pbp/ep-20260920-230959
2638,UTEP Miners,2022,Grayson James,james g,1,false,,,espn-pbp/ep-20260920-230959
2636,UTSA Roadrunners,2022,Frank Harris,harris f,13,true,323,126.6840,espn-pbp/ep-20260920-230959
2842,UVA Wise Cavaliers,2022,Lendon Redwine,redwine l,1,true,35,-2.4365,espn-pbp/ep-20260920-230959
328,Utah State Aggies,2022,Cooper Legas,legas c,8,false,229,17.5719,espn-pbp/ep-20260920-230959
328,Utah State Aggies,2022,Logan Bonner,bonner l,3,true,39,9.0180,espn-pbp/ep-20260920-230959
328,Utah State Aggies,2022,Bishop Davenport,davenport b,1,false,46,1.3281,espn-pbp/ep-20260920-230959
3101,Utah Tech Trailblazers,2022,Victor Gabalis,gabalis v,4,true,129,18.5222,espn-pbp/ep-20260920-230959
3101,Utah Tech Trailblazers,2022,Heath Beemiller,beemiller h,1,false,,,espn-pbp/ep-20260920-230959
3101,Utah Tech Trailblazers,2022,Theo Day,day t,1,false,,,espn-pbp/ep-20260920-230959
3101,Utah Tech Trailblazers,2022,Ethan Long,long e,1,false,,,espn-pbp/ep-20260920-230959
3101,Utah Tech Trailblazers,2022,Keegan Shoemaker,shoemaker k,1,false,,,espn-pbp/ep-20260920-230959
254,Utah Utes,2022,Cameron Rising,rising c,12,true,370,77.7762,espn-pbp/ep-20260920-230959
254,Utah Utes,2022,Bryson Barnes,barnes b,1,false,54,14.6041,espn-pbp/ep-20260920-230959
254,Utah Utes,2022,Justin Miller,miller j,1,false,,,espn-pbp/ep-20260920-230959
2678,VMI Keydets,2022,Seth Morgan,morgan s,5,true,160,-23.8733,espn-pbp/ep-20260920-230959
2678,VMI Keydets,2022,Collin Shannon,shannon c,1,false,19,1.4318,espn-pbp/ep-20260920-230959
2678,VMI Keydets,2022,Carlos Davis,davis c,1,false,,,espn-pbp/ep-20260920-230959
2674,Valparaiso Beacons,2022,Michael Appel Jr.,appel m,10,true,244,24.9927,espn-pbp/ep-20260920-230959
2674,Valparaiso Beacons,2022,Mason Kaplan,kaplan m,1,false,79,20.1308,espn-pbp/ep-20260920-230959
2674,Valparaiso Beacons,2022,Nick Howard,howard n,1,false,,,espn-pbp/ep-20260920-230959
238,Vanderbilt Commodores,2022,AJ Swann,swann a,6,false,194,-12.6703,espn-pbp/ep-20260920-230959
238,Vanderbilt Commodores,2022,Mike Wright,wright m,6,true,128,-6.5337,espn-pbp/ep-20260920-230959
222,Villanova Wildcats,2022,Connor Watkins,watkins c,10,true,208,1.4088,espn-pbp/ep-20260920-230959
258,Virginia Cavaliers,2022,Brennan Armstrong,armstrong b,9,true,324,3.0773,espn-pbp/ep-20260920-230959
258,Virginia Cavaliers,2022,Riley Leonard,leonard r,1,false,,,espn-pbp/ep-20260920-230959
2355,Virginia Lynchburg Dragons,2022,Cj Brooks,brooks c,2,true,75,-5.0698,espn-pbp/ep-20260920-230959
2355,Virginia Lynchburg Dragons,2022,Alvaro Ortega,ortega a,1,false,19,-14.3778,espn-pbp/ep-20260920-230959
2355,Virginia Lynchburg Dragons,2022,Besean McCray,mccray b,1,false,,,espn-pbp/ep-20260920-230959
2355,Virginia Lynchburg Dragons,2022,Graeson Underwood,underwood g,1,false,,,espn-pbp/ep-20260920-230959
259,Virginia Tech Hokies,2022,Grant Wells,wells g,8,true,246,-3.8021,espn-pbp/ep-20260920-230959
259,Virginia Tech Hokies,2022,Phil Jurkovec,jurkovec p,1,false,,,espn-pbp/ep-20260920-230959
259,Virginia Tech Hokies,2022,Zach Pyron,pyron z,1,false,,,espn-pbp/ep-20260920-230959
259,Virginia Tech Hokies,2022,Jimmy Weirick,weirick j,1,false,,,espn-pbp/ep-20260920-230959
2681,Wagner Seahawks,2022,Nick Kargman,kargman n,3,false,115,-26.1245,espn-pbp/ep-20260920-230959
2681,Wagner Seahawks,2022,Quincy Guy-Barnes,guy-barnes q,1,false,33,-6.3074,espn-pbp/ep-20260920-230959
2681,Wagner Seahawks,2022,Ryan Kraft,kraft r,1,false,11,-7.2329,espn-pbp/ep-20260920-230959
2681,Wagner Seahawks,2022,Tim DeMorat,demorat t,1,true,,,espn-pbp/ep-20260920-230959
2681,Wagner Seahawks,2022,Evan Simon,simon e,1,false,,,espn-pbp/ep-20260920-230959
154,Wake Forest Demon Deacons,2022,Sam Hartman,hartman s,12,false,462,198.8330,espn-pbp/ep-20260920-230959
154,Wake Forest Demon Deacons,2022,Mitch Griffis,griffis m,1,true,40,19.8295,espn-pbp/ep-20260920-230959
2683,Warner Royals,2022,Cohen Begue,begue c,1,true,14,2.1346,espn-pbp/ep-20260920-230959
264,Washington Huskies,2022,Michael Penix Jr.,penix m,13,true,571,232.5391,espn-pbp/ep-20260920-230959
265,Washington State Cougars,2022,Cameron Ward,ward c,12,true,477,31.6697,espn-pbp/ep-20260920-230959
2692,Weber State Wildcats,2022,Bronson Barron,barron b,7,false,117,11.8970,espn-pbp/ep-20260920-230959
2692,Weber State Wildcats,2022,Tommy Schuster,schuster t,1,false,,,espn-pbp/ep-20260920-230959
2692,Weber State Wildcats,2022,Gannon Winker,winker g,1,true,,,espn-pbp/ep-20260920-230959
277,West Virginia Mountaineers,2022,JT Daniels,daniels j,10,true,288,38.1252,espn-pbp/ep-20260920-230959
277,West Virginia Mountaineers,2022,Garrett Greene,greene g,2,false,60,5.6721,espn-pbp/ep-20260920-230959
2717,Western Carolina Catamounts,2022,Carlos Davis,davis c,6,true,215,36.9447,espn-pbp/ep-20260920-230959
2717,Western Carolina Catamounts,2022,Cole Gonzales,gonzales c,3,false,107,12.7659,espn-pbp/ep-20260920-230959
2717,Western Carolina Catamounts,2022,Collin Ironside,ironside c,1,false,,,espn-pbp/ep-20260920-230959
2710,Western Illinois Leathernecks,2022,Clay Bruno,bruno c,2,false,105,-17.4663,espn-pbp/ep-20260920-230959
2710,Western Illinois Leathernecks,2022,Henry Ogala,ogala h,2,true,66,-31.1672,espn-pbp/ep-20260920-230959
2710,Western Illinois Leathernecks,2022,Mitch Davidson,davidson m,1,false,,,espn-pbp/ep-20260920-230959
2710,Western Illinois Leathernecks,2022,Cam Miller,miller c,1,false,,,espn-pbp/ep-20260920-230959
2710,Western Illinois Leathernecks,2022,Justin Miller,miller j,1,false,,,espn-pbp/ep-20260920-230959
2710,Western Illinois Leathernecks,2022,Tanner Morgan,morgan t,1,false,,,espn-pbp/ep-20260920-230959
2710,Western Illinois Leathernecks,2022,Evan Olaes,olaes e,1,false,,,espn-pbp/ep-20260920-230959
98,Western Kentucky Hilltoppers,2022,Austin Reed,reed a,13,true,529,100.1562,espn-pbp/ep-20260920-230959
2711,Western Michigan Broncos,2022,Jack Salopek,salopek j,7,true,183,-14.4420,espn-pbp/ep-20260920-230959
2711,Western Michigan Broncos,2022,Treyson Bourguet,bourguet t,2,false,72,8.9931,espn-pbp/ep-20260920-230959
2711,Western Michigan Broncos,2022,Mareyohn Hrabowski,hrabowski m,1,false,11,-0.3877,espn-pbp/ep-20260920-230959
2711,Western Michigan Broncos,2022,Bert Emanuel Jr.,emanuel b,1,false,,,espn-pbp/ep-20260920-230959
2711,Western Michigan Broncos,2022,Brett Gabbert,gabbert b,1,false,,,espn-pbp/ep-20260920-230959
2703,Western New Mexico Mustangs,2022,Devin Larsen,larsen d,1,true,46,-19.8551,espn-pbp/ep-20260920-230959
2848,Western Oregon Wolves,2022,Bronson Barron,barron b,1,true,,,espn-pbp/ep-20260920-230959
2729,William & Mary Tribe,2022,Darius Wilson,wilson d,10,false,191,43.3409,espn-pbp/ep-20260920-230959
2729,William & Mary Tribe,2022,James Foster,foster j,1,true,,,espn-pbp/ep-20260920-230959
2911,William Jewell Cardinals,2022,Taylor Eggers,eggers t,1,true,36,-12.2263,espn-pbp/ep-20260920-230959
2736,Winston-Salem Rams,2022,Davius Richard,richard d,1,true,,,espn-pbp/ep-20260920-230959
275,Wisconsin Badgers,2022,Graham Mertz,mertz g,11,true,251,8.8256,espn-pbp/ep-20260920-230959
275,Wisconsin Badgers,2022,Chase Wolf,wolf c,1,false,32,-11.5357,espn-pbp/ep-20260920-230959
2747,Wofford Terriers,2022,Jimmy Weirick,weirick j,9,true,262,45.8425,espn-pbp/ep-20260920-230959
2747,Wofford Terriers,2022,Grant Wells,wells g,1,false,,,espn-pbp/ep-20260920-230959
2751,Wyoming Cowboys,2022,Andrew Peasley,peasley a,12,true,232,-10.8411,espn-pbp/ep-20260920-230959
2751,Wyoming Cowboys,2022,Jayden Clemons,clemons j,1,false,29,-7.9318,espn-pbp/ep-20260920-230959
43,Yale Bulldogs,2022,Nolan Grooms,grooms n,6,false,159,22.2786,espn-pbp/ep-20260920-230959
43,Yale Bulldogs,2022,Jameson Wang,wang j,1,true,,,espn-pbp/ep-20260920-230959
2754,Youngstown State Penguins,2022,Mitch Davidson,davidson m,6,false,189,44.3274,espn-pbp/ep-20260920-230959
2754,Youngstown State Penguins,2022,Demeatric Crenshaw,crenshaw d,4,true,85,-7.7697,espn-pbp/ep-20260920-230959
2754,Youngstown State Penguins,2022,Clay Bruno,bruno c,1,false,,,espn-pbp/ep-20260920-230959
2000,Abilene Christian Wildcats,2023,Maverick McIvor,mcivor m,8,true,218,23.6057,espn-pbp/ep-20260920-230959
2005,Air Force Falcons,2023,Zac Larrier,larrier z,10,true,73,26.4780,espn-pbp/ep-20260920-230959
2005,Air Force Falcons,2023,"JONES, Jensen",jones j,2,false,19,4.6748,espn-pbp/ep-20260920-230959
2005,Air Force Falcons,2023,John Busha,busha j,1,false,20,1.6847,espn-pbp/ep-20260920-230959
2006,Akron Zips,2023,Jeff Undercuffler Jr.,undercuffler j,5,false,149,7.4734,espn-pbp/ep-20260920-230959
2006,Akron Zips,2023,DJ Irons,irons d,5,true,132,-17.8471,espn-pbp/ep-20260920-230959
2006,Akron Zips,2023,Tahj Bullock,bullock t,2,false,48,-5.8852,espn-pbp/ep-20260920-230959
2010,Alabama A&M Bulldogs,2023,Quincy Casey,casey q,6,false,129,50.1291,espn-pbp/ep-20260920-230959
2010,Alabama A&M Bulldogs,2023,Xavier Lankford,lankford x,3,true,57,-10.6414,espn-pbp/ep-20260920-230959
2010,Alabama A&M Bulldogs,2023,Polo Solomon,solomon p,1,false,,,espn-pbp/ep-20260920-230959
333,Alabama Crimson Tide,2023,Jalen Milroe,milroe j,13,true,257,99.8301,espn-pbp/ep-20260920-230959
333,Alabama Crimson Tide,2023,Tyler Buchner,buchner t,1,false,19,-8.4966,espn-pbp/ep-20260920-230959
2011,Alabama State Hornets,2023,Damon Stewart,stewart d,8,false,163,34.7854,espn-pbp/ep-20260920-230959
2011,Alabama State Hornets,2023,Dematrius Davis,davis d,2,false,37,-15.5492,espn-pbp/ep-20260920-230959
2011,Alabama State Hornets,2023,Harold Blood,blood h,1,true,,,espn-pbp/ep-20260920-230959
2016,Alcorn State Braves,2023,Aaron Allen,allen a,6,false,182,56.9032,espn-pbp/ep-20260920-230959
2016,Alcorn State Braves,2023,Tyler Macon,macon t,1,true,6,-8.7305,espn-pbp/ep-20260920-230959
2016,Alcorn State Braves,2023,Brian Mauer,mauer b,1,false,,,espn-pbp/ep-20260920-230959
2022,American International Yellow Jackets,2023,Cephas Williams,williams c,1,true,25,-18.4614,espn-pbp/ep-20260920-230959
2026,App State Mountaineers,2023,Joey Aguilar,aguilar j,13,false,365,104.7676,espn-pbp/ep-20260920-230959
2026,App State Mountaineers,2023,Ryan Burger,burger r,1,true,13,5.3974,espn-pbp/ep-20260920-230959
9,Arizona State Sun Devils,2023,Trenton Bourguet,bourguet t,8,false,257,-27.7845,espn-pbp/ep-20260920-230959
9,Arizona State Sun Devils,2023,Jaden Rashada,rashada j,3,true,82,-20.5492,espn-pbp/ep-20260920-230959
9,Arizona State Sun Devils,2023,Drew Pyne,pyne d,1,false,47,-13.3757,espn-pbp/ep-20260920-230959
12,Arizona Wildcats,2023,Noah Fifita,fifita n,9,false,296,112.0367,espn-pbp/ep-20260920-230959
12,Arizona Wildcats,2023,Jayden de Laura,de laura j,4,true,129,32.0307,espn-pbp/ep-20260920-230959
8,Arkansas Razorbacks,2023,KJ Jefferson,jefferson k,11,true,255,33.2965,espn-pbp/ep-20260920-230959
8,Arkansas Razorbacks,2023,Jacolby Criswell,criswell j,1,false,28,8.1946,espn-pbp/ep-20260920-230959
2032,Arkansas State Red Wolves,2023,Jaylen Raynor,raynor j,10,false,285,81.9434,espn-pbp/ep-20260920-230959
2032,Arkansas State Red Wolves,2023,J.T. Shrout,t. shrout j,2,true,26,-14.2693,espn-pbp/ep-20260920-230959
2032,Arkansas State Red Wolves,2023,Jaxon Dailey,dailey j,1,false,18,-4.4510,espn-pbp/ep-20260920-230959
2029,Arkansas-Pine Bluff Golden Lions,2023,Chancellor Edwards,edwards c,3,false,86,-0.9080,espn-pbp/ep-20260920-230959
2029,Arkansas-Pine Bluff Golden Lions,2023,Jalen Macon,macon j,3,false,56,14.2595,espn-pbp/ep-20260920-230959
2029,Arkansas-Pine Bluff Golden Lions,2023,Mekhi Hagens,hagens m,2,true,65,-15.0114,espn-pbp/ep-20260920-230959
349,Army Black Knights,2023,Bryson Daily,daily b,10,true,122,-14.9606,espn-pbp/ep-20260920-230959
349,Army Black Knights,2023,Champ Harris,harris c,2,false,35,-1.3875,espn-pbp/ep-20260920-230959
2,Auburn Tigers,2023,Payton Thorne,thorne p,12,true,285,50.7183,espn-pbp/ep-20260920-230959
2,Auburn Tigers,2023,Robby Ashford,ashford r,1,false,28,-10.1547,espn-pbp/ep-20260920-230959
2046,Austin Peay Governors,2023,Mike DiLiello,diliello m,12,true,292,86.3338,espn-pbp/ep-20260920-230959
252,BYU Cougars,2023,Kedon Slovis,slovis k,8,true,273,-12.7776,espn-pbp/ep-20260920-230959
252,BYU Cougars,2023,Jake Retzlaff,retzlaff j,4,false,125,-26.1805,espn-pbp/ep-20260920-230959
2050,Ball State Cardinals,2023,Kiael Kelly,kelly k,6,false,124,-14.8321,espn-pbp/ep-20260920-230959
2050,Ball State Cardinals,2023,Layne Hatcher,hatcher l,3,true,102,10.5716,espn-pbp/ep-20260920-230959
2050,Ball State Cardinals,2023,Kadin Semonza,semonza k,3,false,83,-6.2039,espn-pbp/ep-20260920-230959
122666,Barton Bulldogs,2023,Jaquan Lynch,lynch j,1,true,14,3.2964,espn-pbp/ep-20260920-230959
239,Baylor Bears,2023,Blake Shapen,shapen b,8,true,251,18.3513,espn-pbp/ep-20260920-230959
239,Baylor Bears,2023,Sawyer Robertson,robertson s,4,false,117,-1.7338,espn-pbp/ep-20260920-230959
2065,Bethune-Cookman Wildcats,2023,Walter Simmons III,simmons w,4,true,110,-30.0423,espn-pbp/ep-20260920-230959
2065,Bethune-Cookman Wildcats,2023,Luke Sprague,sprague l,4,false,86,25.5475,espn-pbp/ep-20260920-230959
2065,Bethune-Cookman Wildcats,2023,Tylik Bethea,bethea t,3,false,61,-2.4359,espn-pbp/ep-20260920-230959
2069,Black Hills State Yellow Jackets,2023,Amari Powell,powell a,1,true,,,espn-pbp/ep-20260920-230959
68,Boise State Broncos,2023,Taylen Green,green t,11,true,210,14.1199,espn-pbp/ep-20260920-230959
68,Boise State Broncos,2023,Maddux Madsen,madsen m,2,false,133,42.9570,espn-pbp/ep-20260920-230959
68,Boise State Broncos,2023,CJ Tiller,tiller c,1,false,22,-1.6554,espn-pbp/ep-20260920-230959
103,Boston College Eagles,2023,Thomas Castellanos,castellanos t,12,false,302,41.9088,espn-pbp/ep-20260920-230959
103,Boston College Eagles,2023,Emmett Morehead,morehead e,1,true,19,-3.8894,espn-pbp/ep-20260920-230959
189,Bowling Green Falcons,2023,Connor Bazelak,bazelak c,11,true,280,24.1925,espn-pbp/ep-20260920-230959
189,Bowling Green Falcons,2023,Camden Orth,orth c,2,false,62,5.3363,espn-pbp/ep-20260920-230959
225,Brown Bears,2023,Jake Willcox,willcox j,10,true,363,81.0349,espn-pbp/ep-20260920-230959
2803,Bryant Bulldogs,2023,Zevi Eckhaus,eckhaus z,7,false,186,123.0167,espn-pbp/ep-20260920-230959
2803,Bryant Bulldogs,2023,Doug Brumfield,brumfield d,1,true,,,espn-pbp/ep-20260920-230959
2803,Bryant Bulldogs,2023,Luca Stanzani,stanzani l,1,false,,,espn-pbp/ep-20260920-230959
2083,Bucknell Bison,2023,Ralph Rucker,rucker r,9,true,243,69.3688,espn-pbp/ep-20260920-230959
2083,Bucknell Bison,2023,Nick Semptimphelter,semptimphelter n,1,false,11,11.6761,espn-pbp/ep-20260920-230959
2083,Bucknell Bison,2023,Tyler Knoop,knoop t,1,false,,,espn-pbp/ep-20260920-230959
2084,Buffalo Bulls,2023,Cole Snyder,snyder c,11,true,298,-20.5907,espn-pbp/ep-20260920-230959
2086,Butler Bulldogs,2023,Bret Bushka,bushka b,10,true,255,49.2169,espn-pbp/ep-20260920-230959
13,Cal Poly Mustangs,2023,Sam Huard,huard s,9,true,306,29.6635,espn-pbp/ep-20260920-230959
13,Cal Poly Mustangs,2023,Bo Kelly,kelly b,2,false,118,-4.0575,espn-pbp/ep-20260920-230959
25,California Golden Bears,2023,Fernando Mendoza,mendoza f,8,false,249,19.5235,espn-pbp/ep-20260920-230959
25,California Golden Bears,2023,Sam Jackson V,jackson s,3,true,96,4.0055,espn-pbp/ep-20260920-230959
25,California Golden Bears,2023,Ben Finley,finley b,2,false,96,10.4942,espn-pbp/ep-20260920-230959
2097,Campbell Fighting Camels,2023,Hajj-Malik Williams,williams h,9,true,238,67.5452,espn-pbp/ep-20260920-230959
2105,Carson-Newman Eagles,2023,Zane Whitson,whitson z,1,true,14,-14.1014,espn-pbp/ep-20260920-230959
2110,Central Arkansas Bears,2023,Will McElvain,mcelvain w,10,true,269,56.3409,espn-pbp/ep-20260920-230959
2115,Central Connecticut Blue Devils,2023,Matt Jenner,jenner m,8,false,151,-0.0299,espn-pbp/ep-20260920-230959
2115,Central Connecticut Blue Devils,2023,C.J. Duell,j. duell c,2,true,52,11.6643,espn-pbp/ep-20260920-230959
2115,Central Connecticut Blue Devils,2023,Ricky Ortega,ortega r,1,false,35,7.1533,espn-pbp/ep-20260920-230959
2117,Central Michigan Chippewas,2023,Jase Bauer,bauer j,10,false,275,23.9632,espn-pbp/ep-20260920-230959
2117,Central Michigan Chippewas,2023,Jr.  Bert Emanuel,emanuel j,2,true,32,-7.6257,espn-pbp/ep-20260920-230959
2119,Central State (OH) Marauders,2023,Alec Lewis,lewis a,1,true,43,-1.2107,espn-pbp/ep-20260920-230959
2127,Charleston Southern Buccaneers,2023,Zolten Osborne,osborne z,3,false,71,0.5426,espn-pbp/ep-20260920-230959
2127,Charleston Southern Buccaneers,2023,Zolten Osbourne,osbourne z,2,false,58,-5.6345,espn-pbp/ep-20260920-230959
2127,Charleston Southern Buccaneers,2023,Isaiah Bess,bess i,2,false,35,6.4296,espn-pbp/ep-20260920-230959
2127,Charleston Southern Buccaneers,2023,Tony Bartalo,bartalo t,1,false,19,3.6381,espn-pbp/ep-20260920-230959
2127,Charleston Southern Buccaneers,2023,Kaleb Jackson,jackson k,1,true,2,-2.7635,espn-pbp/ep-20260920-230959
2429,Charlotte 49ers,2023,Trexler Ivey,ivey t,8,false,209,-13.1698,espn-pbp/ep-20260920-230959
2429,Charlotte 49ers,2023,Jalon Jones,jones j,4,true,115,-15.4146,espn-pbp/ep-20260920-230959
236,Chattanooga Mocs,2023,Chase Artopoeus,artopoeus c,9,true,269,142.0428,espn-pbp/ep-20260920-230959
236,Chattanooga Mocs,2023,Luke Schomburg,schomburg l,3,false,44,-6.9776,espn-pbp/ep-20260920-230959
236,Chattanooga Mocs,2023,Jonathan Murphy,murphy j,1,false,,,espn-pbp/ep-20260920-230959
2132,Cincinnati Bearcats,2023,Emory Jones,jones e,12,true,293,29.4619,espn-pbp/ep-20260920-230959
228,Clemson Tigers,2023,Cade Klubnik,klubnik c,13,true,433,62.8193,espn-pbp/ep-20260920-230959
324,Coastal Carolina Chanticleers,2023,Grayson McCall,mccall g,7,true,233,59.2953,espn-pbp/ep-20260920-230959
324,Coastal Carolina Chanticleers,2023,Ethan Vasko,vasko e,4,false,125,20.3725,espn-pbp/ep-20260920-230959
324,Coastal Carolina Chanticleers,2023,Jarrett Guest,guest j,2,false,63,31.4852,espn-pbp/ep-20260920-230959
2142,Colgate Raiders,2023,Michael Brescia,brescia m,6,true,129,-0.8843,espn-pbp/ep-20260920-230959
2142,Colgate Raiders,2023,Zach Osborne,osborne z,3,false,55,8.1378,espn-pbp/ep-20260920-230959
2142,Colgate Raiders,2023,Jake Stearney,stearney j,2,false,80,29.0757,espn-pbp/ep-20260920-230959
38,Colorado Buffaloes,2023,Shedeur Sanders,sanders s,11,true,388,100.5527,espn-pbp/ep-20260920-230959
38,Colorado Buffaloes,2023,Ryan Staub,staub r,1,false,40,1.7496,espn-pbp/ep-20260920-230959
11,Colorado Mesa Mavericks,2023,Leslie Richardson,richardson l,1,true,14,-1.6477,espn-pbp/ep-20260920-230959
2146,Colorado School of Mines Orediggers,2023,John Matocha,matocha j,1,true,34,11.5642,espn-pbp/ep-20260920-230959
36,Colorado State Rams,2023,Brayden Fowler-Nicolosi,fowler-nicolosi b,11,false,469,63.3382,espn-pbp/ep-20260920-230959
36,Colorado State Rams,2023,Clay Millen,millen c,1,true,24,-5.1215,espn-pbp/ep-20260920-230959
171,Columbia Lions,2023,Caden Bell,bell c,5,true,111,-15.8417,espn-pbp/ep-20260920-230959
171,Columbia Lions,2023,Joe Green,green j,4,false,93,6.2352,espn-pbp/ep-20260920-230959
172,Cornell Big Red,2023,Jameson Wang,wang j,10,true,265,59.4223,espn-pbp/ep-20260920-230959
2782,Cortland Red Dragons,2023,Zac Boyes,boyes z,1,true,34,22.8623,espn-pbp/ep-20260920-230959
159,Dartmouth Big Green,2023,Dylan Cadwallader,cadwallader d,3,true,83,-0.5908,espn-pbp/ep-20260920-230959
159,Dartmouth Big Green,2023,Jackson Proctor,proctor j,3,false,53,15.9549,espn-pbp/ep-20260920-230959
159,Dartmouth Big Green,2023,Nick Howard,howard n,3,false,47,0.1441,espn-pbp/ep-20260920-230959
2166,Davidson Wildcats,2023,Coulter Cleland,cleland c,10,false,145,57.8090,espn-pbp/ep-20260920-230959
2166,Davidson Wildcats,2023,Luke Durkin,durkin l,1,true,35,0.5170,espn-pbp/ep-20260920-230959
2168,Dayton Flyers,2023,Dante Casciola,casciola d,5,true,74,6.5011,espn-pbp/ep-20260920-230959
2168,Dayton Flyers,2023,Drew VanVleet,vanvleet d,4,false,103,-16.5082,espn-pbp/ep-20260920-230959
48,Delaware Blue Hens,2023,Ryan O'Connor,o'connor r,9,true,253,17.4016,espn-pbp/ep-20260920-230959
48,Delaware Blue Hens,2023,Nick Minicucci,minicucci n,1,false,75,-10.4312,espn-pbp/ep-20260920-230959
48,Delaware Blue Hens,2023,Zach Marker,marker z,1,false,37,21.7882,espn-pbp/ep-20260920-230959
2169,Delaware State Hornets,2023,Marqui Adams,adams m,5,false,171,29.0752,espn-pbp/ep-20260920-230959
2169,Delaware State Hornets,2023,Aaron Angelos,angelos a,5,true,76,-2.7207,espn-pbp/ep-20260920-230959
2181,Drake Bulldogs,2023,Luke Bailey,bailey l,12,true,321,-13.1533,espn-pbp/ep-20260920-230959
150,Duke Blue Devils,2023,Riley Leonard,leonard r,7,true,173,17.9698,espn-pbp/ep-20260920-230959
150,Duke Blue Devils,2023,Grayson Loftis,loftis g,5,false,121,25.5566,espn-pbp/ep-20260920-230959
150,Duke Blue Devils,2023,Henry Belin IV,belin h,1,false,30,6.1673,espn-pbp/ep-20260920-230959
2184,Duquesne Dukes,2023,Darius Perrantes,perrantes d,11,true,200,41.0463,espn-pbp/ep-20260920-230959
151,East Carolina Pirates,2023,Alex Flinn,flinn a,9,false,244,-41.4386,espn-pbp/ep-20260920-230959
151,East Carolina Pirates,2023,Mason Garcia,garcia m,3,true,95,-20.9349,espn-pbp/ep-20260920-230959
2193,East Tennessee State Buccaneers,2023,William Riddle,riddle w,4,false,93,-12.0508,espn-pbp/ep-20260920-230959
2193,East Tennessee State Buccaneers,2023,Tyler Riddell,riddell t,3,true,45,-15.8053,espn-pbp/ep-20260920-230959
2193,East Tennessee State Buccaneers,2023,"ELLER, Haynes",eller h,2,false,30,-3.7235,espn-pbp/ep-20260920-230959
2193,East Tennessee State Buccaneers,2023,Baron May,may b,2,false,29,3.5448,espn-pbp/ep-20260920-230959
2837,East Texas A&M Lions,2023,Josh Magana,magana j,6,false,175,9.8051,espn-pbp/ep-20260920-230959
2837,East Texas A&M Lions,2023,Peter Parrish,parrish p,2,true,38,-18.4296,espn-pbp/ep-20260920-230959
2837,East Texas A&M Lions,2023,Mirko Martos,martos m,1,false,23,-0.4082,espn-pbp/ep-20260920-230959
2197,Eastern Illinois Panthers,2023,Pierce Holley,holley p,9,false,310,100.3118,espn-pbp/ep-20260920-230959
2197,Eastern Illinois Panthers,2023,Gavin Screws,screws g,1,true,21,-5.6506,espn-pbp/ep-20260920-230959
2197,Eastern Illinois Panthers,2023,Nate Glantz,glantz n,1,false,,,espn-pbp/ep-20260920-230959
2198,Eastern Kentucky Colonels,2023,Parker McKinney,mckinney p,10,true,285,89.5992,espn-pbp/ep-20260920-230959
2199,Eastern Michigan Eagles,2023,Austin Smith,smith a,11,true,224,-8.4088,espn-pbp/ep-20260920-230959
2199,Eastern Michigan Eagles,2023,Ike Udengwu III,udengwu i,2,false,21,-19.4934,espn-pbp/ep-20260920-230959
331,Eastern Washington Eagles,2023,Kekoa Visperas,visperas k,9,true,289,60.4108,espn-pbp/ep-20260920-230959
331,Eastern Washington Eagles,2023,Jared Taylor,taylor j,1,false,31,-11.8815,espn-pbp/ep-20260920-230959
2210,Elon Phoenix,2023,Matthew Downing,downing m,9,true,164,41.4301,espn-pbp/ep-20260920-230959
2210,Elon Phoenix,2023,Justin Allen,allen j,1,false,22,-2.4589,espn-pbp/ep-20260920-230959
2222,Ferris State Bulldogs,2023,Mylik Mitchell,mitchell m,1,true,23,-1.4247,espn-pbp/ep-20260920-230959
50,Florida A&M Rattlers,2023,Jeremy Moussa,moussa j,10,true,292,69.1246,espn-pbp/ep-20260920-230959
50,Florida A&M Rattlers,2023,Junior Muratovic,muratovic j,1,false,19,0.5935,espn-pbp/ep-20260920-230959
2226,Florida Atlantic Owls,2023,Daniel Richardson,richardson d,9,false,317,-0.9629,espn-pbp/ep-20260920-230959
2226,Florida Atlantic Owls,2023,Casey Thompson,thompson c,3,true,83,-6.1384,espn-pbp/ep-20260920-230959
57,Florida Gators,2023,Graham Mertz,mertz g,11,true,323,109.0615,espn-pbp/ep-20260920-230959
57,Florida Gators,2023,Max Brown,brown m,1,false,29,7.5816,espn-pbp/ep-20260920-230959
2229,Florida International Panthers,2023,Keyone Jenkins,jenkins k,11,false,269,5.8421,espn-pbp/ep-20260920-230959
2229,Florida International Panthers,2023,Grayson James,james g,1,true,39,-9.2623,espn-pbp/ep-20260920-230959
52,Florida State Seminoles,2023,Jordan Travis,travis j,11,true,333,93.7062,espn-pbp/ep-20260920-230959
52,Florida State Seminoles,2023,Brock Glenn,glenn b,2,false,54,-16.7665,espn-pbp/ep-20260920-230959
52,Florida State Seminoles,2023,Tate Rodemaker,rodemaker t,1,false,61,29.5066,espn-pbp/ep-20260920-230959
2230,Fordham Rams,2023,CJ Montes,montes c,10,true,274,114.6023,espn-pbp/ep-20260920-230959
278,Fresno State Bulldogs,2023,Mikey Keene,keene m,11,true,381,82.3389,espn-pbp/ep-20260920-230959
278,Fresno State Bulldogs,2023,Logan Fife,fife l,2,false,95,18.0643,espn-pbp/ep-20260920-230959
231,Furman Paladins,2023,Tyler Huff,huff t,11,true,252,51.8452,espn-pbp/ep-20260920-230959
231,Furman Paladins,2023,Carson Jones,jones c,2,false,97,6.6288,espn-pbp/ep-20260920-230959
2241,Gardner-Webb Runnin' Bulldogs,2023,Jaylen King,king j,4,false,98,-19.9163,espn-pbp/ep-20260920-230959
2241,Gardner-Webb Runnin' Bulldogs,2023,Matthew Caldwell,caldwell m,3,true,92,5.5528,espn-pbp/ep-20260920-230959
46,Georgetown Hoyas,2023,Tyler Knoop,knoop t,9,true,315,73.2270,espn-pbp/ep-20260920-230959
46,Georgetown Hoyas,2023,Ralph Rucker,rucker r,1,false,,,espn-pbp/ep-20260920-230959
61,Georgia Bulldogs,2023,Carson Beck,beck c,14,true,437,204.4650,espn-pbp/ep-20260920-230959
290,Georgia Southern Eagles,2023,Davis Brin,brin d,13,true,568,62.4712,espn-pbp/ep-20260920-230959
2247,Georgia State Panthers,2023,Darren Grainger,grainger d,13,true,367,50.1754,espn-pbp/ep-20260920-230959
59,Georgia Tech Yellow Jackets,2023,Haynes King,king h,11,true,299,25.8070,espn-pbp/ep-20260920-230959
2755,Grambling Tigers,2023,Myles Crawley,crawley m,7,true,201,30.0554,espn-pbp/ep-20260920-230959
2261,Hampton Pirates,2023,Christopher Zellous,zellous c,6,true,143,5.8094,espn-pbp/ep-20260920-230959
2264,Harding University Bisons,2023,Cole Keylon,keylon c,1,true,2,3.8953,espn-pbp/ep-20260920-230959
108,Harvard Crimson,2023,Charles Deprima,deprima c,7,true,124,28.5115,espn-pbp/ep-20260920-230959
108,Harvard Crimson,2023,Jaden Craig,craig j,3,false,47,16.0319,espn-pbp/ep-20260920-230959
62,Hawai'i Rainbow Warriors,2023,Brayden Schager,schager b,13,true,449,42.3629,espn-pbp/ep-20260920-230959
107,Holy Cross Crusaders,2023,Matthew Sluka,sluka m,8,true,133,74.6744,espn-pbp/ep-20260920-230959
107,Holy Cross Crusaders,2023,Joe Pesansky,pesansky j,2,false,43,25.6849,espn-pbp/ep-20260920-230959
2277,Houston Christian Huskies,2023,Colby Suits,suits c,9,true,209,50.0706,espn-pbp/ep-20260920-230959
248,Houston Cougars,2023,Donovan Smith,smith d,12,true,349,29.2311,espn-pbp/ep-20260920-230959
47,Howard Bison,2023,Quinton Williams,williams q,11,true,249,77.2902,espn-pbp/ep-20260920-230959
304,Idaho State Bengals,2023,Jordan Cooke,cooke j,8,true,259,-20.3489,espn-pbp/ep-20260920-230959
304,Idaho State Bengals,2023,Hunter Hays,hays h,0,false,99,9.5812,espn-pbp/ep-20260920-230959
70,Idaho Vandals,2023,Gevani McCoy,mccoy g,11,true,210,49.7069,espn-pbp/ep-20260920-230959
70,Idaho Vandals,2023,Jack Layne,layne j,1,false,25,15.7978,espn-pbp/ep-20260920-230959
356,Illinois Fighting Illini,2023,Luke Altmyer,altmyer l,9,true,279,19.5244,espn-pbp/ep-20260920-230959
356,Illinois Fighting Illini,2023,John Paddock,paddock j,3,false,112,16.0786,espn-pbp/ep-20260920-230959
2287,Illinois State Redbirds,2023,Zack Annexstad,annexstad z,7,false,235,70.5145,espn-pbp/ep-20260920-230959
2287,Illinois State Redbirds,2023,Tommy Rittenhouse,rittenhouse t,1,false,39,17.0652,espn-pbp/ep-20260920-230959
2287,Illinois State Redbirds,2023,Matt Morrissey,morrissey m,1,true,,,espn-pbp/ep-20260920-230959
2916,Incarnate Word Cardinals,2023,Zach Calzada,calzada z,8,true,232,93.7964,espn-pbp/ep-20260920-230959
2916,Incarnate Word Cardinals,2023,Richard Torres,torres r,1,false,64,31.4123,espn-pbp/ep-20260920-230959
2916,Incarnate Word Cardinals,2023,Ryan Stubblefield,stubblefield r,1,false,18,-7.3686,espn-pbp/ep-20260920-230959
84,Indiana Hoosiers,2023,Brendan Sorsby,sorsby b,6,false,216,8.8185,espn-pbp/ep-20260920-230959
84,Indiana Hoosiers,2023,Tayven Jackson,jackson t,5,false,130,-0.4249,espn-pbp/ep-20260920-230959
84,Indiana Hoosiers,2023,Kyle McCord,mccord k,1,true,,,espn-pbp/ep-20260920-230959
282,Indiana State Sycamores,2023,Cade Chambers,chambers c,8,false,190,25.7443,espn-pbp/ep-20260920-230959
282,Indiana State Sycamores,2023,Elijah Owens,owens e,1,false,49,-7.8036,espn-pbp/ep-20260920-230959
282,Indiana State Sycamores,2023,Pierce Holley,holley p,1,true,32,-6.0423,espn-pbp/ep-20260920-230959
282,Indiana State Sycamores,2023,Evan Olaes,olaes e,1,false,10,-5.8500,espn-pbp/ep-20260920-230959
2294,Iowa Hawkeyes,2023,Deacon Hill,hill d,9,false,260,-51.0769,espn-pbp/ep-20260920-230959
2294,Iowa Hawkeyes,2023,Cade McNamara,mcnamara c,5,true,89,-1.5394,espn-pbp/ep-20260920-230959
66,Iowa State Cyclones,2023,Rocco Becht,becht r,13,true,319,76.5610,espn-pbp/ep-20260920-230959
2296,Jackson State Tigers,2023,Jason Brown,brown j,6,true,123,-11.9350,espn-pbp/ep-20260920-230959
2296,Jackson State Tigers,2023,Jacobian Morgan,morgan j,3,false,82,9.4499,espn-pbp/ep-20260920-230959
55,Jacksonville State Gamecocks,2023,Zion Webb,webb z,8,true,155,-9.6080,espn-pbp/ep-20260920-230959
55,Jacksonville State Gamecocks,2023,Logan Smothers,smothers l,5,false,121,-4.4584,espn-pbp/ep-20260920-230959
256,James Madison Dukes,2023,Jordan McCloud,mccloud j,11,false,415,162.9107,espn-pbp/ep-20260920-230959
256,James Madison Dukes,2023,Alonza Barnett III,barnett a,1,true,11,-11.0880,espn-pbp/ep-20260920-230959
256,James Madison Dukes,2023,Cam Fancher,fancher c,1,false,,,espn-pbp/ep-20260920-230959
2305,Kansas Jayhawks,2023,Jason Bean,bean j,9,true,200,88.3694,espn-pbp/ep-20260920-230959
2305,Kansas Jayhawks,2023,Jalon Daniels,daniels j,3,false,71,32.3942,espn-pbp/ep-20260920-230959
2305,Kansas Jayhawks,2023,Cole Ballard,ballard c,1,false,38,8.6082,espn-pbp/ep-20260920-230959
2306,Kansas State Wildcats,2023,Will Howard,howard w,12,true,288,71.8850,espn-pbp/ep-20260920-230959
2306,Kansas State Wildcats,2023,Avery Johnson,johnson a,1,false,65,-1.5578,espn-pbp/ep-20260920-230959
338,Kennesaw State Owls,2023,Jonathan Murphy,murphy j,7,true,145,13.6991,espn-pbp/ep-20260920-230959
338,Kennesaw State Owls,2023,Davis Bryson,bryson d,1,false,11,-3.7524,espn-pbp/ep-20260920-230959
338,Kennesaw State Owls,2023,Chase Artopoeus,artopoeus c,1,false,,,espn-pbp/ep-20260920-230959
2309,Kent State Golden Flashes,2023,Michael Alaimo,alaimo m,8,true,111,-1.9131,espn-pbp/ep-20260920-230959
2309,Kent State Golden Flashes,2023,Tommy Ulatowski,ulatowski t,3,false,121,-7.9577,espn-pbp/ep-20260920-230959
2309,Kent State Golden Flashes,2023,Devin Kargman,kargman d,1,false,39,7.9613,espn-pbp/ep-20260920-230959
96,Kentucky Wildcats,2023,Devin Leary,leary d,13,true,345,17.8847,espn-pbp/ep-20260920-230959
99,LSU Tigers,2023,Jayden Daniels,daniels j,12,true,307,194.6068,espn-pbp/ep-20260920-230959
99,LSU Tigers,2023,Garrett Nussmeier,nussmeier g,1,false,83,14.9050,espn-pbp/ep-20260920-230959
322,Lafayette Leopards,2023,Dean DeNobile,denobile d,10,false,177,80.8871,espn-pbp/ep-20260920-230959
322,Lafayette Leopards,2023,Ryan Schuster,schuster r,1,true,9,-7.0879,espn-pbp/ep-20260920-230959
2320,Lamar Cardinals,2023,Robert Coleman,coleman r,11,true,210,33.4838,espn-pbp/ep-20260920-230959
2323,Lane Dragons,2023,Xavier Lankford,lankford x,1,true,,,espn-pbp/ep-20260920-230959
2329,Lehigh Mountain Hawks,2023,Brayten Silbor,silbor b,9,false,185,54.6395,espn-pbp/ep-20260920-230959
2329,Lehigh Mountain Hawks,2023,Dante Perri,perri d,1,false,52,10.1146,espn-pbp/ep-20260920-230959
2329,Lehigh Mountain Hawks,2023,Connor Watkins,watkins c,1,true,,,espn-pbp/ep-20260920-230959
2335,Liberty Flames,2023,Kaidon Salter,salter k,14,true,281,118.7923,espn-pbp/ep-20260920-230959
124179,Lincoln (CA) Oaklanders,2023,TJ Goodwin,goodwin t,6,true,141,-15.4391,espn-pbp/ep-20260920-230959
124179,Lincoln (CA) Oaklanders,2023,"INMAN, Jimmy",inman j,1,false,19,-15.0181,espn-pbp/ep-20260920-230959
124179,Lincoln (CA) Oaklanders,2023,Harold Blood,blood h,1,false,,,espn-pbp/ep-20260920-230959
2815,Lindenwood Lions,2023,Cole Dugger,dugger c,5,true,110,14.5864,espn-pbp/ep-20260920-230959
2815,Lindenwood Lions,2023,Carter Davis,davis c,2,false,37,2.0789,espn-pbp/ep-20260920-230959
2815,Lindenwood Lions,2023,Cooper Justice,justice c,1,false,42,9.5499,espn-pbp/ep-20260920-230959
2815,Lindenwood Lions,2023,Tyler Kubat,kubat t,1,false,28,8.6137,espn-pbp/ep-20260920-230959
2341,Long Island University Sharks,2023,Chris Howell,howell c,5,false,68,20.6357,espn-pbp/ep-20260920-230959
2341,Long Island University Sharks,2023,Luca Stanzani,stanzani l,1,true,45,-4.1155,espn-pbp/ep-20260920-230959
2341,Long Island University Sharks,2023,Ethan Greenwood,greenwood e,1,false,20,-1.0853,espn-pbp/ep-20260920-230959
2341,Long Island University Sharks,2023,Zevi Eckhaus,eckhaus z,1,false,,,espn-pbp/ep-20260920-230959
309,Louisiana Ragin' Cajuns,2023,Zeon Chriss,chriss z,7,false,139,16.1716,espn-pbp/ep-20260920-230959
309,Louisiana Ragin' Cajuns,2023,Chandler Fields,fields c,4,false,147,38.4322,espn-pbp/ep-20260920-230959
309,Louisiana Ragin' Cajuns,2023,Ben Wooldridge,wooldridge b,2,true,72,8.5322,espn-pbp/ep-20260920-230959
2348,Louisiana Tech Bulldogs,2023,Hank Bachmeier,bachmeier h,8,true,260,35.2282,espn-pbp/ep-20260920-230959
2348,Louisiana Tech Bulldogs,2023,Jack Turner,turner j,4,false,136,-15.3030,espn-pbp/ep-20260920-230959
97,Louisville Cardinals,2023,Jack Plummer,plummer j,13,true,379,66.0775,espn-pbp/ep-20260920-230959
311,Maine Black Bears,2023,Derek Robertson,robertson d,11,true,348,71.1466,espn-pbp/ep-20260920-230959
2368,Marist Red Foxes,2023,Brock Bagozzi,bagozzi b,9,true,254,3.5062,espn-pbp/ep-20260920-230959
2368,Marist Red Foxes,2023,Logan Brabham,brabham l,2,false,68,-0.3292,espn-pbp/ep-20260920-230959
276,Marshall Thundering Herd,2023,Cam Fancher,fancher c,9,true,277,28.9226,espn-pbp/ep-20260920-230959
276,Marshall Thundering Herd,2023,Cole Pennington,pennington c,3,false,110,-24.1703,espn-pbp/ep-20260920-230959
276,Marshall Thundering Herd,2023,Jordan McCloud,mccloud j,1,false,,,espn-pbp/ep-20260920-230959
120,Maryland Terrapins,2023,Taulia Tagovailoa,tagovailoa t,12,true,453,99.7439,espn-pbp/ep-20260920-230959
120,Maryland Terrapins,2023,Billy Edwards Jr.,edwards b,1,false,32,-11.6412,espn-pbp/ep-20260920-230959
113,Massachusetts Minutemen,2023,Taisun Phommachanh,phommachanh t,9,true,229,-15.2525,espn-pbp/ep-20260920-230959
113,Massachusetts Minutemen,2023,Carlos Davis,davis c,3,false,102,13.5103,espn-pbp/ep-20260920-230959
2377,McNeese Cowboys,2023,Nate Glantz,glantz n,4,true,115,1.0624,espn-pbp/ep-20260920-230959
2377,McNeese Cowboys,2023,Kamden Sixkiller,sixkiller k,2,false,73,5.6711,espn-pbp/ep-20260920-230959
2377,McNeese Cowboys,2023,Ryan Roberts,roberts r,2,false,59,-1.5886,espn-pbp/ep-20260920-230959
2377,McNeese Cowboys,2023,Pierce Holley,holley p,1,false,,,espn-pbp/ep-20260920-230959
235,Memphis Tigers,2023,Seth Henigan,henigan s,13,true,421,105.8740,espn-pbp/ep-20260920-230959
2382,Mercer Bears,2023,Carter Peevy,peevy c,12,true,280,30.0332,espn-pbp/ep-20260920-230959
2382,Mercer Bears,2023,Cole Gonzales,gonzales c,1,false,,,espn-pbp/ep-20260920-230959
2771,Merrimack Warriors,2023,Malakai Anthony,anthony m,5,false,69,12.3900,espn-pbp/ep-20260920-230959
2771,Merrimack Warriors,2023,Gavin McCusker,mccusker g,3,true,16,8.7793,espn-pbp/ep-20260920-230959
2771,Merrimack Warriors,2023,Rob McCoy,mccoy r,1,false,,,espn-pbp/ep-20260920-230959
193,Miami (OH) RedHawks,2023,Brett Gabbert,gabbert b,8,true,173,38.5611,espn-pbp/ep-20260920-230959
193,Miami (OH) RedHawks,2023,Aveon Smith,smith a,5,false,93,-3.8476,espn-pbp/ep-20260920-230959
193,Miami (OH) RedHawks,2023,Henry Hesson,hesson h,1,false,8,-7.0783,espn-pbp/ep-20260920-230959
2390,Miami Hurricanes,2023,Tyler Van Dyke,van dyke t,10,true,335,60.4721,espn-pbp/ep-20260920-230959
2390,Miami Hurricanes,2023,Emory Williams,williams e,2,false,71,-1.4365,espn-pbp/ep-20260920-230959
2390,Miami Hurricanes,2023,Jacurri Brown,brown j,1,false,33,4.6139,espn-pbp/ep-20260920-230959
127,Michigan State Spartans,2023,Katin Houser,houser k,7,false,203,0.1594,espn-pbp/ep-20260920-230959
127,Michigan State Spartans,2023,Noah Kim,kim n,5,true,166,-5.3176,espn-pbp/ep-20260920-230959
130,Michigan Wolverines,2023,J.J. McCarthy,j. mccarthy j,15,true,323,154.2275,espn-pbp/ep-20260920-230959
2393,Middle Tennessee Blue Raiders,2023,Nicholas Vattiato,vattiato n,12,true,445,20.3459,espn-pbp/ep-20260920-230959
2396,Miles College Golden Bears,2023,Ekleinpeter Jr.,ekleinpeter,1,false,33,-2.2774,espn-pbp/ep-20260920-230959
2396,Miles College Golden Bears,2023,Edwin Kleinpeter Jr.,kleinpeter e,1,true,22,9.7942,espn-pbp/ep-20260920-230959
135,Minnesota Golden Gophers,2023,Athan Kaliakmanis,kaliakmanis a,12,true,252,17.3665,espn-pbp/ep-20260920-230959
135,Minnesota Golden Gophers,2023,Cole Kramer,kramer c,1,false,19,-7.2317,espn-pbp/ep-20260920-230959
344,Mississippi State Bulldogs,2023,Will Rogers,rogers w,8,true,235,7.0976,espn-pbp/ep-20260920-230959
344,Mississippi State Bulldogs,2023,Mike Wright,wright m,3,false,88,-4.0272,espn-pbp/ep-20260920-230959
344,Mississippi State Bulldogs,2023,Chris Parson,parson c,1,false,26,-9.5872,espn-pbp/ep-20260920-230959
2400,Mississippi Valley State Delta Devils,2023,Ty'Jarian Williams,williams t,6,true,126,10.0159,espn-pbp/ep-20260920-230959
2400,Mississippi Valley State Delta Devils,2023,Dino Maldonado,maldonado d,1,false,8,0.3533,espn-pbp/ep-20260920-230959
2623,Missouri State Bears,2023,Jordan Pachot,pachot j,7,false,281,100.6047,espn-pbp/ep-20260920-230959
2623,Missouri State Bears,2023,Jacob Clark,clark j,4,true,106,45.0672,espn-pbp/ep-20260920-230959
142,Missouri Tigers,2023,Brady Cook,cook b,13,true,343,104.5290,espn-pbp/ep-20260920-230959
2405,Monmouth Hawks,2023,Marquez McCray,mccray m,10,true,277,69.1591,espn-pbp/ep-20260920-230959
149,Montana Grizzlies,2023,Clifton McDowell,mcdowell c,12,false,238,29.0350,espn-pbp/ep-20260920-230959
149,Montana Grizzlies,2023,Sam Vidlak,vidlak s,3,true,88,-5.2743,espn-pbp/ep-20260920-230959
147,Montana State Bobcats,2023,Tommy Mellott,mellott t,8,true,116,45.4261,espn-pbp/ep-20260920-230959
147,Montana State Bobcats,2023,Sean Chambers,chambers s,4,false,80,24.9384,espn-pbp/ep-20260920-230959
2413,Morehead State Eagles,2023,Carter Cravens,cravens c,9,true,298,29.4887,espn-pbp/ep-20260920-230959
2413,Morehead State Eagles,2023,Bryce Patterson,patterson b,1,false,21,10.8035,espn-pbp/ep-20260920-230959
60,Morehouse College Maroon Tigers,2023,Jaylon West,west j,1,true,7,5.1441,espn-pbp/ep-20260920-230959
2415,Morgan State Bears,2023,Dominique Anthony,anthony d,2,false,64,-5.5836,espn-pbp/ep-20260920-230959
2415,Morgan State Bears,2023,Tahj Smith,smith t,2,false,46,1.9206,espn-pbp/ep-20260920-230959
2415,Morgan State Bears,2023,Carson Baker,baker c,2,true,22,-3.3910,espn-pbp/ep-20260920-230959
2415,Morgan State Bears,2023,Duce Taylor,taylor d,1,false,35,-5.0141,espn-pbp/ep-20260920-230959
93,Murray State Racers,2023,DJ Williams,williams d,8,true,225,7.7905,espn-pbp/ep-20260920-230959
93,Murray State Racers,2023,Jayden Stinson,stinson j,1,false,36,-0.6081,espn-pbp/ep-20260920-230959
152,NC State Wolfpack,2023,Brennan Armstrong,armstrong b,8,true,256,24.1083,espn-pbp/ep-20260920-230959
152,NC State Wolfpack,2023,MJ Morris,morris m,4,false,114,-10.8847,espn-pbp/ep-20260920-230959
2426,Navy Midshipmen,2023,Tai Lavatai,lavatai t,6,true,102,2.6155,espn-pbp/ep-20260920-230959
2426,Navy Midshipmen,2023,Xavier Arline,arline x,4,false,46,-11.8694,espn-pbp/ep-20260920-230959
2426,Navy Midshipmen,2023,Braxton Woodson,woodson b,2,false,41,-28.2564,espn-pbp/ep-20260920-230959
158,Nebraska Cornhuskers,2023,Heinrich Haarberg,haarberg h,8,false,161,2.3926,espn-pbp/ep-20260920-230959
158,Nebraska Cornhuskers,2023,Chubba Purdy,purdy c,2,false,56,0.2880,espn-pbp/ep-20260920-230959
158,Nebraska Cornhuskers,2023,Jeff Sims,sims j,2,true,27,-7.4034,espn-pbp/ep-20260920-230959
2440,Nevada Wolf Pack,2023,Brendon Lewis,lewis b,8,true,167,-4.3951,espn-pbp/ep-20260920-230959
2440,Nevada Wolf Pack,2023,AJ Bianco,bianco a,3,false,67,18.1872,espn-pbp/ep-20260920-230959
160,New Hampshire Wildcats,2023,Max Brosmer,brosmer m,8,true,189,48.6790,espn-pbp/ep-20260920-230959
167,New Mexico Lobos,2023,Dylan Hopkins,hopkins d,10,true,242,49.4933,espn-pbp/ep-20260920-230959
167,New Mexico Lobos,2023,Devon Dampier,dampier d,1,false,50,23.0046,espn-pbp/ep-20260920-230959
166,New Mexico State Aggies,2023,Diego Pavia,pavia d,15,true,329,62.8589,espn-pbp/ep-20260920-230959
2447,Nicholls Colonels,2023,Pat McQuaide,mcquaide p,11,true,250,53.4687,espn-pbp/ep-20260920-230959
2450,Norfolk State Spartans,2023,Otto Kuhns,kuhns o,6,false,88,7.8465,espn-pbp/ep-20260920-230959
2450,Norfolk State Spartans,2023,Cameron Sapp,sapp c,2,false,47,37.7873,espn-pbp/ep-20260920-230959
2450,Norfolk State Spartans,2023,Steve Williams,williams s,1,true,,,espn-pbp/ep-20260920-230959
2453,North Alabama Lions,2023,Noah Walters,walters n,8,true,269,9.1882,espn-pbp/ep-20260920-230959
2453,North Alabama Lions,2023,Ethan Roberts,roberts e,1,false,,,espn-pbp/ep-20260920-230959
123086,North American University Stallions,2023,Jesper Korkalainen,korkalainen j,2,true,28,-21.1976,espn-pbp/ep-20260920-230959
2448,North Carolina A&T Aggies,2023,Kevin White,white k,3,false,45,-12.2532,espn-pbp/ep-20260920-230959
2448,North Carolina A&T Aggies,2023,Eli Brickhandler,brickhandler e,3,true,39,-8.5742,espn-pbp/ep-20260920-230959
2448,North Carolina A&T Aggies,2023,Zach Yeager,yeager z,1,false,42,-24.4826,espn-pbp/ep-20260920-230959
2448,North Carolina A&T Aggies,2023,Camden Coleman,coleman c,1,false,,,espn-pbp/ep-20260920-230959
2428,North Carolina Central Eagles,2023,Davius Richard,richard d,10,true,225,67.9772,espn-pbp/ep-20260920-230959
2428,North Carolina Central Eagles,2023,Walker Harris,harris w,1,false,49,25.7917,espn-pbp/ep-20260920-230959
153,North Carolina Tar Heels,2023,Drake Maye,maye d,12,true,367,52.0224,espn-pbp/ep-20260920-230959
153,North Carolina Tar Heels,2023,Conner Harrell,harrell c,1,false,29,-2.5089,espn-pbp/ep-20260920-230959
3071,North Central College Cardinals,2023,Luke Lehnen,lehnen l,1,true,17,3.6016,espn-pbp/ep-20260920-230959
155,North Dakota Fighting Hawks,2023,Tommy Schuster,schuster t,12,true,265,86.2519,espn-pbp/ep-20260920-230959
2449,North Dakota State Bison,2023,Cam Miller,miller c,15,true,294,136.3332,espn-pbp/ep-20260920-230959
2822,North Greenville Crusaders,2023,Dylan Ramirez,ramirez d,1,true,14,2.6919,espn-pbp/ep-20260920-230959
249,North Texas Mean Green,2023,Chandler Rogers,rogers c,10,false,383,91.9585,espn-pbp/ep-20260920-230959
249,North Texas Mean Green,2023,Stone Earle,earle s,2,true,20,1.0575,espn-pbp/ep-20260920-230959
2464,Northern Arizona Lumberjacks,2023,Adam Damante,damante a,4,false,168,18.5913,espn-pbp/ep-20260920-230959
2464,Northern Arizona Lumberjacks,2023,Angel Flores,flores a,3,false,71,17.5450,espn-pbp/ep-20260920-230959
2464,Northern Arizona Lumberjacks,2023,Kai Millner,millner k,3,true,60,6.3756,espn-pbp/ep-20260920-230959
2464,Northern Arizona Lumberjacks,2023,Kylan Weisser,weisser k,1,false,,,espn-pbp/ep-20260920-230959
2458,Northern Colorado Bears,2023,Jacob Sirmon,sirmon j,7,true,183,3.8767,espn-pbp/ep-20260920-230959
2458,Northern Colorado Bears,2023,Shea Kuykendall,kuykendall s,3,false,81,0.3357,espn-pbp/ep-20260920-230959
2459,Northern Illinois Huskies,2023,Rocky Lombardi,lombardi r,12,true,286,18.4844,espn-pbp/ep-20260920-230959
2459,Northern Illinois Huskies,2023,Hayden Wolff,wolff h,1,false,33,-3.8154,espn-pbp/ep-20260920-230959
2460,Northern Iowa Panthers,2023,Theo Day,day t,10,true,265,86.1747,espn-pbp/ep-20260920-230959
2471,Northwestern (IA) Red Raiders,2023,Jalyn Gramstad,gramstad j,1,true,,,espn-pbp/ep-20260920-230959
2466,Northwestern State Demons,2023,Tyler Vander Waal,vander waal t,4,true,111,-31.5516,espn-pbp/ep-20260920-230959
2466,Northwestern State Demons,2023,Quaterius Hawkins,hawkins q,2,false,102,-11.5570,espn-pbp/ep-20260920-230959
77,Northwestern Wildcats,2023,Ben Bryant,bryant b,9,true,267,17.5281,espn-pbp/ep-20260920-230959
77,Northwestern Wildcats,2023,Brendan Sullivan,sullivan b,4,false,103,20.9527,espn-pbp/ep-20260920-230959
87,Notre Dame Fighting Irish,2023,Sam Hartman,hartman s,12,true,307,83.6277,espn-pbp/ep-20260920-230959
87,Notre Dame Fighting Irish,2023,Steve Angeli,angeli s,1,false,46,39.7277,espn-pbp/ep-20260920-230959
195,Ohio Bobcats,2023,Kurtis Rourke,rourke k,11,true,282,86.7742,espn-pbp/ep-20260920-230959
195,Ohio Bobcats,2023,CJ Harris,harris c,1,false,53,8.5464,espn-pbp/ep-20260920-230959
195,Ohio Bobcats,2023,Parker Navarro,navarro p,1,false,27,9.1920,espn-pbp/ep-20260920-230959
194,Ohio State Buckeyes,2023,Kyle McCord,mccord k,11,false,360,152.0348,espn-pbp/ep-20260920-230959
194,Ohio State Buckeyes,2023,Devin Brown,brown d,1,false,29,5.5228,espn-pbp/ep-20260920-230959
194,Ohio State Buckeyes,2023,Brendan Sorsby,sorsby b,1,true,,,espn-pbp/ep-20260920-230959
201,Oklahoma Sooners,2023,Dillon Gabriel,gabriel d,12,true,343,177.3238,espn-pbp/ep-20260920-230959
201,Oklahoma Sooners,2023,Jackson Arnold,arnold j,1,false,64,-0.3731,espn-pbp/ep-20260920-230959
197,Oklahoma State Cowboys,2023,Alan Bowman,bowman a,13,false,506,70.2869,espn-pbp/ep-20260920-230959
197,Oklahoma State Cowboys,2023,Garret Rangel,rangel g,1,true,32,0.4842,espn-pbp/ep-20260920-230959
295,Old Dominion Monarchs,2023,Grant Wilson,wilson g,11,true,285,11.9233,espn-pbp/ep-20260920-230959
295,Old Dominion Monarchs,2023,Jack Shields,shields j,2,false,48,-2.5695,espn-pbp/ep-20260920-230959
145,Ole Miss Rebels,2023,Jaxson Dart,dart j,12,true,349,112.0831,espn-pbp/ep-20260920-230959
2483,Oregon Ducks,2023,Bo Nix,nix b,14,true,477,216.3824,espn-pbp/ep-20260920-230959
204,Oregon State Beavers,2023,DJ Uiagalelei,uiagalelei d,12,true,319,81.6767,espn-pbp/ep-20260920-230959
204,Oregon State Beavers,2023,Ben Gulbranson,gulbranson b,1,false,29,0.3341,espn-pbp/ep-20260920-230959
213,Penn State Nittany Lions,2023,Drew Allar,allar d,12,true,371,57.8381,espn-pbp/ep-20260920-230959
219,Pennsylvania Quakers,2023,Aidan Sayin,sayin a,10,true,358,50.9327,espn-pbp/ep-20260920-230959
221,Pittsburgh Panthers,2023,Christian Veilleux,veilleux c,5,false,188,-26.0517,espn-pbp/ep-20260920-230959
221,Pittsburgh Panthers,2023,Phil Jurkovec,jurkovec p,5,true,115,2.2211,espn-pbp/ep-20260920-230959
221,Pittsburgh Panthers,2023,Nate Yarnell,yarnell n,2,false,62,31.9344,espn-pbp/ep-20260920-230959
2502,Portland State Vikings,2023,Dante Chachere,chachere d,11,true,242,42.8555,espn-pbp/ep-20260920-230959
126086,Post University Eagles,2023,Malakai Taylor,taylor m,1,true,21,12.5544,espn-pbp/ep-20260920-230959
2504,Prairie View A&M Panthers,2023,Trazon Connley,connley t,11,true,186,40.7460,espn-pbp/ep-20260920-230959
2506,Presbyterian Blue Hose,2023,Tyler Wesley,wesley t,8,true,183,2.0920,espn-pbp/ep-20260920-230959
2506,Presbyterian Blue Hose,2023,"ENGLEHART, Ty",englehart t,1,false,39,2.4828,espn-pbp/ep-20260920-230959
163,Princeton Tigers,2023,Blake Stenstrom,stenstrom b,10,true,232,32.4263,espn-pbp/ep-20260920-230959
2509,Purdue Boilermakers,2023,Hudson Card,card h,11,true,378,25.5041,espn-pbp/ep-20260920-230959
2509,Purdue Boilermakers,2023,Bennett Meredith,meredith b,1,false,11,-6.7929,espn-pbp/ep-20260920-230959
227,Rhode Island Rams,2023,Kasim Hill,hill k,6,true,217,24.0744,espn-pbp/ep-20260920-230959
242,Rice Owls,2023,JT Daniels,daniels j,8,false,276,88.1207,espn-pbp/ep-20260920-230959
242,Rice Owls,2023,AJ Padgett,padgett a,4,false,120,9.8054,espn-pbp/ep-20260920-230959
242,Rice Owls,2023,Quinn Ewers,ewers q,1,true,,,espn-pbp/ep-20260920-230959
257,Richmond Spiders,2023,Kyle Wickersham,wickersham k,6,true,165,10.1660,espn-pbp/ep-20260920-230959
257,Richmond Spiders,2023,Camden Coleman,coleman c,2,false,106,29.1742,espn-pbp/ep-20260920-230959
257,Richmond Spiders,2023,Jackson Hardy,hardy j,1,false,18,-7.0327,espn-pbp/ep-20260920-230959
257,Richmond Spiders,2023,Ashten Snelsire,snelsire a,1,false,13,-7.8810,espn-pbp/ep-20260920-230959
257,Richmond Spiders,2023,Kevin White,white k,1,false,,,espn-pbp/ep-20260920-230959
2523,Robert Morris Colonials,2023,Anthony Chiccitt,chiccitt a,5,false,123,17.2018,espn-pbp/ep-20260920-230959
2523,Robert Morris Colonials,2023,Tyler Szalkowski,szalkowski t,2,true,26,-5.4441,espn-pbp/ep-20260920-230959
2523,Robert Morris Colonials,2023,Zach Tanner,tanner z,1,false,25,8.5345,espn-pbp/ep-20260920-230959
164,Rutgers Scarlet Knights,2023,Gavin Wimsatt,wimsatt g,13,true,298,12.1401,espn-pbp/ep-20260920-230959
2545,SE Louisiana Lions,2023,Eli Sawyer,sawyer e,6,false,177,42.3051,espn-pbp/ep-20260920-230959
2545,SE Louisiana Lions,2023,Zachary Clement,clement z,5,true,173,14.5843,espn-pbp/ep-20260920-230959
2567,SMU Mustangs,2023,Preston Stone,stone p,12,true,332,108.2935,espn-pbp/ep-20260920-230959
2567,SMU Mustangs,2023,Kevin Jennings,jennings k,2,false,106,18.9775,espn-pbp/ep-20260920-230959
16,Sacramento State Hornets,2023,Kaiden Bennett,bennett k,9,false,214,47.3559,espn-pbp/ep-20260920-230959
16,Sacramento State Hornets,2023,Carson Conklin,conklin c,2,false,94,10.8907,espn-pbp/ep-20260920-230959
16,Sacramento State Hornets,2023,Carson Camp,camp c,1,true,35,0.0765,espn-pbp/ep-20260920-230959
2529,Sacred Heart Pioneers,2023,Rob McCoy,mccoy r,5,false,142,22.6452,espn-pbp/ep-20260920-230959
2529,Sacred Heart Pioneers,2023,Cade Pribula,pribula c,4,true,24,-6.5900,espn-pbp/ep-20260920-230959
2529,Sacred Heart Pioneers,2023,Gavin McCusker,mccusker g,1,false,,,espn-pbp/ep-20260920-230959
2598,Saint Francis Red Flash,2023,Cole Doyle,doyle c,8,true,166,28.6868,espn-pbp/ep-20260920-230959
2598,Saint Francis Red Flash,2023,Nick Whitfield Jr.,whitfield n,2,false,39,25.2579,espn-pbp/ep-20260920-230959
2534,Sam Houston Bearkats,2023,Keegan Shoemaker,shoemaker k,11,true,377,8.5526,espn-pbp/ep-20260920-230959
2534,Sam Houston Bearkats,2023,"GUNNELL, Grant",gunnell g,1,false,26,-12.8688,espn-pbp/ep-20260920-230959
2535,Samford Bulldogs,2023,Michael Hiers,hiers m,11,true,373,69.2564,espn-pbp/ep-20260920-230959
21,San Diego State Aztecs,2023,Jalen Mayden,mayden j,12,true,280,12.7171,espn-pbp/ep-20260920-230959
301,San Diego Toreros,2023,Dom Nankil,nankil d,6,true,145,-11.4066,espn-pbp/ep-20260920-230959
301,San Diego Toreros,2023,Grant Sergent,sergent g,4,false,66,14.4442,espn-pbp/ep-20260920-230959
301,San Diego Toreros,2023,Tanner Jellison,jellison t,1,false,,,espn-pbp/ep-20260920-230959
23,San José State Spartans,2023,Chevan Cordeiro,cordeiro c,13,true,345,89.6034,espn-pbp/ep-20260920-230959
2542,Savannah State Tigers,2023,Jadon Adams,adams j,1,true,15,5.8254,espn-pbp/ep-20260920-230959
2560,Shorter Hawks,2023,Harold Cook,cook h,1,true,30,-1.2343,espn-pbp/ep-20260920-230959
6,South Alabama Jaguars,2023,Carter Bradley,bradley c,11,true,283,74.5700,espn-pbp/ep-20260920-230959
6,South Alabama Jaguars,2023,Gio Lopez,lopez g,1,false,64,10.1906,espn-pbp/ep-20260920-230959
6,South Alabama Jaguars,2023,Desmond Trotter,trotter d,1,false,43,24.9431,espn-pbp/ep-20260920-230959
2579,South Carolina Gamecocks,2023,Spencer Rattler,rattler s,12,true,347,85.0976,espn-pbp/ep-20260920-230959
2569,South Carolina State Bulldogs,2023,Corey Fields Jr.,fields c,3,true,25,9.5082,espn-pbp/ep-20260920-230959
2569,South Carolina State Bulldogs,2023,Jr. Co Fields,fields j,2,false,28,9.5553,espn-pbp/ep-20260920-230959
2569,South Carolina State Bulldogs,2023,Andre Washington,washington a,1,false,23,-4.9101,espn-pbp/ep-20260920-230959
233,South Dakota Coyotes,2023,Aidan Bouman,bouman a,11,true,181,50.6618,espn-pbp/ep-20260920-230959
2571,South Dakota State Jackrabbits,2023,Mark Gronowski,gronowski m,15,true,315,140.2412,espn-pbp/ep-20260920-230959
58,South Florida Bulls,2023,Byrum Brown,brown b,13,true,449,59.9637,espn-pbp/ep-20260920-230959
2546,Southeast Missouri State Redhawks,2023,Paxton DeLaurent,delaurent p,7,true,166,24.9485,espn-pbp/ep-20260920-230959
2546,Southeast Missouri State Redhawks,2023,Patrick Heitert,heitert p,4,false,114,-4.0417,espn-pbp/ep-20260920-230959
79,Southern Illinois Salukis,2023,Nic Baker,baker n,12,true,273,52.2266,espn-pbp/ep-20260920-230959
2582,Southern Jaguars,2023,Harold Blood,blood h,6,false,88,31.3521,espn-pbp/ep-20260920-230959
2582,Southern Jaguars,2023,Noah Bodden,bodden n,1,false,27,18.1805,espn-pbp/ep-20260920-230959
2582,Southern Jaguars,2023,Dematrius Davis,davis d,1,true,,,espn-pbp/ep-20260920-230959
2582,Southern Jaguars,2023,TJ Goodwin,goodwin t,1,false,,,espn-pbp/ep-20260920-230959
2572,Southern Miss Golden Eagles,2023,Billy Wiles,wiles b,10,true,296,10.0894,espn-pbp/ep-20260920-230959
2572,Southern Miss Golden Eagles,2023,Ethan Crawford,crawford e,2,false,39,6.9582,espn-pbp/ep-20260920-230959
253,Southern Utah Thunderbirds,2023,Justin Miller,miller j,11,true,301,97.9963,espn-pbp/ep-20260920-230959
2586,Southwest Baptist Bearcats,2023,Collin Sutton,sutton c,1,true,36,-0.3087,espn-pbp/ep-20260920-230959
2587,Southwest Minnesota State Mustangs,2023,Marcus Martin,martin m,1,true,18,-1.0404,espn-pbp/ep-20260920-230959
111610,St. Andrews Knights,2023,"Holly,Darius",holly d,1,false,2,-0.6309,espn-pbp/ep-20260920-230959
2900,St. Thomas-Minnesota Tommies,2023,Amari Powell,powell a,5,false,83,42.8347,espn-pbp/ep-20260920-230959
2900,St. Thomas-Minnesota Tommies,2023,Tak Tateoka,tateoka t,5,false,75,1.6854,espn-pbp/ep-20260920-230959
2900,St. Thomas-Minnesota Tommies,2023,Tanner Clarkson,clarkson t,1,true,,,espn-pbp/ep-20260920-230959
24,Stanford Cardinal,2023,Ashton Daniels,daniels a,10,true,343,5.2579,espn-pbp/ep-20260920-230959
24,Stanford Cardinal,2023,Justin Lamson,lamson j,1,false,76,-13.2581,espn-pbp/ep-20260920-230959
2617,Stephen F. Austin Lumberjacks,2023,Brian Mauer,mauer b,6,true,183,26.6866,espn-pbp/ep-20260920-230959
2617,Stephen F. Austin Lumberjacks,2023,Brian Maurer,maurer b,3,false,105,10.7289,espn-pbp/ep-20260920-230959
2617,Stephen F. Austin Lumberjacks,2023,Preston Weeks,weeks p,1,false,96,22.4030,espn-pbp/ep-20260920-230959
2617,Stephen F. Austin Lumberjacks,2023,Aaron Allen,allen a,1,false,,,espn-pbp/ep-20260920-230959
56,Stetson Hatters,2023,Matt O'Connor,o'connor m,6,true,132,-5.5081,espn-pbp/ep-20260920-230959
56,Stetson Hatters,2023,Brady Meitz,meitz b,2,false,80,39.5313,espn-pbp/ep-20260920-230959
284,Stonehill Skyhawks,2023,Ashur Carraha,carraha a,8,true,177,18.1031,espn-pbp/ep-20260920-230959
2619,Stony Brook Seawolves,2023,Casey Case,case c,8,true,240,-24.3380,espn-pbp/ep-20260920-230959
2619,Stony Brook Seawolves,2023,Daron Bryden,bryden d,1,false,60,8.3737,espn-pbp/ep-20260920-230959
183,Syracuse Orange,2023,Garrett Shrader,shrader g,8,true,195,47.1856,espn-pbp/ep-20260920-230959
183,Syracuse Orange,2023,Dan Villari,villari d,3,false,35,-6.7724,espn-pbp/ep-20260920-230959
183,Syracuse Orange,2023,Carlos Del Rio-Wilson,del rio-wilson c,1,false,44,-2.7296,espn-pbp/ep-20260920-230959
183,Syracuse Orange,2023,Jack Salopek,salopek j,1,false,,,espn-pbp/ep-20260920-230959
2628,TCU Horned Frogs,2023,Josh Hoover,hoover j,6,false,284,76.0843,espn-pbp/ep-20260920-230959
2628,TCU Horned Frogs,2023,Chandler Morris,morris c,6,true,146,39.9843,espn-pbp/ep-20260920-230959
2627,Tarleton State Texans,2023,Victor Gabalis,gabalis v,10,true,250,29.5443,espn-pbp/ep-20260920-230959
620,Taylor Trojans,2023,Damon Hockett,hockett d,1,true,20,3.0226,espn-pbp/ep-20260920-230959
218,Temple Owls,2023,E.J. Warner,j. warner e,10,true,435,32.1688,espn-pbp/ep-20260920-230959
218,Temple Owls,2023,Quincy Patterson,patterson q,2,false,51,-25.2616,espn-pbp/ep-20260920-230959
2634,Tennessee State Tigers,2023,Draylen Ellis,ellis d,7,false,166,5.0756,espn-pbp/ep-20260920-230959
2634,Tennessee State Tigers,2023,Deveon Bryant,bryant d,3,true,80,7.1428,espn-pbp/ep-20260920-230959
2635,Tennessee Tech Golden Eagles,2023,Jordyn Potts,potts j,5,false,160,-6.7087,espn-pbp/ep-20260920-230959
2635,Tennessee Tech Golden Eagles,2023,Ethan Roberts,roberts e,2,true,72,10.6523,espn-pbp/ep-20260920-230959
2635,Tennessee Tech Golden Eagles,2023,Willie Miller,miller w,1,false,14,-1.4848,espn-pbp/ep-20260920-230959
2635,Tennessee Tech Golden Eagles,2023,Noah Walters,walters n,1,false,,,espn-pbp/ep-20260920-230959
2633,Tennessee Volunteers,2023,Joe Milton III,milton j,12,true,344,59.2239,espn-pbp/ep-20260920-230959
2633,Tennessee Volunteers,2023,Nico Iamaleava,iamaleava n,1,false,44,12.1786,espn-pbp/ep-20260920-230959
245,Texas A&M Aggies,2023,Max Johnson,johnson m,5,false,156,44.1908,espn-pbp/ep-20260920-230959
245,Texas A&M Aggies,2023,Conner Weigman,weigman c,4,true,128,60.1206,espn-pbp/ep-20260920-230959
245,Texas A&M Aggies,2023,Jaylen Henderson,henderson j,3,false,46,15.5246,espn-pbp/ep-20260920-230959
245,Texas A&M Aggies,2023,Marcel Reed,reed m,1,false,36,9.8577,espn-pbp/ep-20260920-230959
2637,Texas College Steers,2023,Brodderick Brown,brown b,1,true,,,espn-pbp/ep-20260920-230959
251,Texas Longhorns,2023,Quinn Ewers,ewers q,11,false,375,111.3443,espn-pbp/ep-20260920-230959
251,Texas Longhorns,2023,Maalik Murphy,murphy m,2,false,70,-1.1164,espn-pbp/ep-20260920-230959
251,Texas Longhorns,2023,JT Daniels,daniels j,1,true,,,espn-pbp/ep-20260920-230959
2640,Texas Southern Tigers,2023,Jace Wilson,wilson j,6,false,120,-4.4982,espn-pbp/ep-20260920-230959
2640,Texas Southern Tigers,2023,Andrew Body,body a,1,true,36,9.6027,espn-pbp/ep-20260920-230959
326,Texas State Bobcats,2023,TJ Finley,finley t,13,true,414,135.9482,espn-pbp/ep-20260920-230959
2641,Texas Tech Red Raiders,2023,Behren Morton,morton b,8,false,299,-0.0908,espn-pbp/ep-20260920-230959
2641,Texas Tech Red Raiders,2023,Tyler Shough,shough t,4,true,107,1.5173,espn-pbp/ep-20260920-230959
2641,Texas Tech Red Raiders,2023,Jake Strong,strong j,1,false,66,-7.0829,espn-pbp/ep-20260920-230959
2643,The Citadel Bulldogs,2023,Graeson Underwood,underwood g,8,true,181,2.6050,espn-pbp/ep-20260920-230959
2643,The Citadel Bulldogs,2023,Dustin Fletcher,fletcher d,2,false,23,-3.1932,espn-pbp/ep-20260920-230959
2649,Toledo Rockets,2023,Dequan Finn,finn d,13,true,297,60.6307,espn-pbp/ep-20260920-230959
2649,Toledo Rockets,2023,Tucker Gleason,gleason t,1,false,54,8.7210,espn-pbp/ep-20260920-230959
119,Towson Tigers,2023,Nathan Kent,kent n,11,true,301,-3.0468,espn-pbp/ep-20260920-230959
2653,Troy Trojans,2023,Gunnar Watson,watson g,14,true,457,96.9066,espn-pbp/ep-20260920-230959
2655,Tulane Green Wave,2023,Michael Pratt,pratt m,11,true,284,81.9368,espn-pbp/ep-20260920-230959
2655,Tulane Green Wave,2023,Kai Horton,horton k,3,false,83,7.8370,espn-pbp/ep-20260920-230959
202,Tulsa Golden Hurricane,2023,Cardell Williams,williams c,5,false,129,35.1105,espn-pbp/ep-20260920-230959
202,Tulsa Golden Hurricane,2023,Braylon Braxton,braxton b,4,true,50,-18.4377,espn-pbp/ep-20260920-230959
202,Tulsa Golden Hurricane,2023,Kirk Francis,francis k,2,false,84,23.1441,espn-pbp/ep-20260920-230959
202,Tulsa Golden Hurricane,2023,Roman Fuller,fuller r,1,false,29,-4.5512,espn-pbp/ep-20260920-230959
2839,Tusculum Pioneers,2023,Preston Roberts,roberts p,1,true,34,-11.1506,espn-pbp/ep-20260920-230959
2657,Tuskegee Golden Tigers,2023,Bryson Williams,williams b,2,true,35,-18.5843,espn-pbp/ep-20260920-230959
5,UAB Blazers,2023,Jacob Zeno,zeno j,11,true,381,65.5354,espn-pbp/ep-20260920-230959
5,UAB Blazers,2023,Harrison Barker,barker h,1,false,11,-3.7432,espn-pbp/ep-20260920-230959
399,UAlbany Great Danes,2023,Reese Poffenbarger,poffenbarger r,12,true,405,94.8740,espn-pbp/ep-20260920-230959
399,UAlbany Great Danes,2023,Darius Wilson,wilson d,1,false,,,espn-pbp/ep-20260920-230959
302,UC Davis Aggies,2023,Miles Hastings,hastings m,10,true,335,12.2304,espn-pbp/ep-20260920-230959
2116,UCF Knights,2023,John Rhys Plumlee,plumlee j,10,true,246,54.0303,espn-pbp/ep-20260920-230959
2116,UCF Knights,2023,Timmy McClain,mcclain t,3,false,79,24.3045,espn-pbp/ep-20260920-230959
26,UCLA Bruins,2023,Ethan Garbers,garbers e,6,true,146,51.2905,espn-pbp/ep-20260920-230959
26,UCLA Bruins,2023,Dante Moore,moore d,5,false,210,9.9545,espn-pbp/ep-20260920-230959
26,UCLA Bruins,2023,Collin Schlee,schlee c,2,false,46,-10.6158,espn-pbp/ep-20260920-230959
41,UConn Huskies,2023,Ta'Quan Roberson,roberson t,10,false,328,35.7160,espn-pbp/ep-20260920-230959
41,UConn Huskies,2023,Joseph Fagnano,fagnano j,2,true,38,-6.0117,espn-pbp/ep-20260920-230959
2433,UL Monroe Warhawks,2023,Jiya Wright,wright j,8,true,210,-13.2029,espn-pbp/ep-20260920-230959
2433,UL Monroe Warhawks,2023,Blake Murphy,murphy b,3,false,109,-9.6521,espn-pbp/ep-20260920-230959
2433,UL Monroe Warhawks,2023,Hunter Herring,herring h,1,false,9,-3.6896,espn-pbp/ep-20260920-230959
2439,UNLV Rebels,2023,Jayden Maiava,maiava j,11,false,317,81.7061,espn-pbp/ep-20260920-230959
2439,UNLV Rebels,2023,Doug Brumfield,brumfield d,2,false,32,-2.5077,espn-pbp/ep-20260920-230959
2439,UNLV Rebels,2023,Zevi Eckhaus,eckhaus z,1,true,,,espn-pbp/ep-20260920-230959
30,USC Trojans,2023,Caleb Williams,williams c,12,true,334,92.1055,espn-pbp/ep-20260920-230959
30,USC Trojans,2023,Miller Moss,moss m,1,false,60,28.5362,espn-pbp/ep-20260920-230959
2630,UT Martin Skyhawks,2023,Kinkead Dent,dent k,10,true,304,28.1203,espn-pbp/ep-20260920-230959
2638,UTEP Miners,2023,Cade McConnell,mcconnell c,6,false,178,22.6450,espn-pbp/ep-20260920-230959
2638,UTEP Miners,2023,Gavin Hardison,hardison g,5,true,133,28.8908,espn-pbp/ep-20260920-230959
2638,UTEP Miners,2023,Kevin Hurley,hurley k,1,false,19,13.0092,espn-pbp/ep-20260920-230959
2636,UTSA Roadrunners,2023,Frank Harris,harris f,10,true,347,87.6619,espn-pbp/ep-20260920-230959
2636,UTSA Roadrunners,2023,Eddie Lee Marburger,marburger e,2,false,43,-16.8603,espn-pbp/ep-20260920-230959
2636,UTSA Roadrunners,2023,Owen McCown,mccown o,1,false,57,1.1909,espn-pbp/ep-20260920-230959
328,Utah State Aggies,2023,Cooper Legas,legas c,7,true,201,35.1596,espn-pbp/ep-20260920-230959
328,Utah State Aggies,2023,McCae Hillstead,hillstead m,4,false,146,14.9286,espn-pbp/ep-20260920-230959
328,Utah State Aggies,2023,Levi Williams,williams l,1,false,34,-4.2544,espn-pbp/ep-20260920-230959
3101,Utah Tech Trailblazers,2023,Kobe Tracy,tracy k,9,false,378,30.1266,espn-pbp/ep-20260920-230959
3101,Utah Tech Trailblazers,2023,Boone Abbott,abbott b,2,true,23,-3.9985,espn-pbp/ep-20260920-230959
254,Utah Utes,2023,Bryson Barnes,barnes b,9,true,226,-3.5036,espn-pbp/ep-20260920-230959
254,Utah Utes,2023,Nate Johnson,johnson n,3,false,75,2.4577,espn-pbp/ep-20260920-230959
254,Utah Utes,2023,Luke Bottari,bottari l,1,false,10,4.4954,espn-pbp/ep-20260920-230959
2678,VMI Keydets,2023,Collin Ironside,ironside c,7,true,164,9.8604,espn-pbp/ep-20260920-230959
2678,VMI Keydets,2023,Collin Shannon,shannon c,3,false,95,-4.8161,espn-pbp/ep-20260920-230959
2674,Valparaiso Beacons,2023,Rowan Keefe,keefe r,4,false,89,6.4903,espn-pbp/ep-20260920-230959
2674,Valparaiso Beacons,2023,Michael Appel Jr.,appel m,3,true,67,-8.2513,espn-pbp/ep-20260920-230959
2674,Valparaiso Beacons,2023,Jeffrey Jackson,jackson j,2,false,60,1.0460,espn-pbp/ep-20260920-230959
238,Vanderbilt Commodores,2023,Ken Seals,seals k,6,false,183,1.0222,espn-pbp/ep-20260920-230959
238,Vanderbilt Commodores,2023,AJ Swann,swann a,6,true,172,-0.6124,espn-pbp/ep-20260920-230959
222,Villanova Wildcats,2023,Connor Watkins,watkins c,12,false,232,52.3505,espn-pbp/ep-20260920-230959
222,Villanova Wildcats,2023,Brayten Silbor,silbor b,1,true,,,espn-pbp/ep-20260920-230959
258,Virginia Cavaliers,2023,Anthony Colandrea,colandrea a,6,false,250,28.3703,espn-pbp/ep-20260920-230959
258,Virginia Cavaliers,2023,Tony Muskett,muskett t,6,true,151,22.7027,espn-pbp/ep-20260920-230959
2355,Virginia Lynchburg Dragons,2023,CJ Brooks,brooks c,2,false,53,-18.2713,espn-pbp/ep-20260920-230959
2355,Virginia Lynchburg Dragons,2023,"WESLEY, Tyler",wesley t,1,true,6,-0.2158,espn-pbp/ep-20260920-230959
2355,Virginia Lynchburg Dragons,2023,Anthony Chiccitt,chiccitt a,1,false,,,espn-pbp/ep-20260920-230959
330,Virginia State Trojans,2023,Otto Kuhns,kuhns o,1,true,,,espn-pbp/ep-20260920-230959
259,Virginia Tech Hokies,2023,Kyron Drones,drones k,11,false,298,0.8727,espn-pbp/ep-20260920-230959
259,Virginia Tech Hokies,2023,Grant Wells,wells g,2,true,69,12.3462,espn-pbp/ep-20260920-230959
89,Wabash College Little Giants,2023,Liam Thompson,thompson l,1,true,31,17.1771,espn-pbp/ep-20260920-230959
2681,Wagner Seahawks,2023,Steven Krajewski,krajewski s,11,true,165,53.2832,espn-pbp/ep-20260920-230959
154,Wake Forest Demon Deacons,2023,Mitch Griffis,griffis m,8,true,155,11.3645,espn-pbp/ep-20260920-230959
154,Wake Forest Demon Deacons,2023,Michael Kern,kern m,2,false,69,18.3912,espn-pbp/ep-20260920-230959
154,Wake Forest Demon Deacons,2023,Santino Marucci,marucci s,1,false,25,2.1639,espn-pbp/ep-20260920-230959
264,Washington Huskies,2023,Michael Penix Jr.,penix m,15,true,569,167.0103,espn-pbp/ep-20260920-230959
265,Washington State Cougars,2023,Cameron Ward,ward c,12,true,495,97.6810,espn-pbp/ep-20260920-230959
2692,Weber State Wildcats,2023,Richie Munoz,munoz r,5,false,129,27.7574,espn-pbp/ep-20260920-230959
2692,Weber State Wildcats,2023,Kylan Weisser,weisser k,4,true,102,7.9613,espn-pbp/ep-20260920-230959
2692,Weber State Wildcats,2023,Adam Damante,damante a,1,false,,,espn-pbp/ep-20260920-230959
277,West Virginia Mountaineers,2023,Garrett Greene,greene g,10,true,256,44.6978,espn-pbp/ep-20260920-230959
277,West Virginia Mountaineers,2023,Nicco Marchiol,marchiol n,2,false,53,-12.8950,espn-pbp/ep-20260920-230959
2707,West Virginia State Yellow Jackets,2023,Donovan Riddick,riddick d,1,true,32,17.9946,espn-pbp/ep-20260920-230959
2717,Western Carolina Catamounts,2023,Cole Gonzales,gonzales c,10,true,243,106.5963,espn-pbp/ep-20260920-230959
2717,Western Carolina Catamounts,2023,Carter Peevy,peevy c,1,false,,,espn-pbp/ep-20260920-230959
2717,Western Carolina Catamounts,2023,Brody Palhegyi,palhegyi b,0,false,51,13.3443,espn-pbp/ep-20260920-230959
2710,Western Illinois Leathernecks,2023,Matt Morrissey,morrissey m,10,true,257,55.3557,espn-pbp/ep-20260920-230959
2710,Western Illinois Leathernecks,2023,Zack Annexstad,annexstad z,1,false,,,espn-pbp/ep-20260920-230959
98,Western Kentucky Hilltoppers,2023,Austin Reed,reed a,12,true,431,56.8901,espn-pbp/ep-20260920-230959
98,Western Kentucky Hilltoppers,2023,Turner Helton,helton t,1,false,12,9.7382,espn-pbp/ep-20260920-230959
98,Western Kentucky Hilltoppers,2023,Caden Veltkamp,veltkamp c,0,false,54,18.9860,espn-pbp/ep-20260920-230959
2711,Western Michigan Broncos,2023,Hayden Wolff,wolff h,4,false,172,15.2758,espn-pbp/ep-20260920-230959
2711,Western Michigan Broncos,2023,Treyson Bourguet,bourguet t,4,false,95,5.3516,espn-pbp/ep-20260920-230959
2711,Western Michigan Broncos,2023,Jack Salopek,salopek j,2,true,47,-8.5953,espn-pbp/ep-20260920-230959
2711,Western Michigan Broncos,2023,Rocky Lombardi,lombardi r,1,false,17,-3.1565,espn-pbp/ep-20260920-230959
2711,Western Michigan Broncos,2023,Garrett Shrader,shrader g,1,false,,,espn-pbp/ep-20260920-230959
2848,Western Oregon Wolves,2023,Gannon Winker,winker g,1,true,21,-6.0279,espn-pbp/ep-20260920-230959
2729,William & Mary Tribe,2023,Darius Wilson,wilson d,7,true,149,39.6642,espn-pbp/ep-20260920-230959
2729,William & Mary Tribe,2023,"HUGHES, Tyler",hughes t,1,false,15,2.5384,espn-pbp/ep-20260920-230959
2729,William & Mary Tribe,2023,Reese Poffenbarger,poffenbarger r,1,false,,,espn-pbp/ep-20260920-230959
2736,Winston-Salem Rams,2023,Daylin Lee,lee d,1,true,26,3.4967,espn-pbp/ep-20260920-230959
275,Wisconsin Badgers,2023,Tanner Mordecai,mordecai t,10,true,319,35.3115,espn-pbp/ep-20260920-230959
275,Wisconsin Badgers,2023,Braedyn Locke,locke b,3,false,158,-12.6198,espn-pbp/ep-20260920-230959
2743,Wisconsin-Stevens Pt Pointers,2023,Charlie Smith,smith c,1,true,6,-0.4164,espn-pbp/ep-20260920-230959
2747,Wofford Terriers,2023,Pauly Seeley,seeley p,5,false,123,14.4056,espn-pbp/ep-20260920-230959
2747,Wofford Terriers,2023,Bryce Corriston,corriston b,4,true,64,-9.3136,espn-pbp/ep-20260920-230959
2747,Wofford Terriers,2023,Amari Odom,odom a,1,false,19,-3.1849,espn-pbp/ep-20260920-230959
2751,Wyoming Cowboys,2023,Andrew Peasley,peasley a,12,true,238,68.4545,espn-pbp/ep-20260920-230959
2751,Wyoming Cowboys,2023,Evan Svoboda,svoboda e,1,false,38,3.6115,espn-pbp/ep-20260920-230959
43,Yale Bulldogs,2023,Nolan Grooms,grooms n,9,true,128,50.5609,espn-pbp/ep-20260920-230959
2754,Youngstown State Penguins,2023,Mitch Davidson,davidson m,12,true,330,116.7557,espn-pbp/ep-20260920-230959
2000,Abilene Christian Wildcats,2024,Maverick McIvor,mcivor m,13,true,423,123.3232,espn-pbp/ep-20260920-230959
2000,Abilene Christian Wildcats,2024,Carson Haggard,haggard c,1,false,30,3.4910,espn-pbp/ep-20260920-230959
2005,Air Force Falcons,2024,Quentin Hayes,hayes q,6,false,46,25.9120,espn-pbp/ep-20260920-230959
2005,Air Force Falcons,2024,John Busha,busha j,5,true,81,-22.2645,espn-pbp/ep-20260920-230959
2005,Air Force Falcons,2024,Brandon Engel,engel b,1,false,2,4.7900,espn-pbp/ep-20260920-230959
2006,Akron Zips,2024,Ben Finley,finley b,11,false,292,14.4657,espn-pbp/ep-20260920-230959
2006,Akron Zips,2024,Tahj Bullock,bullock t,1,true,31,-7.3358,espn-pbp/ep-20260920-230959
2010,Alabama A&M Bulldogs,2024,Cornelious Brown IV,brown c,6,true,166,50.1353,espn-pbp/ep-20260920-230959
2010,Alabama A&M Bulldogs,2024,Xavier Lankford,lankford x,3,false,116,31.6518,espn-pbp/ep-20260920-230959
2010,Alabama A&M Bulldogs,2024,Mekhi Hagens,hagens m,1,false,,,espn-pbp/ep-20260920-230959
2010,Alabama A&M Bulldogs,2024,Denim Johnson,johnson d,1,false,,,espn-pbp/ep-20260920-230959
333,Alabama Crimson Tide,2024,Jalen Milroe,milroe j,13,true,323,38.7789,espn-pbp/ep-20260920-230959
2011,Alabama State Hornets,2024,Kareem Keye,keye k,5,false,92,25.5337,espn-pbp/ep-20260920-230959
2011,Alabama State Hornets,2024,Zach Sims,sims z,3,false,40,-10.8521,espn-pbp/ep-20260920-230959
2011,Alabama State Hornets,2024,James Hayes,hayes j,1,false,12,-2.8812,espn-pbp/ep-20260920-230959
2011,Alabama State Hornets,2024,Jonah O'Brien,o'brien j,1,true,,,espn-pbp/ep-20260920-230959
2016,Alcorn State Braves,2024,Xzavier Vaughn,vaughn x,6,false,151,-29.6009,espn-pbp/ep-20260920-230959
2016,Alcorn State Braves,2024,Tyler Macon,macon t,2,true,16,-7.5556,espn-pbp/ep-20260920-230959
2016,Alcorn State Braves,2024,Tre Lawrence,lawrence t,1,false,20,-10.9677,espn-pbp/ep-20260920-230959
2026,App State Mountaineers,2024,Joey Aguilar,aguilar j,11,true,410,79.8021,espn-pbp/ep-20260920-230959
9,Arizona State Sun Devils,2024,Sam Leavitt,leavitt s,12,true,315,57.3543,espn-pbp/ep-20260920-230959
9,Arizona State Sun Devils,2024,Jeff Sims,sims j,1,false,27,0.6129,espn-pbp/ep-20260920-230959
12,Arizona Wildcats,2024,Noah Fifita,fifita n,12,true,440,42.7207,espn-pbp/ep-20260920-230959
124386,Arkansas Baptist Buffaloes,2024,Tyler Strickland,strickland t,1,true,21,-4.6579,espn-pbp/ep-20260920-230959
8,Arkansas Razorbacks,2024,Taylen Green,green t,13,true,386,87.4653,espn-pbp/ep-20260920-230959
2032,Arkansas State Red Wolves,2024,Jaylen Raynor,raynor j,13,true,438,52.4010,espn-pbp/ep-20260920-230959
2029,Arkansas-Pine Bluff Golden Lions,2024,Mekhi Hagens,hagens m,9,true,221,69.1635,espn-pbp/ep-20260920-230959
2029,Arkansas-Pine Bluff Golden Lions,2024,Xavier Lankford,lankford x,1,false,,,espn-pbp/ep-20260920-230959
349,Army Black Knights,2024,Bryson Daily,daily b,13,true,103,42.5611,espn-pbp/ep-20260920-230959
349,Army Black Knights,2024,Dewayne Coleman,coleman d,1,false,16,8.1459,espn-pbp/ep-20260920-230959
2,Auburn Tigers,2024,Payton Thorne,thorne p,10,true,318,62.6674,espn-pbp/ep-20260920-230959
2,Auburn Tigers,2024,Hank Brown,brown h,2,false,45,14.1398,espn-pbp/ep-20260920-230959
2043,Augustana University (SD) Vikings,2024,Thomas Scholten,scholten t,1,true,,,espn-pbp/ep-20260920-230959
2046,Austin Peay Governors,2024,Austin Smith,smith a,10,false,298,36.5608,espn-pbp/ep-20260920-230959
2046,Austin Peay Governors,2024,Mason Garcia,garcia m,1,true,8,-3.5897,espn-pbp/ep-20260920-230959
3178,Ave Maria Gyrenes,2024,Drew Lege,lege d,2,true,31,-1.6578,espn-pbp/ep-20260920-230959
252,BYU Cougars,2024,Jake Retzlaff,retzlaff j,13,true,383,59.9460,espn-pbp/ep-20260920-230959
2050,Ball State Cardinals,2024,Kadin Semonza,semonza k,12,true,398,47.6844,espn-pbp/ep-20260920-230959
239,Baylor Bears,2024,Sawyer Robertson,robertson s,11,false,396,121.1926,espn-pbp/ep-20260920-230959
239,Baylor Bears,2024,Dequan Finn,finn d,2,true,46,-3.3255,espn-pbp/ep-20260920-230959
2065,Bethune-Cookman Wildcats,2024,Cam'Ron Ransom,ransom c,8,false,151,34.9918,espn-pbp/ep-20260920-230959
2065,Bethune-Cookman Wildcats,2024,Luke Sprague,sprague l,2,false,18,5.1859,espn-pbp/ep-20260920-230959
2065,Bethune-Cookman Wildcats,2024,"BOWENS, Micah",bowens m,1,true,11,-9.2706,espn-pbp/ep-20260920-230959
2069,Black Hills State Yellow Jackets,2024,Luke Duby,duby l,1,true,25,-1.6848,espn-pbp/ep-20260920-230959
68,Boise State Broncos,2024,Maddux Madsen,madsen m,14,true,408,105.3570,espn-pbp/ep-20260920-230959
103,Boston College Eagles,2024,Thomas Castellanos,castellanos t,8,true,159,38.3676,espn-pbp/ep-20260920-230959
103,Boston College Eagles,2024,Grayson James,james g,5,false,180,34.1285,espn-pbp/ep-20260920-230959
189,Bowling Green Falcons,2024,Connor Bazelak,bazelak c,13,true,419,81.9016,espn-pbp/ep-20260920-230959
225,Brown Bears,2024,Jake Willcox,willcox j,10,true,311,39.1873,espn-pbp/ep-20260920-230959
2803,Bryant Bulldogs,2024,Jarrett Guest,guest j,5,true,197,12.3429,espn-pbp/ep-20260920-230959
2803,Bryant Bulldogs,2024,Brennan Myer,myer b,2,false,107,25.6541,espn-pbp/ep-20260920-230959
2803,Bryant Bulldogs,2024,Joe Pesansky,pesansky j,1,false,,,espn-pbp/ep-20260920-230959
2083,Bucknell Bison,2024,Ralph Rucker IV,rucker r,10,true,343,60.1604,espn-pbp/ep-20260920-230959
2083,Bucknell Bison,2024,Michael Hardyway,hardyway m,1,false,43,6.9564,espn-pbp/ep-20260920-230959
2084,Buffalo Bulls,2024,C.J. Ogbonna,j. ogbonna c,12,true,281,6.1859,espn-pbp/ep-20260920-230959
2084,Buffalo Bulls,2024,Taisun Phommachanh,phommachanh t,1,false,,,espn-pbp/ep-20260920-230959
2086,Butler Bulldogs,2024,Reagan Andrew,andrew r,11,false,222,47.9887,espn-pbp/ep-20260920-230959
2086,Butler Bulldogs,2024,Nick Howard,howard n,1,true,53,20.2813,espn-pbp/ep-20260920-230959
13,Cal Poly Mustangs,2024,Bo Kelly,kelly b,5,true,129,8.1710,espn-pbp/ep-20260920-230959
13,Cal Poly Mustangs,2024,Jaden Jones,jones j,3,false,50,-6.6767,espn-pbp/ep-20260920-230959
13,Cal Poly Mustangs,2024,Jackson Akins,akins j,2,false,101,16.5868,espn-pbp/ep-20260920-230959
13,Cal Poly Mustangs,2024,Richie Watts,watts r,1,false,33,8.5019,espn-pbp/ep-20260920-230959
25,California Golden Bears,2024,Fernando Mendoza,mendoza f,10,true,294,92.2044,espn-pbp/ep-20260920-230959
25,California Golden Bears,2024,CJ Harris,harris c,1,false,31,-6.6225,espn-pbp/ep-20260920-230959
25,California Golden Bears,2024,Chandler Rogers,rogers c,1,false,21,-3.7281,espn-pbp/ep-20260920-230959
2097,Campbell Fighting Camels,2024,Chad Mascoe Jr.,mascoe c,8,true,190,61.7928,espn-pbp/ep-20260920-230959
2097,Campbell Fighting Camels,2024,Mike Chandler II,chandler m,4,false,160,-31.7066,espn-pbp/ep-20260920-230959
2107,Catawba Indians,2024,Preston Brown,brown p,1,true,35,0.6847,espn-pbp/ep-20260920-230959
2110,Central Arkansas Bears,2024,Will McElvain,mcelvain w,8,true,192,44.0692,espn-pbp/ep-20260920-230959
2110,Central Arkansas Bears,2024,Caleb Koger,koger c,2,false,67,1.8317,espn-pbp/ep-20260920-230959
2115,Central Connecticut Blue Devils,2024,Brady Olson,olson b,10,true,238,33.1772,espn-pbp/ep-20260920-230959
2115,Central Connecticut Blue Devils,2024,Jeff Hoenstine,hoenstine j,1,false,,,espn-pbp/ep-20260920-230959
2117,Central Michigan Chippewas,2024,Joe Labas,labas j,5,true,138,-24.9282,espn-pbp/ep-20260920-230959
2117,Central Michigan Chippewas,2024,Jadyn Glasser,glasser j,3,false,60,-9.5961,espn-pbp/ep-20260920-230959
2117,Central Michigan Chippewas,2024,Tyler Jefferson,jefferson t,3,false,57,-13.7588,espn-pbp/ep-20260920-230959
2119,Central State (OH) Marauders,2024,Kendall Boney,boney k,1,true,32,-12.2951,espn-pbp/ep-20260920-230959
2120,Central Washington Wildcats,2024,Kennedy McGill,mcgill k,1,true,31,-2.4195,espn-pbp/ep-20260920-230959
2127,Charleston Southern Buccaneers,2024,Rob McCoy Jr,mccoy r,7,true,101,12.7698,espn-pbp/ep-20260920-230959
2127,Charleston Southern Buccaneers,2024,Kaleb Jackson,jackson k,4,false,105,9.2662,espn-pbp/ep-20260920-230959
2127,Charleston Southern Buccaneers,2024,Nate Glantz,glantz n,1,false,,,espn-pbp/ep-20260920-230959
2429,Charlotte 49ers,2024,Deshawn Purdie,purdie d,6,false,193,22.9038,espn-pbp/ep-20260920-230959
2429,Charlotte 49ers,2024,Max Brown,brown m,3,true,88,-17.6912,espn-pbp/ep-20260920-230959
2429,Charlotte 49ers,2024,Trexler Ivey,ivey t,2,false,59,-8.4067,espn-pbp/ep-20260920-230959
236,Chattanooga Mocs,2024,Chase Artopoeus,artopoeus c,8,true,199,63.8645,espn-pbp/ep-20260920-230959
236,Chattanooga Mocs,2024,Luke Schomburg,schomburg l,4,false,69,30.0128,espn-pbp/ep-20260920-230959
2132,Cincinnati Bearcats,2024,Brendan Sorsby,sorsby b,12,true,402,67.6072,espn-pbp/ep-20260920-230959
2805,Clark Atlanta Panthers,2024,David Wright Iii,wright d,1,true,52,18.1309,espn-pbp/ep-20260920-230959
228,Clemson Tigers,2024,Cade Klubnik,klubnik c,14,true,501,108.3319,espn-pbp/ep-20260920-230959
324,Coastal Carolina Chanticleers,2024,Ethan Vasko,vasko e,12,true,285,42.0219,espn-pbp/ep-20260920-230959
324,Coastal Carolina Chanticleers,2024,Tad Hudson,hudson t,1,false,29,-1.7889,espn-pbp/ep-20260920-230959
324,Coastal Carolina Chanticleers,2024,Noah Kim,kim n,0,false,58,4.1767,espn-pbp/ep-20260920-230959
2142,Colgate Raiders,2024,Jake Stearney,stearney j,8,false,227,0.0329,espn-pbp/ep-20260920-230959
2142,Colgate Raiders,2024,Michael Brescia,brescia m,3,true,60,10.2543,espn-pbp/ep-20260920-230959
38,Colorado Buffaloes,2024,Shedeur Sanders,sanders s,13,true,490,124.5559,espn-pbp/ep-20260920-230959
36,Colorado State Rams,2024,Brayden Fowler-Nicolosi,fowler-nicolosi b,12,true,340,-2.8202,espn-pbp/ep-20260920-230959
36,Colorado State Rams,2024,Gevani McCoy,mccoy g,1,false,,,espn-pbp/ep-20260920-230959
171,Columbia Lions,2024,Chase Goodwin,goodwin c,5,true,110,43.8486,espn-pbp/ep-20260920-230959
171,Columbia Lions,2024,Cole Freeman,freeman c,3,false,102,20.8055,espn-pbp/ep-20260920-230959
171,Columbia Lions,2024,Caleb Sanchez,sanchez c,2,false,42,23.9955,espn-pbp/ep-20260920-230959
172,Cornell Big Red,2024,Jameson Wang,wang j,9,true,267,45.4182,espn-pbp/ep-20260920-230959
159,Dartmouth Big Green,2024,Jackson Proctor,proctor j,7,true,130,29.9575,espn-pbp/ep-20260920-230959
159,Dartmouth Big Green,2024,Grayson Saunier,saunier g,2,false,34,10.1967,espn-pbp/ep-20260920-230959
159,Dartmouth Big Green,2024,Woods Ray,ray w,1,false,1,-1.4750,espn-pbp/ep-20260920-230959
2166,Davidson Wildcats,2024,Luke Durkin,durkin l,6,false,63,23.2563,espn-pbp/ep-20260920-230959
2166,Davidson Wildcats,2024,Andrew Frazier,frazier a,4,false,57,17.1264,espn-pbp/ep-20260920-230959
2166,Davidson Wildcats,2024,Coulter Cleland,cleland c,1,true,12,5.8377,espn-pbp/ep-20260920-230959
2168,Dayton Flyers,2024,Drew VanVleet,vanvleet d,11,true,301,27.7362,espn-pbp/ep-20260920-230959
48,Delaware Blue Hens,2024,Zach Marker,marker z,4,false,135,35.4968,espn-pbp/ep-20260920-230959
48,Delaware Blue Hens,2024,Nick Minicucci,minicucci n,4,false,129,8.2923,espn-pbp/ep-20260920-230959
48,Delaware Blue Hens,2024,Ryan O'Connor,o'connor r,3,true,126,28.9939,espn-pbp/ep-20260920-230959
2169,Delaware State Hornets,2024,Marqui Adams,adams m,4,true,113,17.3220,espn-pbp/ep-20260920-230959
2169,Delaware State Hornets,2024,C.J. Henry,j. henry c,4,false,84,-4.4702,espn-pbp/ep-20260920-230959
2169,Delaware State Hornets,2024,Mikal Davis,davis m,1,false,17,-8.9217,espn-pbp/ep-20260920-230959
2169,Delaware State Hornets,2024,Jeff Hoenstine,hoenstine j,1,false,,,espn-pbp/ep-20260920-230959
2169,Delaware State Hornets,2024,Joshua Jones,jones j,1,false,,,espn-pbp/ep-20260920-230959
2181,Drake Bulldogs,2024,Luke Bailey,bailey l,10,true,290,44.8545,espn-pbp/ep-20260920-230959
150,Duke Blue Devils,2024,Maalik Murphy,murphy m,12,true,422,11.0018,espn-pbp/ep-20260920-230959
150,Duke Blue Devils,2024,Henry Belin IV,belin h,1,false,47,0.7202,espn-pbp/ep-20260920-230959
2184,Duquesne Dukes,2024,Darius Perrantes,perrantes d,10,true,232,74.4237,espn-pbp/ep-20260920-230959
2184,Duquesne Dukes,2024,Jordan Heisey,heisey j,1,false,29,7.9667,espn-pbp/ep-20260920-230959
151,East Carolina Pirates,2024,Katin Houser,houser k,7,false,254,27.7766,espn-pbp/ep-20260920-230959
151,East Carolina Pirates,2024,Jake Garcia,garcia j,6,true,188,24.0957,espn-pbp/ep-20260920-230959
2193,East Tennessee State Buccaneers,2024,Jaylen King,king j,9,true,206,6.9376,espn-pbp/ep-20260920-230959
2193,East Tennessee State Buccaneers,2024,Gino English,english g,1,false,84,20.4890,espn-pbp/ep-20260920-230959
2193,East Tennessee State Buccaneers,2024,Baylor Hayes,hayes b,1,false,31,-0.6421,espn-pbp/ep-20260920-230959
2837,East Texas A&M Lions,2024,Ron Peace,peace r,7,false,252,4.9916,espn-pbp/ep-20260920-230959
2837,East Texas A&M Lions,2024,Eric Rodriguez,rodriguez e,3,true,45,-10.5654,espn-pbp/ep-20260920-230959
2837,East Texas A&M Lions,2024,Will Madonna,madonna w,1,false,60,-11.4476,espn-pbp/ep-20260920-230959
2197,Eastern Illinois Panthers,2024,Pierce Holley,holley p,12,true,269,64.6380,espn-pbp/ep-20260920-230959
2198,Eastern Kentucky Colonels,2024,Matt Morrissey,morrissey m,12,true,303,26.3430,espn-pbp/ep-20260920-230959
2199,Eastern Michigan Eagles,2024,Cole Snyder,snyder c,11,true,375,34.5539,espn-pbp/ep-20260920-230959
331,Eastern Washington Eagles,2024,Kekoa Visperas,visperas k,9,true,219,63.3529,espn-pbp/ep-20260920-230959
331,Eastern Washington Eagles,2024,Jared Taylor,taylor j,1,false,48,5.0563,espn-pbp/ep-20260920-230959
2205,Edinboro Fighting Scots,2024,Isaac Bernard,bernard i,1,true,,,espn-pbp/ep-20260920-230959
2210,Elon Phoenix,2024,Matthew Downing,downing m,11,true,235,73.8636,espn-pbp/ep-20260920-230959
2210,Elon Phoenix,2024,Jack Salopek,salopek j,1,false,82,9.4672,espn-pbp/ep-20260920-230959
2222,Ferris State Bulldogs,2024,Trinidad Chambliss,chambliss t,1,true,21,5.2395,espn-pbp/ep-20260920-230959
50,Florida A&M Rattlers,2024,Daniel Richardson,richardson d,11,true,278,68.4420,espn-pbp/ep-20260920-230959
2226,Florida Atlantic Owls,2024,Cam Fancher,fancher c,8,true,192,20.7136,espn-pbp/ep-20260920-230959
2226,Florida Atlantic Owls,2024,"Starks,Tyriq",starks t,2,false,65,14.1621,espn-pbp/ep-20260920-230959
2226,Florida Atlantic Owls,2024,Kasen Weisman,weisman k,1,false,62,3.2846,espn-pbp/ep-20260920-230959
57,Florida Gators,2024,DJ Lagway,lagway d,7,false,195,25.0787,espn-pbp/ep-20260920-230959
57,Florida Gators,2024,Graham Mertz,mertz g,5,true,92,16.8432,espn-pbp/ep-20260920-230959
57,Florida Gators,2024,Aidan Warner,warner a,1,false,51,-16.2150,espn-pbp/ep-20260920-230959
2229,Florida International Panthers,2024,Keyone Jenkins,jenkins k,12,true,294,44.1894,espn-pbp/ep-20260920-230959
52,Florida State Seminoles,2024,DJ Uiagalelei,uiagalelei d,5,true,158,8.2924,espn-pbp/ep-20260920-230959
52,Florida State Seminoles,2024,Brock Glenn,glenn b,5,false,122,-12.1440,espn-pbp/ep-20260920-230959
52,Florida State Seminoles,2024,Luke Kromenhoek,kromenhoek l,2,false,87,7.9786,espn-pbp/ep-20260920-230959
2230,Fordham Rams,2024,Jack Capaldi,capaldi j,7,false,152,12.6984,espn-pbp/ep-20260920-230959
2230,Fordham Rams,2024,CJ Montes,montes c,2,true,57,-11.6193,espn-pbp/ep-20260920-230959
2230,Fordham Rams,2024,Tripp Holley,holley t,1,false,10,2.0443,espn-pbp/ep-20260920-230959
278,Fresno State Bulldogs,2024,Mikey Keene,keene m,11,true,370,42.5284,espn-pbp/ep-20260920-230959
278,Fresno State Bulldogs,2024,Joshua Wood,wood j,1,false,24,-0.7872,espn-pbp/ep-20260920-230959
231,Furman Paladins,2024,Trey Hedden,hedden t,7,false,223,28.2740,espn-pbp/ep-20260920-230959
231,Furman Paladins,2024,Carson Jones,jones c,3,true,109,0.3245,espn-pbp/ep-20260920-230959
2241,Gardner-Webb Runnin' Bulldogs,2024,Tyler Ridell,ridell t,11,true,275,91.1038,espn-pbp/ep-20260920-230959
2241,Gardner-Webb Runnin' Bulldogs,2024,Ren Hefley,hefley r,1,false,16,-5.4489,espn-pbp/ep-20260920-230959
2245,Georgetown (KY) Tigers,2024,Gehrig Slunaker,slunaker g,1,true,25,16.4316,espn-pbp/ep-20260920-230959
46,Georgetown Hoyas,2024,Danny Lauter,lauter d,9,true,235,5.7790,espn-pbp/ep-20260920-230959
46,Georgetown Hoyas,2024,Jacob Holtschlag,holtschlag j,1,false,30,-15.5438,espn-pbp/ep-20260920-230959
61,Georgia Bulldogs,2024,Carson Beck,beck c,13,true,427,71.4172,espn-pbp/ep-20260920-230959
61,Georgia Bulldogs,2024,"Stockton,Gunner",stockton g,1,false,18,-0.5062,espn-pbp/ep-20260920-230959
290,Georgia Southern Eagles,2024,JC French,french j,13,true,432,54.4462,espn-pbp/ep-20260920-230959
2247,Georgia State Panthers,2024,Christian Veilleux,veilleux c,8,true,301,17.2311,espn-pbp/ep-20260920-230959
2247,Georgia State Panthers,2024,Zach Gibson,gibson z,4,false,157,24.5705,espn-pbp/ep-20260920-230959
59,Georgia Tech Yellow Jackets,2024,Haynes King,king h,10,true,239,75.6266,espn-pbp/ep-20260920-230959
59,Georgia Tech Yellow Jackets,2024,Zach Pyron,pyron z,2,false,64,-7.6626,espn-pbp/ep-20260920-230959
59,Georgia Tech Yellow Jackets,2024,Aaron Philo,philo a,1,false,73,-3.4955,espn-pbp/ep-20260920-230959
2755,Grambling Tigers,2024,Myles Crawley,crawley m,8,true,149,13.7265,espn-pbp/ep-20260920-230959
2755,Grambling Tigers,2024,Deljay Bailey,bailey d,3,false,51,16.2324,espn-pbp/ep-20260920-230959
2261,Hampton Pirates,2024,Chris Zellous,zellous c,9,true,164,19.1834,espn-pbp/ep-20260920-230959
2261,Hampton Pirates,2024,Malcolm Mays,mays m,3,false,106,9.5712,espn-pbp/ep-20260920-230959
2262,Hanover Panthers,2024,Eian Roudebush,roudebush e,1,true,20,-12.5915,espn-pbp/ep-20260920-230959
108,Harvard Crimson,2024,Jaden Craig,craig j,8,true,164,76.9364,espn-pbp/ep-20260920-230959
62,Hawai'i Rainbow Warriors,2024,Brayden Schager,schager b,11,true,397,25.8840,espn-pbp/ep-20260920-230959
62,Hawai'i Rainbow Warriors,2024,Micah Alejado,alejado m,1,false,59,29.5281,espn-pbp/ep-20260920-230959
107,Holy Cross Crusaders,2024,Joe Pesansky,pesansky j,11,true,236,66.8739,espn-pbp/ep-20260920-230959
107,Holy Cross Crusaders,2024,Jarrett Guest,guest j,1,false,,,espn-pbp/ep-20260920-230959
2277,Houston Christian Huskies,2024,Cutter Stewart,stewart c,6,true,99,-14.6301,espn-pbp/ep-20260920-230959
2277,Houston Christian Huskies,2024,Eli Brickhandler,brickhandler e,3,false,58,8.6830,espn-pbp/ep-20260920-230959
2277,Houston Christian Huskies,2024,CJ Rogers,rogers c,2,false,44,-1.8899,espn-pbp/ep-20260920-230959
248,Houston Cougars,2024,Zeon Chriss,chriss z,7,false,129,-22.9437,espn-pbp/ep-20260920-230959
248,Houston Cougars,2024,Donovan Smith,smith d,5,true,140,-12.6253,espn-pbp/ep-20260920-230959
47,Howard Bison,2024,Ja'Shawn Scroggins,scroggins j,8,true,141,-13.7374,espn-pbp/ep-20260920-230959
47,Howard Bison,2024,Jaylon Tolbert,tolbert j,2,false,26,-3.1261,espn-pbp/ep-20260920-230959
304,Idaho State Bengals,2024,Kobe Tracy,tracy k,11,false,428,76.5852,espn-pbp/ep-20260920-230959
304,Idaho State Bengals,2024,Jordan Cooke,cooke j,1,true,22,-8.9962,espn-pbp/ep-20260920-230959
304,Idaho State Bengals,2024,Hunter Hays,hays h,0,false,51,9.1365,espn-pbp/ep-20260920-230959
70,Idaho Vandals,2024,Jack Wagner,wagner j,6,false,143,15.6320,espn-pbp/ep-20260920-230959
70,Idaho Vandals,2024,Jack Layne,layne j,5,true,123,21.1680,espn-pbp/ep-20260920-230959
70,Idaho Vandals,2024,Nick Josifek,josifek n,2,false,37,15.0132,espn-pbp/ep-20260920-230959
356,Illinois Fighting Illini,2024,Luke Altmyer,altmyer l,12,true,338,53.5840,espn-pbp/ep-20260920-230959
2287,Illinois State Redbirds,2024,Tommy Rittenhouse,rittenhouse t,14,true,366,81.1153,espn-pbp/ep-20260920-230959
2287,Illinois State Redbirds,2024,Jake Rubley,rubley j,0,false,81,4.0069,espn-pbp/ep-20260920-230959
2916,Incarnate Word Cardinals,2024,Zach Calzada,calzada z,13,true,412,64.8981,espn-pbp/ep-20260920-230959
84,Indiana Hoosiers,2024,Kurtis Rourke,rourke k,12,true,332,156.2943,espn-pbp/ep-20260920-230959
84,Indiana Hoosiers,2024,Tayven Jackson,jackson t,1,false,38,10.1110,espn-pbp/ep-20260920-230959
282,Indiana State Sycamores,2024,Elijah Owens,owens e,11,true,256,30.7843,espn-pbp/ep-20260920-230959
282,Indiana State Sycamores,2024,Keegan Patterson,patterson k,1,false,8,-7.7388,espn-pbp/ep-20260920-230959
111756,Indiana Wesleyan Wildcats,2024,Kyle Antoine,antoine k,1,true,37,0.3393,espn-pbp/ep-20260920-230959
2294,Iowa Hawkeyes,2024,Cade McNamara,mcnamara c,7,true,140,-0.6358,espn-pbp/ep-20260920-230959
2294,Iowa Hawkeyes,2024,Brendan Sullivan,sullivan b,3,false,41,11.8136,espn-pbp/ep-20260920-230959
2294,Iowa Hawkeyes,2024,Jackson Stratton,stratton j,2,false,35,-2.9194,espn-pbp/ep-20260920-230959
66,Iowa State Cyclones,2024,Rocco Becht,becht r,14,true,478,105.3999,espn-pbp/ep-20260920-230959
2296,Jackson State Tigers,2024,Jacobian Morgan,morgan j,9,false,181,58.0329,espn-pbp/ep-20260920-230959
2296,Jackson State Tigers,2024,Cam'Ron McCoy,mccoy c,3,true,20,15.0430,espn-pbp/ep-20260920-230959
55,Jacksonville State Gamecocks,2024,Tyler Huff,huff t,13,false,303,74.1565,espn-pbp/ep-20260920-230959
55,Jacksonville State Gamecocks,2024,Logan Smothers,smothers l,1,true,20,-4.0470,espn-pbp/ep-20260920-230959
256,James Madison Dukes,2024,Alonza Barnett III,barnett a,12,true,339,49.9998,espn-pbp/ep-20260920-230959
256,James Madison Dukes,2024,Billy Atkins,atkins b,1,false,24,5.7898,espn-pbp/ep-20260920-230959
2305,Kansas Jayhawks,2024,Jalon Daniels,daniels j,12,true,307,56.1194,espn-pbp/ep-20260920-230959
2306,Kansas State Wildcats,2024,Avery Johnson,johnson a,13,true,373,27.3143,espn-pbp/ep-20260920-230959
338,Kennesaw State Owls,2024,Davis Bryson,bryson d,11,true,260,-22.2732,espn-pbp/ep-20260920-230959
338,Kennesaw State Owls,2024,Khalib Johnson,johnson k,1,false,5,-1.8097,espn-pbp/ep-20260920-230959
2309,Kent State Golden Flashes,2024,Tommy Ulatowski,ulatowski t,6,false,146,16.0306,espn-pbp/ep-20260920-230959
2309,Kent State Golden Flashes,2024,Devin Kargman,kargman d,3,true,86,-8.7443,espn-pbp/ep-20260920-230959
2309,Kent State Golden Flashes,2024,Ruel Tomlinson,tomlinson r,1,false,24,-14.4095,espn-pbp/ep-20260920-230959
2309,Kent State Golden Flashes,2024,JD Sherrod,sherrod j,1,false,7,-4.0911,espn-pbp/ep-20260920-230959
3077,Kentucky Christian Knights,2024,Jett Engle,engle j,1,true,21,-12.1297,espn-pbp/ep-20260920-230959
2310,Kentucky State Thorobreds,2024,Cornelious Brown IV,brown c,1,true,,,espn-pbp/ep-20260920-230959
96,Kentucky Wildcats,2024,Brock Vandagriff,vandagriff b,11,true,229,27.1442,espn-pbp/ep-20260920-230959
96,Kentucky Wildcats,2024,Cutter Boley,boley c,1,false,54,0.3954,espn-pbp/ep-20260920-230959
99,LSU Tigers,2024,Garrett Nussmeier,nussmeier g,13,true,536,106.1335,espn-pbp/ep-20260920-230959
322,Lafayette Leopards,2024,Dean DeNobile,denobile d,12,true,317,57.1777,espn-pbp/ep-20260920-230959
2320,Lamar Cardinals,2024,Robert Coleman,coleman r,11,true,202,30.5396,espn-pbp/ep-20260920-230959
2320,Lamar Cardinals,2024,Jakolby Longino,longino j,1,false,51,16.9454,espn-pbp/ep-20260920-230959
2323,Lane Dragons,2024,NyJal Johnson,johnson n,1,true,15,-13.8325,espn-pbp/ep-20260920-230959
2329,Lehigh Mountain Hawks,2024,Dante Perri,perri d,8,true,52,8.6527,espn-pbp/ep-20260920-230959
2329,Lehigh Mountain Hawks,2024,Hayden Johnson,johnson h,4,false,101,69.2665,espn-pbp/ep-20260920-230959
2335,Liberty Flames,2024,Kaidon Salter,salter k,11,true,238,14.5153,espn-pbp/ep-20260920-230959
2335,Liberty Flames,2024,Ryan Burger,burger r,1,false,19,-6.8131,espn-pbp/ep-20260920-230959
124179,Lincoln (CA) Oaklanders,2024,Jack Clavel,clavel j,2,true,26,-11.7890,espn-pbp/ep-20260920-230959
2815,Lindenwood Lions,2024,Nate Glantz,glantz n,10,true,203,64.1244,espn-pbp/ep-20260920-230959
2815,Lindenwood Lions,2024,Rob McCoy Jr,mccoy r,1,false,,,espn-pbp/ep-20260920-230959
2815,Lindenwood Lions,2024,Michael Rostberg,rostberg m,1,false,,,espn-pbp/ep-20260920-230959
2341,Long Island University Sharks,2024,Luca Stanzani,stanzani l,6,true,105,-9.5647,espn-pbp/ep-20260920-230959
2341,Long Island University Sharks,2024,Ethan Greenwood,greenwood e,4,false,56,20.2812,espn-pbp/ep-20260920-230959
309,Louisiana Ragin' Cajuns,2024,Ben Wooldridge,wooldridge b,11,true,305,87.2358,espn-pbp/ep-20260920-230959
309,Louisiana Ragin' Cajuns,2024,Chandler Fields,fields c,3,false,90,39.7788,espn-pbp/ep-20260920-230959
2348,Louisiana Tech Bulldogs,2024,Evan Bullock,bullock e,10,false,302,29.8500,espn-pbp/ep-20260920-230959
2348,Louisiana Tech Bulldogs,2024,Jack Turner,turner j,3,true,76,-12.4713,espn-pbp/ep-20260920-230959
97,Louisville Cardinals,2024,Tyler Shough,shough t,12,true,377,91.3101,espn-pbp/ep-20260920-230959
97,Louisville Cardinals,2024,Harrison Bailey,bailey h,1,false,27,10.3522,espn-pbp/ep-20260920-230959
311,Maine Black Bears,2024,Carter Peevy,peevy c,12,true,329,69.5240,espn-pbp/ep-20260920-230959
2368,Marist Red Foxes,2024,Sonny Mannino,mannino s,8,false,304,-14.0317,espn-pbp/ep-20260920-230959
2368,Marist Red Foxes,2024,Enzo Arjona,arjona e,3,true,73,2.8297,espn-pbp/ep-20260920-230959
276,Marshall Thundering Herd,2024,Braylon Braxton,braxton b,8,false,183,37.2675,espn-pbp/ep-20260920-230959
276,Marshall Thundering Herd,2024,Stone Earle,earle s,4,true,92,-4.3066,espn-pbp/ep-20260920-230959
120,Maryland Terrapins,2024,Billy Edwards Jr.,edwards b,11,true,444,54.8113,espn-pbp/ep-20260920-230959
120,Maryland Terrapins,2024,MJ Morris,morris m,1,false,37,3.5377,espn-pbp/ep-20260920-230959
113,Massachusetts Minutemen,2024,Taisun Phommachanh,phommachanh t,8,true,236,35.5157,espn-pbp/ep-20260920-230959
113,Massachusetts Minutemen,2024,AJ Hairston,hairston a,3,false,48,-0.8339,espn-pbp/ep-20260920-230959
113,Massachusetts Minutemen,2024,C.J. Ogbonna,j. ogbonna c,1,false,,,espn-pbp/ep-20260920-230959
2816,McKendree Bearcats,2024,Ty Michael,michael t,1,true,30,6.5207,espn-pbp/ep-20260920-230959
2377,McNeese Cowboys,2024,Clifton McDowell,mcdowell c,6,true,100,24.5179,espn-pbp/ep-20260920-230959
2377,McNeese Cowboys,2024,Kamden Sixkiller,sixkiller k,5,false,95,1.7733,espn-pbp/ep-20260920-230959
2377,McNeese Cowboys,2024,Alex Flores,flores a,1,false,50,1.2463,espn-pbp/ep-20260920-230959
235,Memphis Tigers,2024,Seth Henigan,henigan s,13,true,494,112.9844,espn-pbp/ep-20260920-230959
2382,Mercer Bears,2024,D.J. Smith,j. smith d,7,true,104,31.9871,espn-pbp/ep-20260920-230959
2382,Mercer Bears,2024,Whitt Newbauer,newbauer w,6,false,182,14.4844,espn-pbp/ep-20260920-230959
2382,Mercer Bears,2024,Hess Horne,horne h,1,false,23,-7.1956,espn-pbp/ep-20260920-230959
2385,Mercyhurst Lakers,2024,Adam Urena,urena a,8,true,259,45.4180,espn-pbp/ep-20260920-230959
2771,Merrimack Warriors,2024,Ayden Pereira,pereira a,7,false,91,33.7736,espn-pbp/ep-20260920-230959
2771,Merrimack Warriors,2024,Malakai Anthony,anthony m,2,true,20,-11.6024,espn-pbp/ep-20260920-230959
2771,Merrimack Warriors,2024,Justin Lewis,lewis j,1,false,12,-2.4343,espn-pbp/ep-20260920-230959
193,Miami (OH) RedHawks,2024,Brett Gabbert,gabbert b,13,true,355,46.8326,espn-pbp/ep-20260920-230959
2390,Miami Hurricanes,2024,Cam Ward,ward c,13,true,469,201.1861,espn-pbp/ep-20260920-230959
127,Michigan State Spartans,2024,Aidan Chiles,chiles a,12,true,322,51.1074,espn-pbp/ep-20260920-230959
130,Michigan Wolverines,2024,Davis Warren,warren d,9,true,213,13.9695,espn-pbp/ep-20260920-230959
130,Michigan Wolverines,2024,Alex Orji,orji a,3,false,43,-15.3517,espn-pbp/ep-20260920-230959
130,Michigan Wolverines,2024,Jack Tuttle,tuttle j,1,false,51,-2.1742,espn-pbp/ep-20260920-230959
2393,Middle Tennessee Blue Raiders,2024,Nicholas Vattiato,vattiato n,12,true,403,55.8190,espn-pbp/ep-20260920-230959
2396,Miles College Golden Bears,2024,Kamren Ivory,ivory k,1,true,33,-12.2120,espn-pbp/ep-20260920-230959
135,Minnesota Golden Gophers,2024,Max Brosmer,brosmer m,12,true,406,70.9435,espn-pbp/ep-20260920-230959
135,Minnesota Golden Gophers,2024,"LEWIS, Brendon",lewis b,1,false,,,espn-pbp/ep-20260920-230959
344,Mississippi State Bulldogs,2024,Michael Van Buren Jr.,van buren m,8,false,263,36.5819,espn-pbp/ep-20260920-230959
344,Mississippi State Bulldogs,2024,Blake Shapen,shapen b,4,true,115,21.6245,espn-pbp/ep-20260920-230959
2400,Mississippi Valley State Delta Devils,2024,Ty'Jarian Williams,williams t,8,true,195,26.3913,espn-pbp/ep-20260920-230959
2400,Mississippi Valley State Delta Devils,2024,Jaydyn Sisk,sisk j,4,false,59,9.3467,espn-pbp/ep-20260920-230959
2623,Missouri State Bears,2024,Jacob Clark,clark j,12,true,309,132.6106,espn-pbp/ep-20260920-230959
142,Missouri Tigers,2024,Brady Cook,cook b,12,true,325,64.6571,espn-pbp/ep-20260920-230959
142,Missouri Tigers,2024,Drew Pyne,pyne d,1,false,85,-15.0580,espn-pbp/ep-20260920-230959
2405,Monmouth Hawks,2024,Derek Robertson,robertson d,12,true,362,153.2080,espn-pbp/ep-20260920-230959
149,Montana Grizzlies,2024,Logan Fife,fife l,7,false,228,49.5021,espn-pbp/ep-20260920-230959
149,Montana Grizzlies,2024,Keali'i Ah Yat,ah yat k,7,true,191,13.3368,espn-pbp/ep-20260920-230959
147,Montana State Bobcats,2024,Tommy Mellott,mellott t,16,true,299,121.0334,espn-pbp/ep-20260920-230959
2413,Morehead State Eagles,2024,Carter Cravens,cravens c,8,false,158,-1.2966,espn-pbp/ep-20260920-230959
2413,Morehead State Eagles,2024,Connor Genal,genal c,4,true,71,-0.4280,espn-pbp/ep-20260920-230959
2415,Morgan State Bears,2024,Tahj Smith,smith t,4,true,84,8.2747,espn-pbp/ep-20260920-230959
2415,Morgan State Bears,2024,Duce Taylor,taylor d,2,false,38,7.2838,espn-pbp/ep-20260920-230959
426,Mount Union Raiders,2024,TJ Deshields,deshields t,1,true,39,11.5544,espn-pbp/ep-20260920-230959
93,Murray State Racers,2024,Jayden Johannsen,johannsen j,12,true,197,0.6862,espn-pbp/ep-20260920-230959
152,NC State Wolfpack,2024,CJ Bailey,bailey c,9,false,302,59.1518,espn-pbp/ep-20260920-230959
152,NC State Wolfpack,2024,Grayson McCall,mccall g,4,true,78,7.7389,espn-pbp/ep-20260920-230959
2426,Navy Midshipmen,2024,Blake Horvath,horvath b,11,true,145,28.2585,espn-pbp/ep-20260920-230959
2426,Navy Midshipmen,2024,Braxton Woodson,woodson b,2,false,36,-7.2069,espn-pbp/ep-20260920-230959
158,Nebraska Cornhuskers,2024,Dylan Raiola,raiola d,12,true,405,49.5139,espn-pbp/ep-20260920-230959
2440,Nevada Wolf Pack,2024,Brendon Lewis,lewis b,11,true,340,49.3140,espn-pbp/ep-20260920-230959
2440,Nevada Wolf Pack,2024,Chubba Purdy,purdy c,1,false,27,-1.9580,espn-pbp/ep-20260920-230959
2440,Nevada Wolf Pack,2024,Max Brosmer,brosmer m,1,false,,,espn-pbp/ep-20260920-230959
160,New Hampshire Wildcats,2024,Seth Morgan,morgan s,12,true,304,19.0174,espn-pbp/ep-20260920-230959
160,New Hampshire Wildcats,2024,Barry Kleinpeter,kleinpeter b,1,false,24,9.3480,espn-pbp/ep-20260920-230959
167,New Mexico Lobos,2024,Devon Dampier,dampier d,11,true,390,31.9619,espn-pbp/ep-20260920-230959
166,New Mexico State Aggies,2024,Parker Awad,awad p,6,true,169,9.7907,espn-pbp/ep-20260920-230959
166,New Mexico State Aggies,2024,Santino Marucci,marucci s,4,false,89,-10.5104,espn-pbp/ep-20260920-230959
166,New Mexico State Aggies,2024,Brandon Nunez,nunez b,1,false,29,-9.8605,espn-pbp/ep-20260920-230959
2447,Nicholls Colonels,2024,Pat McQuaide,mcquaide p,12,true,310,46.2162,espn-pbp/ep-20260920-230959
2450,Norfolk State Spartans,2024,Jalen Daniels,daniels j,10,true,139,20.6801,espn-pbp/ep-20260920-230959
2453,North Alabama Lions,2024,TJ Smith,smith t,7,false,192,65.2824,espn-pbp/ep-20260920-230959
2453,North Alabama Lions,2024,Ari Patu,patu a,3,true,86,-17.3281,espn-pbp/ep-20260920-230959
2453,North Alabama Lions,2024,DC Tabscott,tabscott d,1,false,13,-5.2773,espn-pbp/ep-20260920-230959
2448,North Carolina A&T Aggies,2024,Justin Fomby,fomby j,6,false,237,19.7181,espn-pbp/ep-20260920-230959
2448,North Carolina A&T Aggies,2024,Kevin White,white k,4,true,74,9.4638,espn-pbp/ep-20260920-230959
2448,North Carolina A&T Aggies,2024,Braxton Thomas,thomas b,2,false,49,-19.4477,espn-pbp/ep-20260920-230959
2428,North Carolina Central Eagles,2024,Walker Harris,harris w,10,true,198,33.0891,espn-pbp/ep-20260920-230959
2428,North Carolina Central Eagles,2024,C.J. Henry,j. henry c,1,false,,,espn-pbp/ep-20260920-230959
153,North Carolina Tar Heels,2024,Jacolby Criswell,criswell j,9,false,336,40.2450,espn-pbp/ep-20260920-230959
153,North Carolina Tar Heels,2024,Max Johnson,johnson m,1,true,22,-3.8999,espn-pbp/ep-20260920-230959
153,North Carolina Tar Heels,2024,Conner Harrell,harrell c,1,false,13,-7.8755,espn-pbp/ep-20260920-230959
153,North Carolina Tar Heels,2024,Michael Merdinger,merdinger m,1,false,12,-5.1142,espn-pbp/ep-20260920-230959
3071,North Central College Cardinals,2024,Luke Lehnen,lehnen l,1,true,26,20.4638,espn-pbp/ep-20260920-230959
155,North Dakota Fighting Hawks,2024,Simon Romfo,romfo s,12,true,321,50.8291,espn-pbp/ep-20260920-230959
2449,North Dakota State Bison,2024,Cam Miller,miller c,16,true,342,153.8125,espn-pbp/ep-20260920-230959
2822,North Greenville Crusaders,2024,Dylan Ramirez,ramirez d,1,true,11,4.9786,espn-pbp/ep-20260920-230959
249,North Texas Mean Green,2024,Chandler Morris,morris c,12,true,521,83.0952,espn-pbp/ep-20260920-230959
249,North Texas Mean Green,2024,Drew Mestemaker,mestemaker d,1,false,49,17.6341,espn-pbp/ep-20260920-230959
2464,Northern Arizona Lumberjacks,2024,Ty Pennington,pennington t,9,true,207,8.0500,espn-pbp/ep-20260920-230959
2464,Northern Arizona Lumberjacks,2024,PJ London,london p,1,false,34,-11.2530,espn-pbp/ep-20260920-230959
2458,Northern Colorado Bears,2024,Kia'i Keone,keone k,5,false,121,-28.3483,espn-pbp/ep-20260920-230959
2458,Northern Colorado Bears,2024,Peter Costelli,costelli p,3,true,58,-3.2762,espn-pbp/ep-20260920-230959
2458,Northern Colorado Bears,2024,Kaiden Box,box k,2,false,34,-4.3672,espn-pbp/ep-20260920-230959
2458,Northern Colorado Bears,2024,Jonah Chong,chong j,2,false,22,-14.2553,espn-pbp/ep-20260920-230959
2459,Northern Illinois Huskies,2024,Ethan Hampton,hampton e,10,true,224,22.3015,espn-pbp/ep-20260920-230959
2459,Northern Illinois Huskies,2024,Josh Holst,holst j,3,false,112,0.6202,espn-pbp/ep-20260920-230959
2460,Northern Iowa Panthers,2024,Aidan Dunne,dunne a,7,true,104,9.9900,espn-pbp/ep-20260920-230959
2460,Northern Iowa Panthers,2024,Matthew Schecklman,schecklman m,5,false,108,24.6505,espn-pbp/ep-20260920-230959
425,Northern State Wolves,2024,Daniel Britt,britt d,1,true,11,2.0326,espn-pbp/ep-20260920-230959
2466,Northwestern State Demons,2024,JT Fayard,fayard j,8,true,138,-51.1810,espn-pbp/ep-20260920-230959
2466,Northwestern State Demons,2024,Quaterius Hawkins,hawkins q,2,false,58,5.6536,espn-pbp/ep-20260920-230959
2466,Northwestern State Demons,2024,Abram Johnston,johnston a,2,false,41,4.7361,espn-pbp/ep-20260920-230959
77,Northwestern Wildcats,2024,Jack Lausch,lausch j,10,false,277,-9.9397,espn-pbp/ep-20260920-230959
77,Northwestern Wildcats,2024,Mike Wright,wright m,2,true,66,-3.0754,espn-pbp/ep-20260920-230959
87,Notre Dame Fighting Irish,2024,Riley Leonard,leonard r,16,true,397,73.5097,espn-pbp/ep-20260920-230959
195,Ohio Bobcats,2024,Parker Navarro,navarro p,13,true,308,62.5809,espn-pbp/ep-20260920-230959
195,Ohio Bobcats,2024,Nick Poulos,poulos n,1,false,51,-0.3540,espn-pbp/ep-20260920-230959
194,Ohio State Buckeyes,2024,Will Howard,howard w,14,true,361,139.4550,espn-pbp/ep-20260920-230959
201,Oklahoma Sooners,2024,Jackson Arnold,arnold j,9,true,214,0.4797,espn-pbp/ep-20260920-230959
201,Oklahoma Sooners,2024,Michael Hawkins Jr.,hawkins m,3,false,121,5.9730,espn-pbp/ep-20260920-230959
197,Oklahoma State Cowboys,2024,Alan Bowman,bowman a,9,true,341,19.0885,espn-pbp/ep-20260920-230959
197,Oklahoma State Cowboys,2024,Maealiuaki Smith,smith m,2,false,80,1.7872,espn-pbp/ep-20260920-230959
197,Oklahoma State Cowboys,2024,Garret Rangel,rangel g,1,false,33,-3.2907,espn-pbp/ep-20260920-230959
295,Old Dominion Monarchs,2024,Colton Joseph,joseph c,6,false,201,58.0178,espn-pbp/ep-20260920-230959
295,Old Dominion Monarchs,2024,Grant Wilson,wilson g,3,true,87,-1.5479,espn-pbp/ep-20260920-230959
295,Old Dominion Monarchs,2024,Quinn Henicle,henicle q,2,false,28,-7.1378,espn-pbp/ep-20260920-230959
145,Ole Miss Rebels,2024,Jaxson Dart,dart j,12,true,412,173.7812,espn-pbp/ep-20260920-230959
145,Ole Miss Rebels,2024,Austin Simmons,simmons a,1,false,34,9.4130,espn-pbp/ep-20260920-230959
2483,Oregon Ducks,2024,Dillon Gabriel,gabriel d,14,true,466,147.8939,espn-pbp/ep-20260920-230959
204,Oregon State Beavers,2024,Gevani McCoy,mccoy g,7,true,180,8.6719,espn-pbp/ep-20260920-230959
204,Oregon State Beavers,2024,Ben Gulbranson,gulbranson b,3,false,137,26.3482,espn-pbp/ep-20260920-230959
204,Oregon State Beavers,2024,Gabarri Johnson,johnson g,1,false,29,-5.0078,espn-pbp/ep-20260920-230959
204,Oregon State Beavers,2024,Brayden Fowler-Nicolosi,fowler-nicolosi b,1,false,,,espn-pbp/ep-20260920-230959
213,Penn State Nittany Lions,2024,Drew Allar,allar d,16,true,374,117.4358,espn-pbp/ep-20260920-230959
219,Pennsylvania Quakers,2024,Aidan Sayin,sayin a,6,true,168,19.5271,espn-pbp/ep-20260920-230959
219,Pennsylvania Quakers,2024,Liam O'Brien,o'brien l,4,false,111,44.1850,espn-pbp/ep-20260920-230959
221,Pittsburgh Panthers,2024,Eli Holstein,holstein e,10,true,300,49.5692,espn-pbp/ep-20260920-230959
221,Pittsburgh Panthers,2024,Nate Yarnell,yarnell n,2,false,177,24.6748,espn-pbp/ep-20260920-230959
221,Pittsburgh Panthers,2024,David Lynch,lynch d,1,false,10,-1.3926,espn-pbp/ep-20260920-230959
2932,Point University Skyhawks,2024,Mitchell Gossett,gossett m,1,true,44,-9.4235,espn-pbp/ep-20260920-230959
2502,Portland State Vikings,2024,Dante Chachere,chachere d,11,true,225,58.6856,espn-pbp/ep-20260920-230959
2504,Prairie View A&M Panthers,2024,Jaden Johnson,johnson j,7,false,156,-1.0241,espn-pbp/ep-20260920-230959
2504,Prairie View A&M Panthers,2024,Cameron Peters,peters c,3,true,80,9.6449,espn-pbp/ep-20260920-230959
2506,Presbyterian Blue Hose,2024,Collin Hurst,hurst c,9,false,257,78.0863,espn-pbp/ep-20260920-230959
2506,Presbyterian Blue Hose,2024,Ty Englehart,englehart t,2,true,42,-6.2206,espn-pbp/ep-20260920-230959
163,Princeton Tigers,2024,Blaine Hipa,hipa b,8,true,215,10.9291,espn-pbp/ep-20260920-230959
163,Princeton Tigers,2024,Blaine McAllister,mcallister b,1,false,11,7.0062,espn-pbp/ep-20260920-230959
2509,Purdue Boilermakers,2024,Hudson Card,card h,10,true,243,10.5554,espn-pbp/ep-20260920-230959
2509,Purdue Boilermakers,2024,Ryan Browne,browne r,1,false,50,-16.1633,espn-pbp/ep-20260920-230959
227,Rhode Island Rams,2024,Devin Farrell,farrell d,9,true,153,23.4205,espn-pbp/ep-20260920-230959
227,Rhode Island Rams,2024,Hunter Helms,helms h,4,false,128,-0.8526,espn-pbp/ep-20260920-230959
242,Rice Owls,2024,E.J. Warner,j. warner e,11,true,392,-10.7653,espn-pbp/ep-20260920-230959
242,Rice Owls,2024,Drew Devillier,devillier d,1,false,40,-11.0442,espn-pbp/ep-20260920-230959
257,Richmond Spiders,2024,Camden Coleman,coleman c,8,false,206,58.6883,espn-pbp/ep-20260920-230959
257,Richmond Spiders,2024,Kyle Wickersham,wickersham k,3,true,61,-8.6828,espn-pbp/ep-20260920-230959
2523,Robert Morris Colonials,2024,Anthony Chiccitt,chiccitt a,10,true,212,33.9666,espn-pbp/ep-20260920-230959
2523,Robert Morris Colonials,2024,Zach Tanner,tanner z,1,false,34,3.6737,espn-pbp/ep-20260920-230959
127991,Roosevelt Lakers,2024,Carson Budke,budke c,1,true,32,6.7474,espn-pbp/ep-20260920-230959
164,Rutgers Scarlet Knights,2024,Athan Kaliakmanis,kaliakmanis a,12,true,348,78.6146,espn-pbp/ep-20260920-230959
2545,SE Louisiana Lions,2024,Eli Sawyer,sawyer e,11,true,287,44.2992,espn-pbp/ep-20260920-230959
2545,SE Louisiana Lions,2024,Mark Gronowski,gronowski m,1,false,,,espn-pbp/ep-20260920-230959
2567,SMU Mustangs,2024,Kevin Jennings,jennings k,11,false,405,111.0848,espn-pbp/ep-20260920-230959
2567,SMU Mustangs,2024,Preston Stone,stone p,3,true,55,3.6615,espn-pbp/ep-20260920-230959
16,Sacramento State Hornets,2024,Carson Conklin,conklin c,9,false,324,63.5495,espn-pbp/ep-20260920-230959
16,Sacramento State Hornets,2024,Kaiden Bennett,bennett k,2,true,46,-18.1644,espn-pbp/ep-20260920-230959
2529,Sacred Heart Pioneers,2024,John Michalski,michalski j,11,true,187,19.3706,espn-pbp/ep-20260920-230959
2598,Saint Francis Red Flash,2024,Nick Whitfield Jr.,whitfield n,5,true,95,-24.7532,espn-pbp/ep-20260920-230959
2598,Saint Francis Red Flash,2024,Adrian Mejia,mejia a,2,false,45,-21.9898,espn-pbp/ep-20260920-230959
2598,Saint Francis Red Flash,2024,Jeff Hoenstine,hoenstine j,1,false,38,2.5372,espn-pbp/ep-20260920-230959
2598,Saint Francis Red Flash,2024,Marqui Adams,adams m,1,false,,,espn-pbp/ep-20260920-230959
2598,Saint Francis Red Flash,2024,Brady Olson,olson b,1,false,,,espn-pbp/ep-20260920-230959
2534,Sam Houston Bearkats,2024,Hunter Watson,watson h,11,true,266,-4.3061,espn-pbp/ep-20260920-230959
2534,Sam Houston Bearkats,2024,Jase Bauer,bauer j,1,false,63,-15.1174,espn-pbp/ep-20260920-230959
2535,Samford Bulldogs,2024,Quincy Crittendon,crittendon q,10,true,317,18.7153,espn-pbp/ep-20260920-230959
21,San Diego State Aztecs,2024,Danny O'Neil,o'neil d,11,true,341,21.3568,espn-pbp/ep-20260920-230959
301,San Diego Toreros,2024,Grant Sergent,sergent g,11,true,316,95.1422,espn-pbp/ep-20260920-230959
23,San José State Spartans,2024,Walker Eget,eget w,7,false,338,35.4573,espn-pbp/ep-20260920-230959
23,San José State Spartans,2024,Emmett Brown,brown e,6,true,218,47.2334,espn-pbp/ep-20260920-230959
2542,Savannah State Tigers,2024,Jadon Adams,adams j,1,true,11,-8.4423,espn-pbp/ep-20260920-230959
2560,Shorter Hawks,2024,Joshua Brown,brown j,1,true,9,6.6427,espn-pbp/ep-20260920-230959
2894,Sioux Falls Cougars,2024,Camden Dean,dean c,1,true,23,7.4671,espn-pbp/ep-20260920-230959
6,South Alabama Jaguars,2024,Gio Lopez,lopez g,11,true,316,69.1416,espn-pbp/ep-20260920-230959
6,South Alabama Jaguars,2024,Bishop Davenport,davenport b,2,false,81,14.3211,espn-pbp/ep-20260920-230959
2579,South Carolina Gamecocks,2024,LaNorris Sellers,sellers l,11,true,306,65.1489,espn-pbp/ep-20260920-230959
2579,South Carolina Gamecocks,2024,Robby Ashford,ashford r,1,false,33,16.9117,espn-pbp/ep-20260920-230959
2569,South Carolina State Bulldogs,2024,Eric Phoenix,phoenix e,9,true,251,88.6502,espn-pbp/ep-20260920-230959
2569,South Carolina State Bulldogs,2024,Ryan Stubblefield,stubblefield r,1,false,30,16.9217,espn-pbp/ep-20260920-230959
233,South Dakota Coyotes,2024,Aidan Bouman,bouman a,14,true,320,105.5609,espn-pbp/ep-20260920-230959
2571,South Dakota State Jackrabbits,2024,Mark Gronowski,gronowski m,14,true,278,52.6897,espn-pbp/ep-20260920-230959
2571,South Dakota State Jackrabbits,2024,Damon Stewart,stewart d,1,false,,,espn-pbp/ep-20260920-230959
58,South Florida Bulls,2024,Bryce Archie,archie b,8,false,302,-9.1386,espn-pbp/ep-20260920-230959
58,South Florida Bulls,2024,Byrum Brown,brown b,5,true,139,9.6537,espn-pbp/ep-20260920-230959
2546,Southeast Missouri State Redhawks,2024,Paxton DeLaurent,delaurent p,13,true,512,88.2689,espn-pbp/ep-20260920-230959
79,Southern Illinois Salukis,2024,Jake Curry,curry j,5,false,156,-12.4250,espn-pbp/ep-20260920-230959
79,Southern Illinois Salukis,2024,Hunter Simmons,simmons h,3,false,131,8.9427,espn-pbp/ep-20260920-230959
79,Southern Illinois Salukis,2024,DJ Williams,williams d,3,true,80,14.1008,espn-pbp/ep-20260920-230959
79,Southern Illinois Salukis,2024,Michael Lindauer,lindauer m,1,false,26,-8.1252,espn-pbp/ep-20260920-230959
2582,Southern Jaguars,2024,Noah Bodden,bodden n,6,true,111,8.0038,espn-pbp/ep-20260920-230959
2582,Southern Jaguars,2024,Czavian Teasett,teasett c,3,false,90,22.0851,espn-pbp/ep-20260920-230959
2582,Southern Jaguars,2024,Jalen Woods,woods j,2,false,51,16.6507,espn-pbp/ep-20260920-230959
2572,Southern Miss Golden Eagles,2024,Tate Rodemaker,rodemaker t,7,true,170,-12.7915,espn-pbp/ep-20260920-230959
2572,Southern Miss Golden Eagles,2024,Ethan Crawford,crawford e,5,false,123,-23.3357,espn-pbp/ep-20260920-230959
253,Southern Utah Thunderbirds,2024,Jackson Berry,berry j,10,true,160,61.1743,espn-pbp/ep-20260920-230959
253,Southern Utah Thunderbirds,2024,Bronson Barron,barron b,2,false,60,13.6520,espn-pbp/ep-20260920-230959
2830,St. Anselm Hawks,2024,Anthony Santino,santino a,1,true,13,3.4203,espn-pbp/ep-20260920-230959
2900,St. Thomas-Minnesota Tommies,2024,Tak Tateoka,tateoka t,9,true,161,11.8229,espn-pbp/ep-20260920-230959
2900,St. Thomas-Minnesota Tommies,2024,Michael Rostberg,rostberg m,1,false,75,-10.1538,espn-pbp/ep-20260920-230959
2900,St. Thomas-Minnesota Tommies,2024,Nate Glantz,glantz n,1,false,,,espn-pbp/ep-20260920-230959
24,Stanford Cardinal,2024,Ashton Daniels,daniels a,10,true,284,14.4073,espn-pbp/ep-20260920-230959
24,Stanford Cardinal,2024,Justin Lamson,lamson j,1,false,50,1.1766,espn-pbp/ep-20260920-230959
24,Stanford Cardinal,2024,Elijah Brown,brown e,1,false,49,-0.5295,espn-pbp/ep-20260920-230959
2617,Stephen F. Austin Lumberjacks,2024,Sam Vidlak,vidlak s,8,true,217,63.4420,espn-pbp/ep-20260920-230959
2617,Stephen F. Austin Lumberjacks,2024,Gavin Rutherford,rutherford g,3,false,77,-2.9031,espn-pbp/ep-20260920-230959
56,Stetson Hatters,2024,Brady Meitz,meitz b,7,true,228,100.8702,espn-pbp/ep-20260920-230959
56,Stetson Hatters,2024,Matt O'Connor,o'connor m,2,false,51,-20.7853,espn-pbp/ep-20260920-230959
56,Stetson Hatters,2024,Trip Maxwell,maxwell t,1,false,53,-19.2022,espn-pbp/ep-20260920-230959
284,Stonehill Skyhawks,2024,Ashur Carraha,carraha a,4,true,87,2.8847,espn-pbp/ep-20260920-230959
284,Stonehill Skyhawks,2024,Jack O'Connell,o'connell j,4,false,74,27.1271,espn-pbp/ep-20260920-230959
284,Stonehill Skyhawks,2024,Drew Eason,eason d,2,false,44,-3.1766,espn-pbp/ep-20260920-230959
284,Stonehill Skyhawks,2024,Cole Clarke,clarke c,1,false,6,-5.3690,espn-pbp/ep-20260920-230959
2619,Stony Brook Seawolves,2024,Tyler Knoop,knoop t,7,true,235,62.0262,espn-pbp/ep-20260920-230959
2619,Stony Brook Seawolves,2024,Malachi Marshall,marshall m,3,false,87,-4.0396,espn-pbp/ep-20260920-230959
183,Syracuse Orange,2024,Kyle McCord,mccord k,13,true,600,206.8339,espn-pbp/ep-20260920-230959
2628,TCU Horned Frogs,2024,Josh Hoover,hoover j,13,true,506,149.6523,espn-pbp/ep-20260920-230959
2627,Tarleton State Texans,2024,Victor Gabalis,gabalis v,12,true,283,90.2945,espn-pbp/ep-20260920-230959
2627,Tarleton State Texans,2024,Daniel Greek,greek d,2,false,19,-7.2800,espn-pbp/ep-20260920-230959
218,Temple Owls,2024,Evan Simon,simon e,9,false,303,14.3261,espn-pbp/ep-20260920-230959
218,Temple Owls,2024,Forrest Brock,brock f,3,true,110,-32.1480,espn-pbp/ep-20260920-230959
2634,Tennessee State Tigers,2024,Draylen Ellis,ellis d,13,true,327,85.7750,espn-pbp/ep-20260920-230959
2635,Tennessee Tech Golden Eagles,2024,Dylan Laible,laible d,7,true,111,16.1917,espn-pbp/ep-20260920-230959
2635,Tennessee Tech Golden Eagles,2024,Jordyn Potts,potts j,5,false,153,-3.8560,espn-pbp/ep-20260920-230959
2633,Tennessee Volunteers,2024,Nico Iamaleava,iamaleava n,13,true,340,57.3523,espn-pbp/ep-20260920-230959
245,Texas A&M Aggies,2024,Marcel Reed,reed m,8,false,230,56.3415,espn-pbp/ep-20260920-230959
245,Texas A&M Aggies,2024,Conner Weigman,weigman c,5,true,103,1.0691,espn-pbp/ep-20260920-230959
251,Texas Longhorns,2024,Quinn Ewers,ewers q,14,true,433,78.7918,espn-pbp/ep-20260920-230959
251,Texas Longhorns,2024,Arch Manning,manning a,2,false,90,29.0496,espn-pbp/ep-20260920-230959
2640,Texas Southern Tigers,2024,Jace Wilson,wilson j,5,true,77,10.6289,espn-pbp/ep-20260920-230959
2640,Texas Southern Tigers,2024,Jordon Davis,davis j,2,false,34,9.6661,espn-pbp/ep-20260920-230959
326,Texas State Bobcats,2024,Jordan McCloud,mccloud j,10,true,293,112.5406,espn-pbp/ep-20260920-230959
2641,Texas Tech Red Raiders,2024,Behren Morton,morton b,12,true,424,47.1870,espn-pbp/ep-20260920-230959
2641,Texas Tech Red Raiders,2024,Will Hammond,hammond w,1,false,58,17.1648,espn-pbp/ep-20260920-230959
2643,The Citadel Bulldogs,2024,Johnathan Bennett,bennett j,11,true,147,55.0659,espn-pbp/ep-20260920-230959
2649,Toledo Rockets,2024,Tucker Gleason,gleason t,12,true,280,32.4010,espn-pbp/ep-20260920-230959
2649,Toledo Rockets,2024,John Alan Richter,richter j,1,false,70,14.1963,espn-pbp/ep-20260920-230959
119,Towson Tigers,2024,Sean Brown,brown s,8,false,231,27.1732,espn-pbp/ep-20260920-230959
119,Towson Tigers,2024,Carlos Davis,davis c,3,true,96,-9.5752,espn-pbp/ep-20260920-230959
2653,Troy Trojans,2024,Matthew Caldwell,caldwell m,6,false,230,37.2030,espn-pbp/ep-20260920-230959
2653,Troy Trojans,2024,Goose Crowder,crowder g,3,true,63,18.1295,espn-pbp/ep-20260920-230959
2653,Troy Trojans,2024,Tucker Kilcrease,kilcrease t,3,false,51,5.0096,espn-pbp/ep-20260920-230959
2655,Tulane Green Wave,2024,Darian Mensah,mensah d,13,true,293,110.7288,espn-pbp/ep-20260920-230959
2655,Tulane Green Wave,2024,Ty Thompson,thompson t,1,false,42,-2.5638,espn-pbp/ep-20260920-230959
202,Tulsa Golden Hurricane,2024,Kirk Francis,francis k,7,true,261,-18.8542,espn-pbp/ep-20260920-230959
202,Tulsa Golden Hurricane,2024,Cooper Legas,legas c,5,false,172,-4.2321,espn-pbp/ep-20260920-230959
2657,Tuskegee Golden Tigers,2024,Christopher Roberson,roberson c,1,true,30,-5.7681,espn-pbp/ep-20260920-230959
2657,Tuskegee Golden Tigers,2024,Raequan Beal,beal r,1,false,28,-0.6733,espn-pbp/ep-20260920-230959
5,UAB Blazers,2024,Jalen Kitna,kitna j,8,false,339,14.6584,espn-pbp/ep-20260920-230959
5,UAB Blazers,2024,Jacob Zeno,zeno j,4,true,121,11.1059,espn-pbp/ep-20260920-230959
399,UAlbany Great Danes,2024,Myles Burkett,burkett m,8,true,224,50.7379,espn-pbp/ep-20260920-230959
399,UAlbany Great Danes,2024,Van Weber,weber v,2,false,118,22.1008,espn-pbp/ep-20260920-230959
399,UAlbany Great Danes,2024,Trey Lindsey,lindsey t,1,false,19,10.2125,espn-pbp/ep-20260920-230959
302,UC Davis Aggies,2024,Miles Hastings,hastings m,13,true,436,169.3989,espn-pbp/ep-20260920-230959
2116,UCF Knights,2024,KJ Jefferson,jefferson k,5,true,108,6.0527,espn-pbp/ep-20260920-230959
2116,UCF Knights,2024,Dylan Rizk,rizk d,4,false,117,29.3697,espn-pbp/ep-20260920-230959
2116,UCF Knights,2024,Jacurri Brown,brown j,2,false,67,-23.1990,espn-pbp/ep-20260920-230959
2116,UCF Knights,2024,EJ Colson,colson e,1,false,18,-2.9430,espn-pbp/ep-20260920-230959
26,UCLA Bruins,2024,Ethan Garbers,garbers e,11,true,383,96.3967,espn-pbp/ep-20260920-230959
26,UCLA Bruins,2024,Justyn Martin,martin j,1,false,34,-0.9858,espn-pbp/ep-20260920-230959
41,UConn Huskies,2024,Nick Evers,evers n,8,true,169,-20.5174,espn-pbp/ep-20260920-230959
41,UConn Huskies,2024,Joe Fagnano,fagnano j,5,false,189,8.5406,espn-pbp/ep-20260920-230959
2433,UL Monroe Warhawks,2024,Aidan Armenta,armenta a,8,false,191,-22.7382,espn-pbp/ep-20260920-230959
2433,UL Monroe Warhawks,2024,General Booty,booty g,3,true,42,-13.5583,espn-pbp/ep-20260920-230959
2439,UNLV Rebels,2024,Hajj-Malik Williams,williams h,11,false,262,53.3121,espn-pbp/ep-20260920-230959
2439,UNLV Rebels,2024,Matthew Sluka,sluka m,3,true,50,1.4228,espn-pbp/ep-20260920-230959
30,USC Trojans,2024,Miller Moss,moss m,9,true,378,58.4658,espn-pbp/ep-20260920-230959
30,USC Trojans,2024,Jayden Maiava,maiava j,4,false,168,13.8794,espn-pbp/ep-20260920-230959
2630,UT Martin Skyhawks,2024,Kinkead Dent,dent k,13,true,203,25.1708,espn-pbp/ep-20260920-230959
2630,UT Martin Skyhawks,2024,Kaiya Sheron,sheron k,1,false,54,17.9534,espn-pbp/ep-20260920-230959
2638,UTEP Miners,2024,Skyler Locklear,locklear s,9,true,234,-25.3626,espn-pbp/ep-20260920-230959
2638,UTEP Miners,2024,Cade McConnell,mcconnell c,2,false,73,-10.2774,espn-pbp/ep-20260920-230959
2638,UTEP Miners,2024,JP Pickles,pickles j,1,false,51,-12.8403,espn-pbp/ep-20260920-230959
2636,UTSA Roadrunners,2024,Owen McCown,mccown o,12,true,465,61.9552,espn-pbp/ep-20260920-230959
2842,UVA Wise Cavaliers,2024,Jake Corkren,corkren j,1,true,25,-21.3281,espn-pbp/ep-20260920-230959
389,Upper Iowa Peacocks,2024,Darryl Overstreet Jr.,overstreet d,1,true,31,-12.4275,espn-pbp/ep-20260920-230959
328,Utah State Aggies,2024,Spencer Petras,petras s,8,true,258,20.1210,espn-pbp/ep-20260920-230959
328,Utah State Aggies,2024,Bryson Barnes,barnes b,3,false,129,-12.0547,espn-pbp/ep-20260920-230959
3101,Utah Tech Trailblazers,2024,Reggie Graff,graff r,4,false,105,-4.7202,espn-pbp/ep-20260920-230959
3101,Utah Tech Trailblazers,2024,Bronson Barben,barben b,3,false,107,5.2264,espn-pbp/ep-20260920-230959
3101,Utah Tech Trailblazers,2024,Deacon Hill,hill d,3,true,58,-13.2975,espn-pbp/ep-20260920-230959
254,Utah Utes,2024,Isaac Wilson,wilson i,7,false,217,-12.7831,espn-pbp/ep-20260920-230959
254,Utah Utes,2024,Cameron Rising,rising c,3,true,69,14.8068,espn-pbp/ep-20260920-230959
254,Utah Utes,2024,Brandon Rose,rose b,1,false,34,-5.0069,espn-pbp/ep-20260920-230959
254,Utah Utes,2024,Luke Bottari,bottari l,1,false,31,0.5467,espn-pbp/ep-20260920-230959
2678,VMI Keydets,2024,Chandler Wilson,wilson c,5,false,105,-40.8100,espn-pbp/ep-20260920-230959
2678,VMI Keydets,2024,Brady Hammonds,hammonds b,3,false,78,-1.9042,espn-pbp/ep-20260920-230959
2678,VMI Keydets,2024,Collin Shannon,shannon c,2,true,50,-24.9469,espn-pbp/ep-20260920-230959
2678,VMI Keydets,2024,JoJo Crump,crump j,1,false,43,-8.0318,espn-pbp/ep-20260920-230959
2678,VMI Keydets,2024,Pauly Seeley V,seeley p,1,false,27,-14.8611,espn-pbp/ep-20260920-230959
2673,Valdosta State Blazers,2024,Sammy Edwards,edwards s,1,true,37,-13.0812,espn-pbp/ep-20260920-230959
2674,Valparaiso Beacons,2024,Caron Tyler,tyler c,7,false,135,-12.1367,espn-pbp/ep-20260920-230959
2674,Valparaiso Beacons,2024,Michael Appel Jr.,appel m,2,false,35,-14.9494,espn-pbp/ep-20260920-230959
2674,Valparaiso Beacons,2024,Rowan Keefe,keefe r,2,true,19,-3.6466,espn-pbp/ep-20260920-230959
238,Vanderbilt Commodores,2024,Diego Pavia,pavia d,13,true,305,67.9018,espn-pbp/ep-20260920-230959
222,Villanova Wildcats,2024,Connor Watkins,watkins c,13,true,323,21.0707,espn-pbp/ep-20260920-230959
258,Virginia Cavaliers,2024,Anthony Colandrea,colandrea a,11,true,335,2.6047,espn-pbp/ep-20260920-230959
258,Virginia Cavaliers,2024,Tony Muskett,muskett t,1,false,77,-0.1671,espn-pbp/ep-20260920-230959
2355,Virginia Lynchburg Dragons,2024,Matthew Jenks,jenks m,4,true,82,-16.8584,espn-pbp/ep-20260920-230959
2355,Virginia Lynchburg Dragons,2024,Nico Cleaves,cleaves n,1,false,8,-5.4092,espn-pbp/ep-20260920-230959
330,Virginia State Trojans,2024,Romelo Williams,williams r,1,true,17,10.4060,espn-pbp/ep-20260920-230959
259,Virginia Tech Hokies,2024,Kyron Drones,drones k,9,true,230,3.2379,espn-pbp/ep-20260920-230959
259,Virginia Tech Hokies,2024,William Watson III,watson w,2,false,59,10.8739,espn-pbp/ep-20260920-230959
259,Virginia Tech Hokies,2024,Collin Schlee,schlee c,2,false,55,-5.5221,espn-pbp/ep-20260920-230959
2676,Virginia Union Panthers,2024,RJ Rosales,rosales r,1,true,6,3.7707,espn-pbp/ep-20260920-230959
2681,Wagner Seahawks,2024,Jake Cady,cady j,7,false,180,0.0901,espn-pbp/ep-20260920-230959
2681,Wagner Seahawks,2024,Damien Mazil,mazil d,2,true,25,18.7070,espn-pbp/ep-20260920-230959
2681,Wagner Seahawks,2024,Jack Stevens,stevens j,1,false,9,5.2906,espn-pbp/ep-20260920-230959
154,Wake Forest Demon Deacons,2024,Hank Bachmeier,bachmeier h,11,false,339,42.7914,espn-pbp/ep-20260920-230959
154,Wake Forest Demon Deacons,2024,Michael Kern,kern m,1,true,46,-10.4513,espn-pbp/ep-20260920-230959
154,Wake Forest Demon Deacons,2024,Fernando Mendoza,mendoza f,0,false,56,1.3663,espn-pbp/ep-20260920-230959
2683,Warner Royals,2024,Shane Hamm,hamm s,1,true,18,-3.5486,espn-pbp/ep-20260920-230959
264,Washington Huskies,2024,Will Rogers,rogers w,11,true,312,75.7910,espn-pbp/ep-20260920-230959
264,Washington Huskies,2024,Demond Williams Jr.,williams d,2,false,107,57.1920,espn-pbp/ep-20260920-230959
265,Washington State Cougars,2024,John Mateer,mateer j,11,true,317,131.8417,espn-pbp/ep-20260920-230959
265,Washington State Cougars,2024,Zevi Eckhaus,eckhaus z,1,false,53,18.0199,espn-pbp/ep-20260920-230959
2692,Weber State Wildcats,2024,Richie Munoz,munoz r,11,true,239,15.8292,espn-pbp/ep-20260920-230959
2692,Weber State Wildcats,2024,Richie Muoz,muoz r,1,false,,,espn-pbp/ep-20260920-230959
2698,West Georgia Wolves,2024,Davin Wydner,wydner d,5,true,112,18.2326,espn-pbp/ep-20260920-230959
2698,West Georgia Wolves,2024,Quincy Casey,casey q,2,false,118,37.8629,espn-pbp/ep-20260920-230959
277,West Virginia Mountaineers,2024,Garrett Greene,greene g,11,true,330,81.1333,espn-pbp/ep-20260920-230959
277,West Virginia Mountaineers,2024,Nicco Marchiol,marchiol n,2,false,59,11.9453,espn-pbp/ep-20260920-230959
455,West Virginia Wesleyan Bobcats,2024,Quinton Pulley,pulley q,1,true,14,-3.5033,espn-pbp/ep-20260920-230959
2717,Western Carolina Catamounts,2024,Cole Gonzales,gonzales c,8,true,330,82.7576,espn-pbp/ep-20260920-230959
2717,Western Carolina Catamounts,2024,Taron Dickens,dickens t,4,false,159,70.5478,espn-pbp/ep-20260920-230959
2710,Western Illinois Leathernecks,2024,Nathan Lamb,lamb n,12,true,292,102.6069,espn-pbp/ep-20260920-230959
98,Western Kentucky Hilltoppers,2024,Caden Veltkamp,veltkamp c,11,false,405,76.8874,espn-pbp/ep-20260920-230959
98,Western Kentucky Hilltoppers,2024,TJ Finley,finley t,3,true,79,7.1417,espn-pbp/ep-20260920-230959
2711,Western Michigan Broncos,2024,Hayden Wolff,wolff h,12,true,253,71.8235,espn-pbp/ep-20260920-230959
2848,Western Oregon Wolves,2024,Kainoa Jones,jones k,1,false,40,5.3707,espn-pbp/ep-20260920-230959
2848,Western Oregon Wolves,2024,Jordan McCarty,mccarty j,1,true,15,-9.2022,espn-pbp/ep-20260920-230959
2729,William & Mary Tribe,2024,Darius Wilson,wilson d,10,true,201,51.5491,espn-pbp/ep-20260920-230959
2736,Winston-Salem Rams,2024,Daylin Lee,lee d,1,true,27,0.8977,espn-pbp/ep-20260920-230959
275,Wisconsin Badgers,2024,Braedyn Locke,locke b,9,false,307,-23.7595,espn-pbp/ep-20260920-230959
275,Wisconsin Badgers,2024,Tyler Van Dyke,van dyke t,3,true,70,6.5346,espn-pbp/ep-20260920-230959
2747,Wofford Terriers,2024,Amari Odom,odom a,8,true,184,37.0984,espn-pbp/ep-20260920-230959
2747,Wofford Terriers,2024,Pauly Seeley V,seeley p,2,false,27,14.8960,espn-pbp/ep-20260920-230959
2747,Wofford Terriers,2024,Bryce Corriston,corriston b,1,false,24,-4.8648,espn-pbp/ep-20260920-230959
2747,Wofford Terriers,2024,Brady Hammonds,hammonds b,1,false,20,-6.8311,espn-pbp/ep-20260920-230959
2751,Wyoming Cowboys,2024,Evan Svoboda,svoboda e,9,true,238,-20.9630,espn-pbp/ep-20260920-230959
2751,Wyoming Cowboys,2024,Kaden Anderson,anderson k,3,false,124,20.5155,espn-pbp/ep-20260920-230959
43,Yale Bulldogs,2024,Grant Jordan,jordan g,7,false,128,59.1527,espn-pbp/ep-20260920-230959
43,Yale Bulldogs,2024,Brogan McCaughey,mccaughey b,2,true,42,20.2468,espn-pbp/ep-20260920-230959
2754,Youngstown State Penguins,2024,Beau Brungard,brungard b,12,true,281,34.5242,espn-pbp/ep-20260920-230959
2000,Abilene Christian Wildcats,2025,Stone Earle,earle s,13,true,363,65.1027,espn-pbp/ep-20260920-230959
2000,Abilene Christian Wildcats,2025,B.Barben,barben b,1,false,,,espn-pbp/ep-20260920-230959
2003,Adrian Bulldogs,2025,Noah Beaudrie,beaudrie n,1,true,23,3.4317,espn-pbp/ep-20260920-230959
2005,Air Force Falcons,2025,L.Szarka,szarka l,7,false,125,58.1558,espn-pbp/ep-20260920-230959
2005,Air Force Falcons,2025,Josh Johnson,johnson j,4,true,28,16.9703,espn-pbp/ep-20260920-230959
2005,Air Force Falcons,2025,K.Hodges,hodges k,1,false,14,-4.9207,espn-pbp/ep-20260920-230959
2006,Akron Zips,2025,Ben Finley,finley b,11,true,333,27.4982,espn-pbp/ep-20260920-230959
2006,Akron Zips,2025,Michael Johnson Jr.,johnson m,1,false,23,-12.7044,espn-pbp/ep-20260920-230959
2010,Alabama A&M Bulldogs,2025,E.Handley,handley e,7,false,234,-9.2204,espn-pbp/ep-20260920-230959
2010,Alabama A&M Bulldogs,2025,Cornelious Brown IV,brown c,4,true,130,32.0058,espn-pbp/ep-20260920-230959
2010,Alabama A&M Bulldogs,2025,J.Davis II,davis j,1,false,32,-10.8378,espn-pbp/ep-20260920-230959
333,Alabama Crimson Tide,2025,T.Simpson,simpson t,15,true,491,122.9668,espn-pbp/ep-20260920-230959
2011,Alabama State Hornets,2025,Andrew Body,body a,8,true,170,100.4905,espn-pbp/ep-20260920-230959
2011,Alabama State Hornets,2025,T.Smoot,smoot t,3,false,79,33.1263,espn-pbp/ep-20260920-230959
2016,Alcorn State Braves,2025,Jaylon Tolbert,tolbert j,12,true,279,9.0514,espn-pbp/ep-20260920-230959
2019,Allen Yellow Jackets,2025,Jamir Dismukes,dismukes j,1,true,40,15.4048,espn-pbp/ep-20260920-230959
2022,American International Yellow Jackets,2025,Cephas Williams,williams c,1,true,9,5.8454,espn-pbp/ep-20260920-230959
2026,App State Mountaineers,2025,AJ Swann,swann a,6,true,229,2.9586,espn-pbp/ep-20260920-230959
2026,App State Mountaineers,2025,J.Kohl,kohl j,6,false,225,38.5635,espn-pbp/ep-20260920-230959
2026,App State Mountaineers,2025,N.Gillon,gillon n,1,false,41,-18.9201,espn-pbp/ep-20260920-230959
9,Arizona State Sun Devils,2025,Sam Leavitt,leavitt s,7,true,253,16.5306,espn-pbp/ep-20260920-230959
9,Arizona State Sun Devils,2025,J.Sims,sims j,6,false,196,-3.2118,espn-pbp/ep-20260920-230959
12,Arizona Wildcats,2025,N.Fifita,fifita n,13,true,427,79.3269,espn-pbp/ep-20260920-230959
124386,Arkansas Baptist Buffaloes,2025,Tyler Strickland,strickland t,1,true,19,-12.6773,espn-pbp/ep-20260920-230959
8,Arkansas Razorbacks,2025,Taylen Green,green t,11,true,311,72.3790,espn-pbp/ep-20260920-230959
8,Arkansas Razorbacks,2025,K.Jackson,jackson k,1,false,53,18.1918,espn-pbp/ep-20260920-230959
2032,Arkansas State Red Wolves,2025,Jaylen Raynor,raynor j,13,true,499,75.9421,espn-pbp/ep-20260920-230959
2029,Arkansas-Pine Bluff Golden Lions,2025,Christian Peters,peters c,9,true,230,-15.0765,espn-pbp/ep-20260920-230959
2029,Arkansas-Pine Bluff Golden Lions,2025,G.Davis,davis g,1,false,23,-2.9705,espn-pbp/ep-20260920-230959
2029,Arkansas-Pine Bluff Golden Lions,2025,D.Stevenson,stevenson d,1,false,21,-1.8829,espn-pbp/ep-20260920-230959
349,Army Black Knights,2025,C.Hellums,hellums c,10,false,92,21.2900,espn-pbp/ep-20260920-230959
349,Army Black Knights,2025,Dewayne Coleman,coleman d,3,true,42,8.9676,espn-pbp/ep-20260920-230959
2,Auburn Tigers,2025,Jackson Arnold,arnold j,8,true,216,19.5880,espn-pbp/ep-20260920-230959
2,Auburn Tigers,2025,A.Daniels,daniels a,3,false,122,-2.1149,espn-pbp/ep-20260920-230959
2,Auburn Tigers,2025,D.Knight,knight d,1,false,26,15.7675,espn-pbp/ep-20260920-230959
2046,Austin Peay Governors,2025,Chris Parson,parson c,11,true,327,65.6875,espn-pbp/ep-20260920-230959
252,BYU Cougars,2025,B.Bachmeier,bachmeier b,14,true,410,84.2538,espn-pbp/ep-20260920-230959
2050,Ball State Cardinals,2025,K.Kelly,kelly k,12,true,278,-2.2943,espn-pbp/ep-20260920-230959
239,Baylor Bears,2025,Sawyer Robertson,robertson s,12,true,526,36.1431,espn-pbp/ep-20260920-230959
2060,Bentley Falcons,2025,Luke Warnock,warnock l,1,true,31,-8.9442,espn-pbp/ep-20260920-230959
2065,Bethune-Cookman Wildcats,2025,C.Ransom,ransom c,8,true,170,-2.2088,espn-pbp/ep-20260920-230959
2065,Bethune-Cookman Wildcats,2025,Timmy McClain,mcclain t,2,false,111,21.7886,espn-pbp/ep-20260920-230959
495,Bluefield University Ramblin' Rams,2025,Ethan Cash,cash e,1,true,27,-12.8841,espn-pbp/ep-20260920-230959
68,Boise State Broncos,2025,Maddux Madsen,madsen m,10,true,275,51.1231,espn-pbp/ep-20260920-230959
68,Boise State Broncos,2025,M.Cutforth,cutforth m,4,false,176,-7.8638,espn-pbp/ep-20260920-230959
103,Boston College Eagles,2025,Dylan Lonergan,lonergan d,9,true,284,32.1724,espn-pbp/ep-20260920-230959
103,Boston College Eagles,2025,G.James,james g,3,false,155,11.8425,espn-pbp/ep-20260920-230959
2075,Bowie State Bulldogs,2025,Malakai Anthony,anthony m,1,true,,,espn-pbp/ep-20260920-230959
189,Bowling Green Falcons,2025,Drew Pyne,pyne d,6,true,155,-7.7958,espn-pbp/ep-20260920-230959
189,Bowling Green Falcons,2025,H.Najm,najm h,3,false,70,3.0361,espn-pbp/ep-20260920-230959
189,Bowling Green Falcons,2025,Lucian Anderson III,anderson l,2,false,47,-8.0710,espn-pbp/ep-20260920-230959
189,Bowling Green Falcons,2025,B.May,may b,1,false,24,5.0812,espn-pbp/ep-20260920-230959
225,Brown Bears,2025,J.Murphy,murphy j,10,true,374,50.0375,espn-pbp/ep-20260920-230959
2803,Bryant Bulldogs,2025,Brennan Myer,myer b,5,true,158,21.5431,espn-pbp/ep-20260920-230959
2803,Bryant Bulldogs,2025,J.Keefner,keefner j,4,false,133,-0.5340,espn-pbp/ep-20260920-230959
2803,Bryant Bulldogs,2025,R.Docekal,docekal r,3,false,85,-7.8209,espn-pbp/ep-20260920-230959
2083,Bucknell Bison,2025,Ralph Rucker IV,rucker r,7,true,174,55.0134,espn-pbp/ep-20260920-230959
2083,Bucknell Bison,2025,C.Dietrich,dietrich c,4,false,119,6.4032,espn-pbp/ep-20260920-230959
2083,Bucknell Bison,2025,N.Penuvchev,penuvchev n,1,false,34,-6.5229,espn-pbp/ep-20260920-230959
2084,Buffalo Bulls,2025,Ta'Quan Roberson,roberson t,11,true,367,7.8439,espn-pbp/ep-20260920-230959
2084,Buffalo Bulls,2025,Gunnar Gray,gray g,1,false,23,-12.3892,espn-pbp/ep-20260920-230959
2086,Butler Bulldogs,2025,Reagan Andrew,andrew r,9,true,210,30.8365,espn-pbp/ep-20260920-230959
2086,Butler Bulldogs,2025,Jarrin Alley,alley j,2,false,33,8.2836,espn-pbp/ep-20260920-230959
2086,Butler Bulldogs,2025,G.Passini,passini g,1,false,23,-9.1823,espn-pbp/ep-20260920-230959
13,Cal Poly Mustangs,2025,T.Dieffenbach,dieffenbach t,8,true,166,31.1324,espn-pbp/ep-20260920-230959
13,Cal Poly Mustangs,2025,Bo Kelly,kelly b,2,false,123,6.6484,espn-pbp/ep-20260920-230959
13,Cal Poly Mustangs,2025,A.Grigsby Jr.,grigsby a,1,false,84,26.6631,espn-pbp/ep-20260920-230959
13,Cal Poly Mustangs,2025,Jackson Akins,akins j,1,false,45,-12.4326,espn-pbp/ep-20260920-230959
25,California Golden Bears,2025,Jaron-Keawe Sagapolutele,sagapolutele j,13,true,506,56.6773,espn-pbp/ep-20260920-230959
2097,Campbell Fighting Camels,2025,Kamden Sixkiller,sixkiller k,11,true,324,36.6301,espn-pbp/ep-20260920-230959
2097,Campbell Fighting Camels,2025,Mike Chandler II,chandler m,1,false,45,6.4305,espn-pbp/ep-20260920-230959
2110,Central Arkansas Bears,2025,A.Myers,myers a,6,false,193,30.5875,espn-pbp/ep-20260920-230959
2110,Central Arkansas Bears,2025,Luther Richesson,richesson l,5,true,57,-8.0772,espn-pbp/ep-20260920-230959
2110,Central Arkansas Bears,2025,C.Koger,koger c,1,false,40,6.3237,espn-pbp/ep-20260920-230959
2115,Central Connecticut Blue Devils,2025,Brady Olson,olson b,13,true,379,62.4522,espn-pbp/ep-20260920-230959
2117,Central Michigan Chippewas,2025,Joe Labas,labas j,13,true,222,53.0211,espn-pbp/ep-20260920-230959
2119,Central State (OH) Marauders,2025,Tison Hill,hill t,1,true,18,-8.0619,espn-pbp/ep-20260920-230959
2120,Central Washington Wildcats,2025,Kennedy McGill,mcgill k,1,true,,,espn-pbp/ep-20260920-230959
2123,Chadron State Eagles,2025,DJ Ralph,ralph d,1,true,34,-1.7996,espn-pbp/ep-20260920-230959
2127,Charleston Southern Buccaneers,2025,Zolten Osborne,osborne z,12,true,268,-5.8979,espn-pbp/ep-20260920-230959
2429,Charlotte 49ers,2025,G.Loftis,loftis g,7,false,217,-22.1524,espn-pbp/ep-20260920-230959
2429,Charlotte 49ers,2025,Conner Harrell,harrell c,4,true,102,20.8049,espn-pbp/ep-20260920-230959
2429,Charlotte 49ers,2025,Zach Wilcke,wilcke z,1,false,46,-10.7994,espn-pbp/ep-20260920-230959
236,Chattanooga Mocs,2025,Camden Orth,orth c,9,true,188,49.3354,espn-pbp/ep-20260920-230959
236,Chattanooga Mocs,2025,B.Alberson,alberson b,3,false,81,16.4864,espn-pbp/ep-20260920-230959
2132,Cincinnati Bearcats,2025,Brendan Sorsby,sorsby b,12,true,351,69.5591,espn-pbp/ep-20260920-230959
2132,Cincinnati Bearcats,2025,B.Lichtenberg,lichtenberg b,1,false,20,-2.9606,espn-pbp/ep-20260920-230959
228,Clemson Tigers,2025,C.Klubnik,klubnik c,12,true,407,52.5833,espn-pbp/ep-20260920-230959
228,Clemson Tigers,2025,Christopher Vizzina,vizzina c,1,false,74,6.2329,espn-pbp/ep-20260920-230959
324,Coastal Carolina Chanticleers,2025,Tad Hudson,hudson t,7,false,265,-35.7826,espn-pbp/ep-20260920-230959
324,Coastal Carolina Chanticleers,2025,S.Collier,collier s,4,false,77,-5.5075,espn-pbp/ep-20260920-230959
324,Coastal Carolina Chanticleers,2025,MJ Morris,morris m,2,true,62,-15.7320,espn-pbp/ep-20260920-230959
2142,Colgate Raiders,2025,J.Stearney,stearney j,7,false,276,21.3256,espn-pbp/ep-20260920-230959
2142,Colgate Raiders,2025,Zach Osborne,osborne z,5,true,76,-2.1297,espn-pbp/ep-20260920-230959
38,Colorado Buffaloes,2025,Kaidon Salter,salter k,9,true,215,34.1370,espn-pbp/ep-20260920-230959
38,Colorado Buffaloes,2025,J.Lewis,lewis j,2,false,97,-17.9399,espn-pbp/ep-20260920-230959
38,Colorado Buffaloes,2025,Ryan Staub,staub r,1,false,60,-10.8938,espn-pbp/ep-20260920-230959
36,Colorado State Rams,2025,J.Brousseau,brousseau j,8,false,212,14.7398,espn-pbp/ep-20260920-230959
36,Colorado State Rams,2025,Brayden Fowler-Nicolosi,fowler-nicolosi b,3,true,85,-5.6735,espn-pbp/ep-20260920-230959
36,Colorado State Rams,2025,D.Curry,curry d,1,false,114,-0.9818,espn-pbp/ep-20260920-230959
171,Columbia Lions,2025,C.Goodwin,goodwin c,7,true,218,-17.2330,espn-pbp/ep-20260920-230959
171,Columbia Lions,2025,C.Sanchez,sanchez c,2,false,77,-12.1538,espn-pbp/ep-20260920-230959
171,Columbia Lions,2025,Xander Menapace,menapace x,1,false,33,-4.9921,espn-pbp/ep-20260920-230959
172,Cornell Big Red,2025,G.Bass-Sulpizio,bass-sulpizio g,8,false,294,3.8514,espn-pbp/ep-20260920-230959
172,Cornell Big Red,2025,Devin Page,page d,2,true,65,6.4557,espn-pbp/ep-20260920-230959
2161,Cumberland (TN) Bulldogs,2025,Zach Holtzclaw,holtzclaw z,1,true,13,-9.6355,espn-pbp/ep-20260920-230959
159,Dartmouth Big Green,2025,G.Saunier,saunier g,10,true,260,53.5980,espn-pbp/ep-20260920-230959
2166,Davidson Wildcats,2025,Coulter Cleland,cleland c,12,true,274,2.3309,espn-pbp/ep-20260920-230959
2168,Dayton Flyers,2025,Bryce Schondelmyer,schondelmyer b,7,true,158,62.1675,espn-pbp/ep-20260920-230959
2168,Dayton Flyers,2025,D.VanVleet,vanvleet d,3,false,77,12.8660,espn-pbp/ep-20260920-230959
2168,Dayton Flyers,2025,L.Poronsky,poronsky l,1,false,50,10.5440,espn-pbp/ep-20260920-230959
48,Delaware Blue Hens,2025,N.Minicucci,minicucci n,12,false,531,84.7703,espn-pbp/ep-20260920-230959
48,Delaware Blue Hens,2025,Zach Marker,marker z,1,true,8,-4.1360,espn-pbp/ep-20260920-230959
2169,Delaware State Hornets,2025,Kaiden Bennett,bennett k,9,true,161,7.2953,espn-pbp/ep-20260920-230959
2169,Delaware State Hornets,2025,J.Sauray,sauray j,3,false,58,2.5068,espn-pbp/ep-20260920-230959
2181,Drake Bulldogs,2025,L.Inagawa,inagawa l,8,false,198,57.4780,espn-pbp/ep-20260920-230959
2181,Drake Bulldogs,2025,Chase Spellman,spellman c,3,true,60,10.4826,espn-pbp/ep-20260920-230959
2181,Drake Bulldogs,2025,Xavier Washington,washington x,1,false,9,2.9462,espn-pbp/ep-20260920-230959
150,Duke Blue Devils,2025,D.Mensah,mensah d,14,true,493,135.3285,espn-pbp/ep-20260920-230959
2184,Duquesne Dukes,2025,Tyler Riddell,riddell t,12,true,278,3.2549,espn-pbp/ep-20260920-230959
151,East Carolina Pirates,2025,Katin Houser,houser k,12,true,427,97.9429,espn-pbp/ep-20260920-230959
151,East Carolina Pirates,2025,C.Ditta,ditta c,1,false,25,1.8853,espn-pbp/ep-20260920-230959
2193,East Tennessee State Buccaneers,2025,Cade McNamara,mcnamara c,8,true,188,27.8310,espn-pbp/ep-20260920-230959
2193,East Tennessee State Buccaneers,2025,J.Criswell,criswell j,4,false,129,39.8133,espn-pbp/ep-20260920-230959
2837,East Texas A&M Lions,2025,Ron Peace,peace r,6,false,176,4.5927,espn-pbp/ep-20260920-230959
2837,East Texas A&M Lions,2025,E.Rodriguez,rodriguez e,5,false,211,18.6175,espn-pbp/ep-20260920-230959
2837,East Texas A&M Lions,2025,Will Madonna,madonna w,1,true,21,-9.2591,espn-pbp/ep-20260920-230959
2197,Eastern Illinois Panthers,2025,C.LaCrue,lacrue c,6,true,138,0.0213,espn-pbp/ep-20260920-230959
2197,Eastern Illinois Panthers,2025,Connor Wolf,wolf c,6,false,134,-17.4821,espn-pbp/ep-20260920-230959
2198,Eastern Kentucky Colonels,2025,M.Burkett,burkett m,10,true,256,-7.7383,espn-pbp/ep-20260920-230959
2199,Eastern Michigan Eagles,2025,Noah Kim,kim n,12,true,418,63.1634,espn-pbp/ep-20260920-230959
331,Eastern Washington Eagles,2025,Nate Bell,bell n,6,false,185,-39.5963,espn-pbp/ep-20260920-230959
331,Eastern Washington Eagles,2025,Jared Taylor,taylor j,3,true,83,-15.1629,espn-pbp/ep-20260920-230959
331,Eastern Washington Eagles,2025,J.Schakel,schakel j,2,false,162,17.8780,espn-pbp/ep-20260920-230959
331,Eastern Washington Eagles,2025,K.Rolfsness,rolfsness k,1,false,44,-3.7270,espn-pbp/ep-20260920-230959
2206,Edward Waters Tigers,2025,Noah Bodden,bodden n,1,true,38,-8.4154,espn-pbp/ep-20260920-230959
2207,Elizabeth City State Vikings,2025,"Perkins,Christopher",perkins c,1,true,36,-0.8177,espn-pbp/ep-20260920-230959
2210,Elon Phoenix,2025,Landen Clark,clark l,12,true,286,41.1085,espn-pbp/ep-20260920-230959
101784,Erskine Flying Fleet,2025,Ryan Killmer,killmer r,1,true,18,-2.5403,espn-pbp/ep-20260920-230959
2220,Fayetteville State Broncos,2025,Wilson Kargbo Jr.,kargbo w,1,true,11,-3.4463,espn-pbp/ep-20260920-230959
366,Ferrum Panthers,2025,Eli Foutz,foutz e,1,true,19,-5.1659,espn-pbp/ep-20260920-230959
50,Florida A&M Rattlers,2025,R.Johnson III,johnson r,9,true,246,7.1440,espn-pbp/ep-20260920-230959
50,Florida A&M Rattlers,2025,Jett Peddy,peddy j,1,false,33,-12.4785,espn-pbp/ep-20260920-230959
2226,Florida Atlantic Owls,2025,Caden Veltkamp,veltkamp c,12,true,532,47.1795,espn-pbp/ep-20260920-230959
2226,Florida Atlantic Owls,2025,Z.Gibson,gibson z,0,false,55,10.9179,espn-pbp/ep-20260920-230959
57,Florida Gators,2025,DJ Lagway,lagway d,12,true,350,-10.2924,espn-pbp/ep-20260920-230959
2229,Florida International Panthers,2025,Keyone Jenkins,jenkins k,9,true,273,14.0537,espn-pbp/ep-20260920-230959
2229,Florida International Panthers,2025,J.Pesansky,pesansky j,4,false,135,3.3451,espn-pbp/ep-20260920-230959
52,Florida State Seminoles,2025,Tommy Castellanos,castellanos t,12,true,314,81.7597,espn-pbp/ep-20260920-230959
2230,Fordham Rams,2025,Gunnar Smith,smith g,12,true,389,-35.5187,espn-pbp/ep-20260920-230959
278,Fresno State Bulldogs,2025,E.J. Warner,j. warner e,7,true,196,43.8567,espn-pbp/ep-20260920-230959
278,Fresno State Bulldogs,2025,C.Conklin,conklin c,3,false,99,-18.0036,espn-pbp/ep-20260920-230959
278,Fresno State Bulldogs,2025,E.Warner,warner e,3,false,87,-12.2077,espn-pbp/ep-20260920-230959
231,Furman Paladins,2025,Trey Hedden,hedden t,12,true,338,38.1420,espn-pbp/ep-20260920-230959
2241,Gardner-Webb Runnin' Bulldogs,2025,C.Pennington,pennington c,6,false,194,34.1980,espn-pbp/ep-20260920-230959
2241,Gardner-Webb Runnin' Bulldogs,2025,Nate Hampton,hampton n,5,true,75,19.1767,espn-pbp/ep-20260920-230959
46,Georgetown Hoyas,2025,D.Thomas II,thomas d,9,false,193,-19.3674,espn-pbp/ep-20260920-230959
46,Georgetown Hoyas,2025,Danny Lauter,lauter d,3,true,69,21.8840,espn-pbp/ep-20260920-230959
61,Georgia Bulldogs,2025,Gunner Stockton,stockton g,14,true,405,109.5958,espn-pbp/ep-20260920-230959
290,Georgia Southern Eagles,2025,JC French IV,french j,13,true,411,93.1087,espn-pbp/ep-20260920-230959
2247,Georgia State Panthers,2025,TJ Finley,finley t,6,false,208,4.4343,espn-pbp/ep-20260920-230959
2247,Georgia State Panthers,2025,C.Brown,brown c,4,false,194,25.7508,espn-pbp/ep-20260920-230959
2247,Georgia State Panthers,2025,C.Veilleux,veilleux c,2,true,89,-20.2492,espn-pbp/ep-20260920-230959
59,Georgia Tech Yellow Jackets,2025,H.King,king h,12,true,371,83.2836,espn-pbp/ep-20260920-230959
2755,Grambling Tigers,2025,C'zavian Teasett,teasett c,7,true,164,-26.1142,espn-pbp/ep-20260920-230959
2755,Grambling Tigers,2025,H.Benoit,benoit h,3,false,63,-3.0434,espn-pbp/ep-20260920-230959
2755,Grambling Tigers,2025,Ashton Frye,frye a,1,false,27,4.3407,espn-pbp/ep-20260920-230959
2755,Grambling Tigers,2025,A.Darensbourg,darensbourg a,1,false,3,-3.8434,espn-pbp/ep-20260920-230959
2256,Greensboro College Pride,2025,Chase Altis,altis c,1,true,37,-9.6717,espn-pbp/ep-20260920-230959
2261,Hampton Pirates,2025,Braden Davis,davis b,6,false,187,15.8743,espn-pbp/ep-20260920-230959
2261,Hampton Pirates,2025,Isaiah Freeman,freeman i,4,true,30,-15.6148,espn-pbp/ep-20260920-230959
2261,Hampton Pirates,2025,E.Woods III,woods e,2,false,53,-15.7558,espn-pbp/ep-20260920-230959
2262,Hanover Panthers,2025,Eian Roudebush,roudebush e,1,true,26,-5.4897,espn-pbp/ep-20260920-230959
108,Harvard Crimson,2025,J.Craig,craig j,10,false,342,95.1751,espn-pbp/ep-20260920-230959
108,Harvard Crimson,2025,Gavin Rupp,rupp g,1,true,,,espn-pbp/ep-20260920-230959
62,Hawai'i Rainbow Warriors,2025,Micah Alejado,alejado m,11,true,427,98.4926,espn-pbp/ep-20260920-230959
62,Hawai'i Rainbow Warriors,2025,Luke Weaver,weaver l,2,false,114,14.8726,espn-pbp/ep-20260920-230959
107,Holy Cross Crusaders,2025,Cal Swanson,swanson c,6,true,118,-3.6835,espn-pbp/ep-20260920-230959
107,Holy Cross Crusaders,2025,D.Campanile,campanile d,3,false,91,-22.2791,espn-pbp/ep-20260920-230959
107,Holy Cross Crusaders,2025,B.Graham,graham b,3,false,74,3.6970,espn-pbp/ep-20260920-230959
2277,Houston Christian Huskies,2025,Jake Weir,weir j,7,true,156,-32.0307,espn-pbp/ep-20260920-230959
2277,Houston Christian Huskies,2025,M.Kopp,kopp m,3,false,104,-2.2540,espn-pbp/ep-20260920-230959
2277,Houston Christian Huskies,2025,R.Garcia,garcia r,1,false,27,-8.9266,espn-pbp/ep-20260920-230959
248,Houston Cougars,2025,C.Weigman,weigman c,13,true,360,83.8759,espn-pbp/ep-20260920-230959
47,Howard Bison,2025,Tyriq Starks,starks t,11,true,257,-15.6859,espn-pbp/ep-20260920-230959
47,Howard Bison,2025,Jack Snyder,snyder j,1,false,,,espn-pbp/ep-20260920-230959
304,Idaho State Bengals,2025,J.Cooke,cooke j,10,true,390,66.2874,espn-pbp/ep-20260920-230959
304,Idaho State Bengals,2025,Davis Harsin,harsin d,1,false,58,15.9576,espn-pbp/ep-20260920-230959
304,Idaho State Bengals,2025,Jackson Sharman,sharman j,1,false,14,-0.1496,espn-pbp/ep-20260920-230959
70,Idaho Vandals,2025,J.Wood,wood j,10,true,197,34.3128,espn-pbp/ep-20260920-230959
70,Idaho Vandals,2025,Jack Wagner,wagner j,2,false,47,-7.7867,espn-pbp/ep-20260920-230959
356,Illinois Fighting Illini,2025,Luke Altmyer,altmyer l,13,true,359,102.3571,espn-pbp/ep-20260920-230959
2287,Illinois State Redbirds,2025,T.Rittenhouse,rittenhouse t,16,true,524,117.5932,espn-pbp/ep-20260920-230959
2287,Illinois State Redbirds,2025,Beckham Pellant,pellant b,1,false,13,-9.8193,espn-pbp/ep-20260920-230959
2916,Incarnate Word Cardinals,2025,E.Colson,colson e,8,false,311,43.1692,espn-pbp/ep-20260920-230959
2916,Incarnate Word Cardinals,2025,Richard Torres,torres r,3,true,99,-4.9175,espn-pbp/ep-20260920-230959
84,Indiana Hoosiers,2025,F.Mendoza,mendoza f,16,true,401,193.7034,espn-pbp/ep-20260920-230959
282,Indiana State Sycamores,2025,K.Patterson,patterson k,9,false,200,-37.6031,espn-pbp/ep-20260920-230959
282,Indiana State Sycamores,2025,Elijah Owens,owens e,2,true,29,4.1512,espn-pbp/ep-20260920-230959
282,Indiana State Sycamores,2025,Brock Riddle,riddle b,1,false,59,-14.3532,espn-pbp/ep-20260920-230959
2294,Iowa Hawkeyes,2025,Mark Gronowski,gronowski m,13,true,268,17.1518,espn-pbp/ep-20260920-230959
66,Iowa State Cyclones,2025,Rocco Becht,becht r,12,true,351,46.3023,espn-pbp/ep-20260920-230959
2296,Jackson State Tigers,2025,JaCobian Morgan,morgan j,7,true,135,1.8298,espn-pbp/ep-20260920-230959
2296,Jackson State Tigers,2025,J.Lockhart,lockhart j,5,false,106,20.7835,espn-pbp/ep-20260920-230959
55,Jacksonville State Gamecocks,2025,C.Creel,creel c,9,false,225,9.8850,espn-pbp/ep-20260920-230959
55,Jacksonville State Gamecocks,2025,Gavin Wimsatt,wimsatt g,5,true,113,-6.7115,espn-pbp/ep-20260920-230959
256,James Madison Dukes,2025,A.Barnett III,barnett a,14,true,382,37.1692,espn-pbp/ep-20260920-230959
2305,Kansas Jayhawks,2025,Jalon Daniels,daniels j,12,true,330,59.1686,espn-pbp/ep-20260920-230959
2306,Kansas State Wildcats,2025,Avery Johnson,johnson a,12,true,323,14.6569,espn-pbp/ep-20260920-230959
338,Kennesaw State Owls,2025,A.Odom,odom a,11,false,307,48.2781,espn-pbp/ep-20260920-230959
338,Kennesaw State Owls,2025,Dexter Williams II,williams d,3,true,126,4.1562,espn-pbp/ep-20260920-230959
2309,Kent State Golden Flashes,2025,D.DeShields,deshields d,9,false,246,3.5976,espn-pbp/ep-20260920-230959
2309,Kent State Golden Flashes,2025,CJ Montes,montes c,2,true,19,-2.4403,espn-pbp/ep-20260920-230959
2309,Kent State Golden Flashes,2025,Devin Kargman,kargman d,1,false,16,-10.3332,espn-pbp/ep-20260920-230959
3077,Kentucky Christian Knights,2025,Jackson Wasik,wasik j,1,true,27,11.2517,espn-pbp/ep-20260920-230959
2310,Kentucky State Thorobreds,2025,Denim Johnson,johnson d,1,true,25,0.7716,espn-pbp/ep-20260920-230959
96,Kentucky Wildcats,2025,C.Boley,boley c,10,false,294,55.3849,espn-pbp/ep-20260920-230959
96,Kentucky Wildcats,2025,Zach Calzada,calzada z,2,true,63,-26.1260,espn-pbp/ep-20260920-230959
99,LSU Tigers,2025,Garrett Nussmeier,nussmeier g,9,true,306,44.0723,espn-pbp/ep-20260920-230959
99,LSU Tigers,2025,M.Van Buren Jr.,van buren m,4,false,162,11.4616,espn-pbp/ep-20260920-230959
322,Lafayette Leopards,2025,Dean DeNobile,denobile d,12,true,351,47.9009,espn-pbp/ep-20260920-230959
2320,Lamar Cardinals,2025,Aiden McCown,mccown a,7,false,148,15.2014,espn-pbp/ep-20260920-230959
2320,Lamar Cardinals,2025,R.Coleman,coleman r,5,true,126,-15.3628,espn-pbp/ep-20260920-230959
2320,Lamar Cardinals,2025,Deuce Hogan,hogan d,1,false,,,espn-pbp/ep-20260920-230959
2323,Lane Dragons,2025,Nick Billoups,billoups n,1,true,13,-5.4430,espn-pbp/ep-20260920-230959
2324,Langston Lions,2025,Aden Hooper,hooper a,1,false,46,-14.3465,espn-pbp/ep-20260920-230959
2324,Langston Lions,2025,Kaid Barrett,barrett k,1,true,22,-14.1260,espn-pbp/ep-20260920-230959
2329,Lehigh Mountain Hawks,2025,Hayden Johnson,johnson h,13,true,296,92.6409,espn-pbp/ep-20260920-230959
2335,Liberty Flames,2025,E.Vasko,vasko e,10,true,216,24.8873,espn-pbp/ep-20260920-230959
2335,Liberty Flames,2025,M.Merdinger,merdinger m,2,false,43,0.1142,espn-pbp/ep-20260920-230959
124179,Lincoln (CA) Oaklanders,2025,Rob Brazziel,brazziel r,4,true,114,-25.9112,espn-pbp/ep-20260920-230959
124179,Lincoln (CA) Oaklanders,2025,J.Carney III,carney j,1,false,33,-11.3682,espn-pbp/ep-20260920-230959
2339,Lincoln (PA) Lions,2025,Hamas Duren,duren h,1,true,34,4.3775,espn-pbp/ep-20260920-230959
2815,Lindenwood Lions,2025,Nate Glantz,glantz n,12,true,313,43.8002,espn-pbp/ep-20260920-230959
2341,Long Island University Sharks,2025,Ethan Greenwood,greenwood e,5,true,98,2.6531,espn-pbp/ep-20260920-230959
2341,Long Island University Sharks,2025,L.Stanzani,stanzani l,3,false,116,-8.9753,espn-pbp/ep-20260920-230959
2341,Long Island University Sharks,2025,Chris Howell,howell c,2,false,57,-18.8269,espn-pbp/ep-20260920-230959
2341,Long Island University Sharks,2025,J.Hoenstine,hoenstine j,1,false,,,espn-pbp/ep-20260920-230959
2347,Louisiana Christian University Wildcats,2025,Phillip Jones II,jones p,1,true,17,-2.2625,espn-pbp/ep-20260920-230959
309,Louisiana Ragin' Cajuns,2025,L.Winfield,winfield l,8,false,231,32.5547,espn-pbp/ep-20260920-230959
309,Louisiana Ragin' Cajuns,2025,Daniel Beale,beale d,4,false,96,-6.5920,espn-pbp/ep-20260920-230959
309,Louisiana Ragin' Cajuns,2025,Walker Howard,howard w,1,true,43,-10.2041,espn-pbp/ep-20260920-230959
2348,Louisiana Tech Bulldogs,2025,Blake Baker,baker b,7,false,163,24.2904,espn-pbp/ep-20260920-230959
2348,Louisiana Tech Bulldogs,2025,Trey Kukuk,kukuk t,5,true,113,-9.2960,espn-pbp/ep-20260920-230959
2348,Louisiana Tech Bulldogs,2025,E.Bullock,bullock e,1,false,50,-2.9330,espn-pbp/ep-20260920-230959
97,Louisville Cardinals,2025,M.Moss,moss m,12,true,394,52.0648,espn-pbp/ep-20260920-230959
97,Louisville Cardinals,2025,D.Adams,adams d,1,false,20,-3.1984,espn-pbp/ep-20260920-230959
311,Maine Black Bears,2025,Carter Peevy,peevy c,12,true,326,23.1676,espn-pbp/ep-20260920-230959
2368,Marist Red Foxes,2025,Sonny Mannino,mannino s,10,true,261,-11.2082,espn-pbp/ep-20260920-230959
2368,Marist Red Foxes,2025,W.O'Dell,o'dell w,2,false,83,-8.5942,espn-pbp/ep-20260920-230959
276,Marshall Thundering Herd,2025,C.Del Rio-Wilson,del rio-wilson c,10,false,223,27.5894,espn-pbp/ep-20260920-230959
276,Marshall Thundering Herd,2025,Zion Turner,turner z,1,false,60,2.0749,espn-pbp/ep-20260920-230959
276,Marshall Thundering Herd,2025,JacQai Long,long j,1,true,17,-16.9528,espn-pbp/ep-20260920-230959
120,Maryland Terrapins,2025,Malik Washington,washington m,12,true,474,-6.2760,espn-pbp/ep-20260920-230959
113,Massachusetts Minutemen,2025,A.Hairston,hairston a,6,false,224,-52.2292,espn-pbp/ep-20260920-230959
113,Massachusetts Minutemen,2025,Brandon Rose,rose b,4,true,91,-5.3413,espn-pbp/ep-20260920-230959
113,Massachusetts Minutemen,2025,G.Jordan,jordan g,2,false,111,-10.3565,espn-pbp/ep-20260920-230959
2816,McKendree Bearcats,2025,Colt Michael,michael c,1,true,25,-10.3299,espn-pbp/ep-20260920-230959
2377,McNeese Cowboys,2025,Jake Strong,strong j,11,true,283,6.0024,espn-pbp/ep-20260920-230959
2377,McNeese Cowboys,2025,D.Lippold,lippold d,1,false,5,-1.8421,espn-pbp/ep-20260920-230959
235,Memphis Tigers,2025,Brendon Lewis,lewis b,13,true,354,67.6611,espn-pbp/ep-20260920-230959
2382,Mercer Bears,2025,B.Atkinson,atkinson b,11,false,376,127.3773,espn-pbp/ep-20260920-230959
2382,Mercer Bears,2025,DJ Smith,smith d,1,true,39,-9.0734,espn-pbp/ep-20260920-230959
2385,Mercyhurst Lakers,2025,Adam Urena,urena a,11,true,382,44.0315,espn-pbp/ep-20260920-230959
2385,Mercyhurst Lakers,2025,Alex Gevaudan,gevaudan a,1,false,39,-0.6170,espn-pbp/ep-20260920-230959
2771,Merrimack Warriors,2025,Ayden Pereira,pereira a,12,true,272,-29.8834,espn-pbp/ep-20260920-230959
193,Miami (OH) RedHawks,2025,Dequan Finn,finn d,8,true,176,28.2884,espn-pbp/ep-20260920-230959
193,Miami (OH) RedHawks,2025,T.Gotkowski,gotkowski t,4,false,91,-2.1553,espn-pbp/ep-20260920-230959
193,Miami (OH) RedHawks,2025,H.Hesson,hesson h,2,false,85,-13.2717,espn-pbp/ep-20260920-230959
2390,Miami Hurricanes,2025,C.Beck,beck c,16,true,474,144.3285,espn-pbp/ep-20260920-230959
127,Michigan State Spartans,2025,Aidan Chiles,chiles a,8,true,190,31.4954,espn-pbp/ep-20260920-230959
127,Michigan State Spartans,2025,A.Milivojevic,milivojevic a,4,false,153,25.6220,espn-pbp/ep-20260920-230959
130,Michigan Wolverines,2025,B.Underwood,underwood b,13,true,313,34.4620,espn-pbp/ep-20260920-230959
2393,Middle Tennessee Blue Raiders,2025,Nicholas Vattiato,vattiato n,9,true,369,-7.2796,espn-pbp/ep-20260920-230959
2393,Middle Tennessee Blue Raiders,2025,R.Gagliano,gagliano r,3,false,141,13.7588,espn-pbp/ep-20260920-230959
2396,Miles College Golden Bears,2025,Brinley Vandiver,vandiver b,2,true,72,9.6650,espn-pbp/ep-20260920-230959
135,Minnesota Golden Gophers,2025,Drake Lindsey,lindsey d,12,true,374,33.4999,espn-pbp/ep-20260920-230959
344,Mississippi State Bulldogs,2025,Blake Shapen,shapen b,11,true,288,50.7047,espn-pbp/ep-20260920-230959
344,Mississippi State Bulldogs,2025,K.Taylor,taylor k,2,false,79,9.1620,espn-pbp/ep-20260920-230959
2400,Mississippi Valley State Delta Devils,2025,Josh Brown,brown j,7,false,218,-3.6562,espn-pbp/ep-20260920-230959
2400,Mississippi Valley State Delta Devils,2025,B.Nunez,nunez b,4,true,129,-27.7100,espn-pbp/ep-20260920-230959
2623,Missouri State Bears,2025,J.Clark,clark j,12,true,393,126.6160,espn-pbp/ep-20260920-230959
2623,Missouri State Bears,2025,Deuce Bailey,bailey d,1,false,50,-1.1235,espn-pbp/ep-20260920-230959
142,Missouri Tigers,2025,Beau Pribula,pribula b,10,true,277,57.5520,espn-pbp/ep-20260920-230959
142,Missouri Tigers,2025,M.Zollers,zollers m,3,false,97,-3.3381,espn-pbp/ep-20260920-230959
2405,Monmouth Hawks,2025,Derek Robertson,robertson d,7,true,185,87.6604,espn-pbp/ep-20260920-230959
2405,Monmouth Hawks,2025,F.Weaver,weaver f,5,false,159,10.9629,espn-pbp/ep-20260920-230959
2405,Monmouth Hawks,2025,Gunnar Smith,smith g,0,false,52,-10.5037,espn-pbp/ep-20260920-230959
149,Montana Grizzlies,2025,K.Ah Yat,ah yat k,15,true,459,145.5429,espn-pbp/ep-20260920-230959
147,Montana State Bobcats,2025,J.Lamson,lamson j,16,true,367,133.1386,espn-pbp/ep-20260920-230959
2413,Morehead State Eagles,2025,Carter Cravens,cravens c,10,true,215,59.8846,espn-pbp/ep-20260920-230959
2413,Morehead State Eagles,2025,Bryce Patterson,patterson b,2,false,80,8.8270,espn-pbp/ep-20260920-230959
60,Morehouse College Maroon Tigers,2025,Miles Scott,scott m,1,true,22,-4.8209,espn-pbp/ep-20260920-230959
2415,Morgan State Bears,2025,R.Moore III,moore r,6,false,169,-4.8688,espn-pbp/ep-20260920-230959
2415,Morgan State Bears,2025,Kobe Muasau,muasau k,6,true,60,-7.9070,espn-pbp/ep-20260920-230959
93,Murray State Racers,2025,Jim Ogle,ogle j,8,true,252,4.7224,espn-pbp/ep-20260920-230959
93,Murray State Racers,2025,B.Wright,wright b,3,false,95,9.0752,espn-pbp/ep-20260920-230959
152,NC State Wolfpack,2025,CJ Bailey,bailey c,13,true,419,92.4267,espn-pbp/ep-20260920-230959
2426,Navy Midshipmen,2025,B.Horvath,horvath b,12,true,165,55.9818,espn-pbp/ep-20260920-230959
2426,Navy Midshipmen,2025,B.Woodson,woodson b,1,false,19,-0.0106,espn-pbp/ep-20260920-230959
158,Nebraska Cornhuskers,2025,Dylan Raiola,raiola d,9,true,262,81.1965,espn-pbp/ep-20260920-230959
158,Nebraska Cornhuskers,2025,T.Lateef,lateef t,4,false,126,12.0300,espn-pbp/ep-20260920-230959
2440,Nevada Wolf Pack,2025,C.Jones,jones c,7,false,180,-10.7094,espn-pbp/ep-20260920-230959
2440,Nevada Wolf Pack,2025,Chubba Purdy,purdy c,4,true,95,-23.7684,espn-pbp/ep-20260920-230959
2440,Nevada Wolf Pack,2025,AJ Bianco,bianco a,1,false,47,-11.5361,espn-pbp/ep-20260920-230959
160,New Hampshire Wildcats,2025,Matt Vezza,vezza m,13,true,276,60.5217,espn-pbp/ep-20260920-230959
2441,New Haven Chargers,2025,AJ Duffy,duffy a,10,true,297,4.1314,espn-pbp/ep-20260920-230959
167,New Mexico Lobos,2025,Jack Layne,layne j,12,true,323,40.7848,espn-pbp/ep-20260920-230959
166,New Mexico State Aggies,2025,L.Fife,fife l,10,true,384,9.8180,espn-pbp/ep-20260920-230959
166,New Mexico State Aggies,2025,A.Damante,damante a,2,false,110,22.1260,espn-pbp/ep-20260920-230959
2447,Nicholls Colonels,2025,Deuce Hogan,hogan d,5,true,179,-13.1515,espn-pbp/ep-20260920-230959
2447,Nicholls Colonels,2025,E.Rodrigue,rodrigue e,5,false,124,23.1842,espn-pbp/ep-20260920-230959
2447,Nicholls Colonels,2025,Aiden McCown,mccown a,1,false,,,espn-pbp/ep-20260920-230959
2450,Norfolk State Spartans,2025,Otto Kuhns,kuhns o,8,false,212,20.9762,espn-pbp/ep-20260920-230959
2450,Norfolk State Spartans,2025,V.Berry,berry v,2,false,45,-10.5612,espn-pbp/ep-20260920-230959
2450,Norfolk State Spartans,2025,Israel Carter,carter i,2,true,18,-7.7828,espn-pbp/ep-20260920-230959
2453,North Alabama Lions,2025,D.Wade,wade d,6,false,184,-0.7792,espn-pbp/ep-20260920-230959
2453,North Alabama Lions,2025,Ari Patu,patu a,4,true,101,-4.6870,espn-pbp/ep-20260920-230959
2453,North Alabama Lions,2025,J.Wood,wood j,2,false,52,2.1513,espn-pbp/ep-20260920-230959
2448,North Carolina A&T Aggies,2025,K.White,white k,8,false,214,11.7928,espn-pbp/ep-20260920-230959
2448,North Carolina A&T Aggies,2025,N.Layne,layne n,2,false,28,-2.2019,espn-pbp/ep-20260920-230959
2448,North Carolina A&T Aggies,2025,Champ Long,long c,2,true,16,-2.8539,espn-pbp/ep-20260920-230959
2428,North Carolina Central Eagles,2025,Walker Harris,harris w,12,true,282,115.6530,espn-pbp/ep-20260920-230959
153,North Carolina Tar Heels,2025,G.Lopez,lopez g,11,true,259,9.4342,espn-pbp/ep-20260920-230959
153,North Carolina Tar Heels,2025,Max Johnson,johnson m,1,false,91,-7.1218,espn-pbp/ep-20260920-230959
155,North Dakota Fighting Hawks,2025,J.Kaminski,kaminski j,14,true,382,31.8542,espn-pbp/ep-20260920-230959
2449,North Dakota State Bison,2025,Cole Payton,payton c,13,true,227,137.8384,espn-pbp/ep-20260920-230959
249,North Texas Mean Green,2025,D.Mestemaker,mestemaker d,14,true,478,162.4917,espn-pbp/ep-20260920-230959
196,Northeastern State RiverHawks,2025,Donnie Smith,smith d,1,true,35,-11.4304,espn-pbp/ep-20260920-230959
2464,Northern Arizona Lumberjacks,2025,Ty Pennington,pennington t,12,true,346,63.2137,espn-pbp/ep-20260920-230959
2458,Northern Colorado Bears,2025,Eric Gibson Jr.,gibson e,11,false,271,-19.1690,espn-pbp/ep-20260920-230959
2458,Northern Colorado Bears,2025,Peter Costelli,costelli p,1,true,43,4.1145,espn-pbp/ep-20260920-230959
2459,Northern Illinois Huskies,2025,Josh Holst,holst j,7,true,90,-10.5033,espn-pbp/ep-20260920-230959
2459,Northern Illinois Huskies,2025,J.Macon,macon j,3,false,22,-4.8024,espn-pbp/ep-20260920-230959
2459,Northern Illinois Huskies,2025,Brady Davidson,davidson b,2,false,94,-15.3708,espn-pbp/ep-20260920-230959
2460,Northern Iowa Panthers,2025,Matthew Schecklman,schecklman m,8,true,205,0.8518,espn-pbp/ep-20260920-230959
2460,Northern Iowa Panthers,2025,J.Dailey,dailey j,4,false,117,13.7689,espn-pbp/ep-20260920-230959
128,Northern Michigan Wildcats,2025,Duke Shovald,shovald d,1,true,21,6.5551,espn-pbp/ep-20260920-230959
2466,Northwestern State Demons,2025,Abram Johnston,johnston a,11,true,216,-49.7947,espn-pbp/ep-20260920-230959
2466,Northwestern State Demons,2025,Eli Anderson,anderson e,1,false,52,-0.5462,espn-pbp/ep-20260920-230959
77,Northwestern Wildcats,2025,Preston Stone,stone p,13,true,337,29.1308,espn-pbp/ep-20260920-230959
87,Notre Dame Fighting Irish,2025,CJ Carr,carr c,12,true,282,110.1976,espn-pbp/ep-20260920-230959
195,Ohio Bobcats,2025,Parker Navarro,navarro p,13,true,266,34.9716,espn-pbp/ep-20260920-230959
194,Ohio State Buckeyes,2025,J.Sayin,sayin j,14,true,396,181.1482,espn-pbp/ep-20260920-230959
201,Oklahoma Sooners,2025,John Mateer,mateer j,12,true,410,33.7474,espn-pbp/ep-20260920-230959
201,Oklahoma Sooners,2025,Michael Hawkins Jr.,hawkins m,1,false,27,8.3290,espn-pbp/ep-20260920-230959
197,Oklahoma State Cowboys,2025,Z.Flores,flores z,8,false,270,-40.6863,espn-pbp/ep-20260920-230959
197,Oklahoma State Cowboys,2025,Sam Jackson V,jackson s,3,false,68,-13.1532,espn-pbp/ep-20260920-230959
197,Oklahoma State Cowboys,2025,Hauss Hejny,hejny h,1,true,11,4.2643,espn-pbp/ep-20260920-230959
295,Old Dominion Monarchs,2025,Colton Joseph,joseph c,12,true,302,69.1347,espn-pbp/ep-20260920-230959
295,Old Dominion Monarchs,2025,Q.Henicle,henicle q,1,false,42,-1.2112,espn-pbp/ep-20260920-230959
145,Ole Miss Rebels,2025,Trinidad Chambliss,chambliss t,13,false,470,168.2622,espn-pbp/ep-20260920-230959
145,Ole Miss Rebels,2025,Austin Simmons,simmons a,2,true,76,21.9117,espn-pbp/ep-20260920-230959
2483,Oregon Ducks,2025,D.Moore,moore d,15,true,440,123.2296,espn-pbp/ep-20260920-230959
204,Oregon State Beavers,2025,Maalik Murphy,murphy m,8,true,282,14.8775,espn-pbp/ep-20260920-230959
204,Oregon State Beavers,2025,G.Johnson,johnson g,3,false,106,-17.7855,espn-pbp/ep-20260920-230959
204,Oregon State Beavers,2025,T.Ti'a,ti'a t,1,false,57,16.1415,espn-pbp/ep-20260920-230959
2487,Pace Setters,2025,Ethan Coady,coady e,1,true,29,-1.9092,espn-pbp/ep-20260920-230959
213,Penn State Nittany Lions,2025,E.Grunkemeyer,grunkemeyer e,7,false,185,40.7260,espn-pbp/ep-20260920-230959
213,Penn State Nittany Lions,2025,Drew Allar,allar d,6,true,168,13.0194,espn-pbp/ep-20260920-230959
219,Pennsylvania Quakers,2025,L.O'Brien,o'brien l,10,true,326,63.6528,espn-pbp/ep-20260920-230959
221,Pittsburgh Panthers,2025,M.Heintschel,heintschel m,9,false,301,71.1846,espn-pbp/ep-20260920-230959
221,Pittsburgh Panthers,2025,Eli Holstein,holstein e,4,true,94,20.5112,espn-pbp/ep-20260920-230959
2502,Portland State Vikings,2025,J.Sagapolutele,sagapolutele j,10,false,267,-3.4841,espn-pbp/ep-20260920-230959
2502,Portland State Vikings,2025,Gabe Downing,downing g,1,true,32,-4.0481,espn-pbp/ep-20260920-230959
2502,Portland State Vikings,2025,CJ Jordan,jordan c,1,false,15,-4.0810,espn-pbp/ep-20260920-230959
2502,Portland State Vikings,2025,T.Smith,smith t,0,false,74,3.6324,espn-pbp/ep-20260920-230959
2504,Prairie View A&M Panthers,2025,C.Peters,peters c,10,true,291,80.8225,espn-pbp/ep-20260920-230959
2504,Prairie View A&M Panthers,2025,Tevin Carter,carter t,4,false,105,-25.7606,espn-pbp/ep-20260920-230959
2506,Presbyterian Blue Hose,2025,Collin Hurst,hurst c,11,true,259,98.6891,espn-pbp/ep-20260920-230959
2506,Presbyterian Blue Hose,2025,T.Englehart,englehart t,1,false,44,-17.0198,espn-pbp/ep-20260920-230959
163,Princeton Tigers,2025,Kai Colon,colon k,5,true,102,4.6698,espn-pbp/ep-20260920-230959
163,Princeton Tigers,2025,K.Colón,colón k,4,false,139,9.9047,espn-pbp/ep-20260920-230959
163,Princeton Tigers,2025,B.Hipa,hipa b,1,false,79,-2.0044,espn-pbp/ep-20260920-230959
2509,Purdue Boilermakers,2025,Ryan Browne,browne r,11,true,361,3.1460,espn-pbp/ep-20260920-230959
2509,Purdue Boilermakers,2025,M.Singleton,singleton m,1,false,69,16.0554,espn-pbp/ep-20260920-230959
227,Rhode Island Rams,2025,Devin Farrell,farrell d,14,true,453,108.6882,espn-pbp/ep-20260920-230959
242,Rice Owls,2025,Chase Jenkins,jenkins c,12,true,174,14.1604,espn-pbp/ep-20260920-230959
242,Rice Owls,2025,L.Scheerhorn,scheerhorn l,1,false,15,-2.8593,espn-pbp/ep-20260920-230959
257,Richmond Spiders,2025,Kyle Wickersham,wickersham k,9,true,221,-1.4871,espn-pbp/ep-20260920-230959
257,Richmond Spiders,2025,Ashten Snelsire,snelsire a,3,false,111,6.8797,espn-pbp/ep-20260920-230959
2523,Robert Morris Colonials,2025,Zach Tanner,tanner z,8,true,176,9.2082,espn-pbp/ep-20260920-230959
2523,Robert Morris Colonials,2025,Cooper Panteck,panteck c,3,false,98,-12.5951,espn-pbp/ep-20260920-230959
2523,Robert Morris Colonials,2025,J.Wolfe,wolfe j,1,false,31,-12.6996,espn-pbp/ep-20260920-230959
164,Rutgers Scarlet Knights,2025,Athan Kaliakmanis,kaliakmanis a,12,true,364,122.0758,espn-pbp/ep-20260920-230959
2545,SE Louisiana Lions,2025,C.Camp,camp c,12,true,229,31.5659,espn-pbp/ep-20260920-230959
2545,SE Louisiana Lions,2025,Kyle Lowe,lowe k,1,false,115,28.5469,espn-pbp/ep-20260920-230959
2567,SMU Mustangs,2025,Kevin Jennings,jennings k,13,true,475,70.7452,espn-pbp/ep-20260920-230959
16,Sacramento State Hornets,2025,C.Williams,williams c,10,false,182,32.5963,espn-pbp/ep-20260920-230959
16,Sacramento State Hornets,2025,Jaden Rashada,rashada j,2,true,42,-4.8269,espn-pbp/ep-20260920-230959
2529,Sacred Heart Pioneers,2025,J.Snyder,snyder j,8,false,192,49.4549,espn-pbp/ep-20260920-230959
2529,Sacred Heart Pioneers,2025,John Michalski,michalski j,2,true,8,-6.6469,espn-pbp/ep-20260920-230959
2529,Sacred Heart Pioneers,2025,Tyriq Starks,starks t,1,false,,,espn-pbp/ep-20260920-230959
129,Saginaw Valley State Cardinals,2025,Mason McKenzie,mckenzie m,1,true,42,1.2549,espn-pbp/ep-20260920-230959
2598,Saint Francis Red Flash,2025,Nick Whitfield Jr.,whitfield n,8,true,221,-9.7250,espn-pbp/ep-20260920-230959
2598,Saint Francis Red Flash,2025,Jeff Hoenstine,hoenstine j,1,false,21,-3.3996,espn-pbp/ep-20260920-230959
2598,Saint Francis Red Flash,2025,J.Hamilton,hamilton j,1,false,12,-9.1698,espn-pbp/ep-20260920-230959
2598,Saint Francis Red Flash,2025,E.Greenwood,greenwood e,1,false,,,espn-pbp/ep-20260920-230959
2534,Sam Houston Bearkats,2025,Hunter Watson,watson h,7,true,172,-5.5343,espn-pbp/ep-20260920-230959
2534,Sam Houston Bearkats,2025,L.Locke,locke l,3,false,149,-20.5985,espn-pbp/ep-20260920-230959
2534,Sam Houston Bearkats,2025,M.Mettauer,mettauer m,2,false,55,-18.0958,espn-pbp/ep-20260920-230959
2535,Samford Bulldogs,2025,Quincy Crittendon,crittendon q,8,true,208,2.9341,espn-pbp/ep-20260920-230959
2535,Samford Bulldogs,2025,B.Stober,stober b,3,false,200,-16.9947,espn-pbp/ep-20260920-230959
2535,Samford Bulldogs,2025,C.Gilliam,gilliam c,1,false,41,-11.4661,espn-pbp/ep-20260920-230959
21,San Diego State Aztecs,2025,J.Denegal,denegal j,12,true,238,-17.8385,espn-pbp/ep-20260920-230959
21,San Diego State Aztecs,2025,K.Crum,crum k,1,false,29,-4.2857,espn-pbp/ep-20260920-230959
301,San Diego Toreros,2025,D.Nankil,nankil d,10,true,234,42.8326,espn-pbp/ep-20260920-230959
301,San Diego Toreros,2025,Tyler Voss,voss t,2,false,95,-13.4379,espn-pbp/ep-20260920-230959
23,San José State Spartans,2025,Walker Eget,eget w,11,true,362,42.9261,espn-pbp/ep-20260920-230959
23,San José State Spartans,2025,T.Amisone,amisone t,1,false,52,-16.0664,espn-pbp/ep-20260920-230959
2542,Savannah State Tigers,2025,Christian Burks,burks c,1,true,20,-3.8979,espn-pbp/ep-20260920-230959
6,South Alabama Jaguars,2025,Bishop Davenport,davenport b,12,true,309,43.6393,espn-pbp/ep-20260920-230959
2579,South Carolina Gamecocks,2025,LaNorris Sellers,sellers l,12,true,268,14.3095,espn-pbp/ep-20260920-230959
2569,South Carolina State Bulldogs,2025,W.Atkins IV,atkins w,8,true,221,34.1899,espn-pbp/ep-20260920-230959
2569,South Carolina State Bulldogs,2025,Ryan Stubblefield,stubblefield r,5,false,155,27.0277,espn-pbp/ep-20260920-230959
233,South Dakota Coyotes,2025,A.Bouman,bouman a,15,true,353,57.9721,espn-pbp/ep-20260920-230959
2571,South Dakota State Jackrabbits,2025,Chase Mason,mason c,8,true,202,59.7928,espn-pbp/ep-20260920-230959
2571,South Dakota State Jackrabbits,2025,J.Henry,henry j,3,false,106,-7.8881,espn-pbp/ep-20260920-230959
2571,South Dakota State Jackrabbits,2025,L.Marble,marble l,2,false,52,-5.7450,espn-pbp/ep-20260920-230959
58,South Florida Bulls,2025,Byrum Brown,brown b,12,true,359,103.7628,espn-pbp/ep-20260920-230959
58,South Florida Bulls,2025,G.Moore,moore g,1,false,49,-0.3212,espn-pbp/ep-20260920-230959
2546,Southeast Missouri State Redhawks,2025,Jax Leatherwood,leatherwood j,7,true,288,45.8143,espn-pbp/ep-20260920-230959
2546,Southeast Missouri State Redhawks,2025,J.Weber,weber j,5,false,191,3.3535,espn-pbp/ep-20260920-230959
2583,Southern Connecticut State Owls,2025,John Giller,giller j,1,true,24,0.8158,espn-pbp/ep-20260920-230959
79,Southern Illinois Salukis,2025,DJ Williams,williams d,12,true,367,59.8483,espn-pbp/ep-20260920-230959
2582,Southern Jaguars,2025,A.Strother,strother a,6,false,167,-3.4446,espn-pbp/ep-20260920-230959
2582,Southern Jaguars,2025,Cam'Ron McCoy,mccoy c,4,true,100,-3.1254,espn-pbp/ep-20260920-230959
2582,Southern Jaguars,2025,Jalen Woods,woods j,1,false,19,-2.5031,espn-pbp/ep-20260920-230959
2572,Southern Miss Golden Eagles,2025,Braylon Braxton,braxton b,12,true,428,70.6927,espn-pbp/ep-20260920-230959
2572,Southern Miss Golden Eagles,2025,L.Lyddy,lyddy l,1,false,54,0.2915,espn-pbp/ep-20260920-230959
253,Southern Utah Thunderbirds,2025,Bronson Barron,barron b,11,true,260,86.1122,espn-pbp/ep-20260920-230959
253,Southern Utah Thunderbirds,2025,Will Burns,burns w,1,false,31,5.7875,espn-pbp/ep-20260920-230959
2830,St. Anselm Hawks,2025,Drew Forkner,forkner d,1,true,,,espn-pbp/ep-20260920-230959
2900,St. Thomas-Minnesota Tommies,2025,Andy Peters,peters a,10,true,215,54.1722,espn-pbp/ep-20260920-230959
2900,St. Thomas-Minnesota Tommies,2025,A.Powell,powell a,2,false,58,3.5110,espn-pbp/ep-20260920-230959
24,Stanford Cardinal,2025,Ben Gulbranson,gulbranson b,9,true,227,20.7181,espn-pbp/ep-20260920-230959
24,Stanford Cardinal,2025,E.Brown,brown e,3,false,120,-0.0948,espn-pbp/ep-20260920-230959
2617,Stephen F. Austin Lumberjacks,2025,Sam Vidlak,vidlak s,12,true,296,49.8985,espn-pbp/ep-20260920-230959
2617,Stephen F. Austin Lumberjacks,2025,G.Rutherford,rutherford g,2,false,79,4.8189,espn-pbp/ep-20260920-230959
56,Stetson Hatters,2025,C.Stephenson,stephenson c,6,false,94,-23.4464,espn-pbp/ep-20260920-230959
56,Stetson Hatters,2025,Kael Alexander,alexander k,3,false,126,-11.0546,espn-pbp/ep-20260920-230959
56,Stetson Hatters,2025,G.Rupp,rupp g,2,true,30,-1.8849,espn-pbp/ep-20260920-230959
56,Stetson Hatters,2025,Jaden Craig,craig j,1,false,,,espn-pbp/ep-20260920-230959
284,Stonehill Skyhawks,2025,Jack O'Connell,o'connell j,12,true,286,4.3690,espn-pbp/ep-20260920-230959
2619,Stony Brook Seawolves,2025,Chris Zellous,zellous c,7,true,164,-8.9003,espn-pbp/ep-20260920-230959
2619,Stony Brook Seawolves,2025,Q.Boyd,boyd q,5,false,227,41.1898,espn-pbp/ep-20260920-230959
2834,Sul Ross State Lobos,2025,Andrew Martinez,martinez a,1,false,9,-6.9789,espn-pbp/ep-20260920-230959
2834,Sul Ross State Lobos,2025,Eddie Lee Marburger,marburger e,1,true,,,espn-pbp/ep-20260920-230959
183,Syracuse Orange,2025,Rickie Collins,collins r,5,false,188,-26.3957,espn-pbp/ep-20260920-230959
183,Syracuse Orange,2025,Steve Angeli,angeli s,4,true,150,43.2004,espn-pbp/ep-20260920-230959
183,Syracuse Orange,2025,J.Filardi,filardi j,3,false,49,-7.5180,espn-pbp/ep-20260920-230959
2628,TCU Horned Frogs,2025,Josh Hoover,hoover j,12,true,432,99.8617,espn-pbp/ep-20260920-230959
2628,TCU Horned Frogs,2025,K.Seals,seals k,1,false,46,-2.4499,espn-pbp/ep-20260920-230959
2627,Tarleton State Texans,2025,V.Gabalis,gabalis v,12,true,315,97.4538,espn-pbp/ep-20260920-230959
2627,Tarleton State Texans,2025,Daniel Greek,greek d,2,false,73,40.9990,espn-pbp/ep-20260920-230959
218,Temple Owls,2025,Evan Simon,simon e,12,true,296,58.9299,espn-pbp/ep-20260920-230959
2634,Tennessee State Tigers,2025,Byron McNair,mcnair b,9,false,239,-12.4692,espn-pbp/ep-20260920-230959
2634,Tennessee State Tigers,2025,Jonathan Palmer,palmer j,3,true,65,-25.1153,espn-pbp/ep-20260920-230959
2635,Tennessee Tech Golden Eagles,2025,Kekoa Visperas,visperas k,13,true,340,60.8542,espn-pbp/ep-20260920-230959
2633,Tennessee Volunteers,2025,Joey Aguilar,aguilar j,13,true,420,150.6659,espn-pbp/ep-20260920-230959
245,Texas A&M Aggies,2025,Marcel Reed,reed m,13,true,332,65.1459,espn-pbp/ep-20260920-230959
251,Texas Longhorns,2025,Arch Manning,manning a,13,true,425,64.7689,espn-pbp/ep-20260920-230959
2640,Texas Southern Tigers,2025,KJ Cooper,cooper k,9,true,257,0.5397,espn-pbp/ep-20260920-230959
2640,Texas Southern Tigers,2025,J.Davis,davis j,1,false,24,1.7906,espn-pbp/ep-20260920-230959
326,Texas State Bobcats,2025,B.Jackson,jackson b,13,true,322,88.3980,espn-pbp/ep-20260920-230959
2641,Texas Tech Red Raiders,2025,B.Morton,morton b,12,true,300,85.9382,espn-pbp/ep-20260920-230959
2641,Texas Tech Red Raiders,2025,W.Hammond,hammond w,2,false,108,-3.0934,espn-pbp/ep-20260920-230959
102626,Texas Wesleyan Rams,2025,Carson Rodgers,rodgers c,1,true,9,-1.9655,espn-pbp/ep-20260920-230959
2643,The Citadel Bulldogs,2025,Cobey Thompkins,thompkins c,6,false,39,0.0845,espn-pbp/ep-20260920-230959
2643,The Citadel Bulldogs,2025,Q.Hayes,hayes q,5,true,91,21.2154,espn-pbp/ep-20260920-230959
2643,The Citadel Bulldogs,2025,Quincy Crittendon,crittendon q,0,false,57,-4.3165,espn-pbp/ep-20260920-230959
2646,Thomas More College Saints,2025,Griffin Scalf,scalf g,2,true,53,-14.8821,espn-pbp/ep-20260920-230959
2649,Toledo Rockets,2025,Tucker Gleason,gleason t,12,true,336,53.9510,espn-pbp/ep-20260920-230959
2649,Toledo Rockets,2025,K.Osborne,osborne k,1,false,57,0.4834,espn-pbp/ep-20260920-230959
119,Towson Tigers,2025,Andrew Indorf,indorf a,11,true,280,29.0199,espn-pbp/ep-20260920-230959
2653,Troy Trojans,2025,G.Crowder,crowder g,8,true,193,10.2153,espn-pbp/ep-20260920-230959
2653,Troy Trojans,2025,Tucker Kilcrease,kilcrease t,6,false,154,17.2266,espn-pbp/ep-20260920-230959
2654,Truman State Bulldogs,2025,Dylan Hair,hair d,1,true,32,-1.7654,espn-pbp/ep-20260920-230959
2655,Tulane Green Wave,2025,J.Retzlaff,retzlaff j,14,true,405,99.3746,espn-pbp/ep-20260920-230959
202,Tulsa Golden Hurricane,2025,B.Hayes,hayes b,9,false,341,31.0085,espn-pbp/ep-20260920-230959
202,Tulsa Golden Hurricane,2025,Kirk Francis,francis k,3,true,93,-2.8400,espn-pbp/ep-20260920-230959
2657,Tuskegee Golden Tigers,2025,M.Franklin,franklin m,1,false,31,-6.5986,espn-pbp/ep-20260920-230959
2657,Tuskegee Golden Tigers,2025,Raequan Beal,beal r,1,true,19,-2.9671,espn-pbp/ep-20260920-230959
5,UAB Blazers,2025,Jalen Kitna,kitna j,10,true,340,69.5404,espn-pbp/ep-20260920-230959
5,UAB Blazers,2025,R.Burton,burton r,2,false,71,26.4143,espn-pbp/ep-20260920-230959
399,UAlbany Great Danes,2025,Jack Shields,shields j,9,true,292,-6.7378,espn-pbp/ep-20260920-230959
399,UAlbany Great Danes,2025,Colin Parachek,parachek c,2,false,29,-12.9790,espn-pbp/ep-20260920-230959
302,UC Davis Aggies,2025,C.Pinnick,pinnick c,12,true,326,109.9195,espn-pbp/ep-20260920-230959
302,UC Davis Aggies,2025,G.Harper,harper g,1,false,42,-4.6303,espn-pbp/ep-20260920-230959
2116,UCF Knights,2025,T.Jackson,jackson t,10,false,297,15.9887,espn-pbp/ep-20260920-230959
2116,UCF Knights,2025,Cam Fancher,fancher c,2,true,76,-7.5022,espn-pbp/ep-20260920-230959
26,UCLA Bruins,2025,Nico Iamaleava,iamaleava n,11,true,310,-21.3990,espn-pbp/ep-20260920-230959
26,UCLA Bruins,2025,L.Duncan,duncan l,1,false,33,0.6279,espn-pbp/ep-20260920-230959
41,UConn Huskies,2025,Joe Fagnano,fagnano j,12,true,349,110.7122,espn-pbp/ep-20260920-230959
41,UConn Huskies,2025,K.Farrar,farrar k,1,false,19,-6.9957,espn-pbp/ep-20260920-230959
2433,UL Monroe Warhawks,2025,Aidan Armenta,armenta a,11,true,227,-28.3811,espn-pbp/ep-20260920-230959
2433,UL Monroe Warhawks,2025,L.Graves,graves l,1,false,38,7.1141,espn-pbp/ep-20260920-230959
2439,UNLV Rebels,2025,A.Colandrea,colandrea a,14,true,366,90.4030,espn-pbp/ep-20260920-230959
30,USC Trojans,2025,Jayden Maiava,maiava j,13,true,379,148.7554,espn-pbp/ep-20260920-230959
2630,UT Martin Skyhawks,2025,Jase Bauer,bauer j,12,true,293,28.8484,espn-pbp/ep-20260920-230959
292,UT Rio Grande Valley Vaqueros,2025,Eddie Lee Marburger,marburger e,11,false,293,64.5486,espn-pbp/ep-20260920-230959
292,UT Rio Grande Valley Vaqueros,2025,Andrew Martinez,martinez a,1,true,,,espn-pbp/ep-20260920-230959
2638,UTEP Miners,2025,S.Locklear,locklear s,7,false,202,-23.4088,espn-pbp/ep-20260920-230959
2638,UTEP Miners,2025,Malachi Nelson,nelson m,5,true,187,-25.8713,espn-pbp/ep-20260920-230959
2636,UTSA Roadrunners,2025,Owen McCown,mccown o,13,true,394,82.9468,espn-pbp/ep-20260920-230959
389,Upper Iowa Peacocks,2025,Darryl Overstreet Jr.,overstreet d,1,true,27,-0.0101,espn-pbp/ep-20260920-230959
328,Utah State Aggies,2025,Bryson Barnes,barnes b,13,true,339,44.0165,espn-pbp/ep-20260920-230959
3101,Utah Tech Trailblazers,2025,B.Barben,barben b,8,true,255,-25.3653,espn-pbp/ep-20260920-230959
3101,Utah Tech Trailblazers,2025,Reggie Graff,graff r,3,false,84,-15.2884,espn-pbp/ep-20260920-230959
3101,Utah Tech Trailblazers,2025,S.Earle,earle s,1,false,,,espn-pbp/ep-20260920-230959
254,Utah Utes,2025,Devon Dampier,dampier d,12,true,351,95.3755,espn-pbp/ep-20260920-230959
254,Utah Utes,2025,B.Ficklin,ficklin b,1,false,37,14.5711,espn-pbp/ep-20260920-230959
2678,VMI Keydets,2025,Collin Shannon,shannon c,9,true,280,20.5375,espn-pbp/ep-20260920-230959
2678,VMI Keydets,2025,C.Wilson,wilson c,2,false,56,-26.8599,espn-pbp/ep-20260920-230959
2678,VMI Keydets,2025,N.Utsey,utsey n,1,false,47,-13.2767,espn-pbp/ep-20260920-230959
2674,Valparaiso Beacons,2025,R.Keefe,keefe r,9,false,203,-8.4685,espn-pbp/ep-20260920-230959
2674,Valparaiso Beacons,2025,Caron Tyler,tyler c,3,true,69,4.5337,espn-pbp/ep-20260920-230959
238,Vanderbilt Commodores,2025,Diego Pavia,pavia d,13,true,364,133.8651,espn-pbp/ep-20260920-230959
222,Villanova Wildcats,2025,P.McQuaide,mcquaide p,15,true,357,66.4055,espn-pbp/ep-20260920-230959
258,Virginia Cavaliers,2025,C.Morris,morris c,14,true,401,54.5122,espn-pbp/ep-20260920-230959
258,Virginia Cavaliers,2025,Daniel Kaelin,kaelin d,0,false,52,1.5400,espn-pbp/ep-20260920-230959
2355,Virginia Lynchburg Dragons,2025,Max Zavala,zavala m,2,true,49,-10.5813,espn-pbp/ep-20260920-230959
2355,Virginia Lynchburg Dragons,2025,J.Ruise,ruise j,1,false,40,-6.5686,espn-pbp/ep-20260920-230959
330,Virginia State Trojans,2025,Rahsaan Matthews Jr.,matthews r,1,true,,,espn-pbp/ep-20260920-230959
259,Virginia Tech Hokies,2025,Kyron Drones,drones k,12,true,325,-1.6316,espn-pbp/ep-20260920-230959
2681,Wagner Seahawks,2025,Jack Stevens,stevens j,7,true,119,-34.5493,espn-pbp/ep-20260920-230959
2681,Wagner Seahawks,2025,Jordan Barton,barton j,3,false,55,-8.7091,espn-pbp/ep-20260920-230959
2681,Wagner Seahawks,2025,D.Mazil,mazil d,2,false,43,-22.6317,espn-pbp/ep-20260920-230959
154,Wake Forest Demon Deacons,2025,R.Ashford,ashford r,12,true,335,-4.6841,espn-pbp/ep-20260920-230959
154,Wake Forest Demon Deacons,2025,"Purdie,Deshawn",purdie d,1,false,88,2.8292,espn-pbp/ep-20260920-230959
2683,Warner Royals,2025,Jeremiah Johnson,johnson j,1,true,,,espn-pbp/ep-20260920-230959
264,Washington Huskies,2025,Demond Williams Jr.,williams d,13,true,358,102.0705,espn-pbp/ep-20260920-230959
265,Washington State Cougars,2025,Z.Eckhaus,eckhaus z,10,false,328,42.9400,espn-pbp/ep-20260920-230959
265,Washington State Cougars,2025,Jaxon Potter,potter j,3,true,102,7.3371,espn-pbp/ep-20260920-230959
2691,Webber International Warriors,2025,Trent Grotjan,grotjan t,1,true,22,4.0259,espn-pbp/ep-20260920-230959
2692,Weber State Wildcats,2025,D.Jennings,jennings d,5,false,157,-1.3240,espn-pbp/ep-20260920-230959
2692,Weber State Wildcats,2025,Jackson Gilkey,gilkey j,5,true,67,-6.0828,espn-pbp/ep-20260920-230959
2692,Weber State Wildcats,2025,K.Tisdell,tisdell k,2,false,73,-19.5137,espn-pbp/ep-20260920-230959
2698,West Georgia Wolves,2025,Davin Wydner,wydner d,10,true,275,21.0941,espn-pbp/ep-20260920-230959
2698,West Georgia Wolves,2025,Colton Fitzgerald,fitzgerald c,1,false,24,-10.2723,espn-pbp/ep-20260920-230959
2699,West Liberty Hilltoppers,2025,Kohl Meisman,meisman k,1,true,35,6.4360,espn-pbp/ep-20260920-230959
277,West Virginia Mountaineers,2025,S.Fox Jr.,fox s,6,false,172,0.8885,espn-pbp/ep-20260920-230959
277,West Virginia Mountaineers,2025,Nicco Marchiol,marchiol n,4,true,75,-9.9368,espn-pbp/ep-20260920-230959
277,West Virginia Mountaineers,2025,Khalil Wilkins,wilkins k,1,false,41,-2.5328,espn-pbp/ep-20260920-230959
277,West Virginia Mountaineers,2025,Jaylen Henderson,henderson j,1,false,17,-10.2889,espn-pbp/ep-20260920-230959
2717,Western Carolina Catamounts,2025,T.Dickens,dickens t,8,false,317,122.4185,espn-pbp/ep-20260920-230959
2717,Western Carolina Catamounts,2025,Bennett Judy,judy b,3,true,57,-4.4092,espn-pbp/ep-20260920-230959
2843,Western Connecticut State Wolves,2025,Dylan Jackson,jackson d,1,true,15,-8.5989,espn-pbp/ep-20260920-230959
2710,Western Illinois Leathernecks,2025,C.Carswell,carswell c,7,false,260,1.7874,espn-pbp/ep-20260920-230959
2710,Western Illinois Leathernecks,2025,Chris Irvin,irvin c,5,true,119,2.0346,espn-pbp/ep-20260920-230959
98,Western Kentucky Hilltoppers,2025,Maverick McIvor,mcivor m,7,true,290,36.4892,espn-pbp/ep-20260920-230959
98,Western Kentucky Hilltoppers,2025,R.Tisdale Jr.,tisdale r,6,false,218,16.5989,espn-pbp/ep-20260920-230959
2711,Western Michigan Broncos,2025,B.Lowry,lowry b,11,false,280,15.0537,espn-pbp/ep-20260920-230959
2711,Western Michigan Broncos,2025,Brady Jones,jones b,3,true,41,-17.8486,espn-pbp/ep-20260920-230959
2848,Western Oregon Wolves,2025,Jordan McCarty,mccarty j,1,true,44,-12.9999,espn-pbp/ep-20260920-230959
2729,William & Mary Tribe,2025,Tyler Hughes,hughes t,12,true,337,78.3155,espn-pbp/ep-20260920-230959
275,Wisconsin Badgers,2025,Hunter Simmons,simmons h,4,false,124,-34.3660,espn-pbp/ep-20260920-230959
275,Wisconsin Badgers,2025,C.Smith,smith c,4,false,47,-3.6736,espn-pbp/ep-20260920-230959
275,Wisconsin Badgers,2025,Danny O'Neil,o'neil d,2,false,94,14.2857,espn-pbp/ep-20260920-230959
275,Wisconsin Badgers,2025,Billy Edwards Jr.,edwards b,2,true,17,0.1926,espn-pbp/ep-20260920-230959
2747,Wofford Terriers,2025,J.Fayard,fayard j,5,false,158,-1.4937,espn-pbp/ep-20260920-230959
2747,Wofford Terriers,2025,J.T. Fayard,t. fayard j,2,false,59,4.7818,espn-pbp/ep-20260920-230959
2747,Wofford Terriers,2025,Jayden Whitaker,whitaker j,2,true,53,-14.3634,espn-pbp/ep-20260920-230959
2747,Wofford Terriers,2025,Ethan Drumm,drumm e,2,false,23,-6.9662,espn-pbp/ep-20260920-230959
2751,Wyoming Cowboys,2025,Kaden Anderson,anderson k,12,true,356,-10.2382,espn-pbp/ep-20260920-230959
43,Yale Bulldogs,2025,D.Reno,reno d,12,true,305,70.5582,espn-pbp/ep-20260920-230959
2754,Youngstown State Penguins,2025,Beau Brungard,brungard b,13,true,423,133.4420,espn-pbp/ep-20260920-230959
2000,Abilene Christian Wildcats,2026,J.Black,black j,2,false,96,0.6395,espn-pbp/ep-20260920-230959
2000,Abilene Christian Wildcats,2026,T.Parks,parks t,2,true,28,0.9611,espn-pbp/ep-20260920-230959
2005,Air Force Falcons,2026,L.Szarka,szarka l,2,true,16,3.1020,espn-pbp/ep-20260920-230959
2006,Akron Zips,2026,C.Broughton,broughton c,3,true,64,-8.0423,espn-pbp/ep-20260920-230959
2010,Alabama A&M Bulldogs,2026,C.Brown,brown c,4,true,144,34.6734,espn-pbp/ep-20260920-230959
333,Alabama Crimson Tide,2026,K.Russell,russell k,3,true,89,30.6830,espn-pbp/ep-20260920-230959
2011,Alabama State Hornets,2026,A.Body,body a,2,false,43,-8.0990,espn-pbp/ep-20260920-230959
2011,Alabama State Hornets,2026,C.Johnson,johnson c,1,true,,,espn-pbp/ep-20260920-230959
2013,Albany State Golden Rams,2026,J.Davis,davis j,1,true,12,7.1985,espn-pbp/ep-20260920-230959
2016,Alcorn State Braves,2026,J.Tolbert,tolbert j,4,true,146,42.4871,espn-pbp/ep-20260920-230959
129469,Anderson (SC) Trojans,2026,W.Edwards,edwards w,1,true,32,-4.0354,espn-pbp/ep-20260920-230959
2026,App State Mountaineers,2026,M.Singleton,singleton m,3,true,97,54.7071,espn-pbp/ep-20260920-230959
9,Arizona State Sun Devils,2026,C.Boley,boley c,3,true,86,18.1737,espn-pbp/ep-20260920-230959
12,Arizona Wildcats,2026,N.Fifita,fifita n,3,true,92,27.5309,espn-pbp/ep-20260920-230959
124386,Arkansas Baptist Buffaloes,2026,C.Coney,coney c,1,true,16,-4.7654,espn-pbp/ep-20260920-230959
8,Arkansas Razorbacks,2026,K.Jackson,jackson k,3,true,105,20.6185,espn-pbp/ep-20260920-230959
2032,Arkansas State Red Wolves,2026,T.Owens,owens t,3,true,75,3.6914,espn-pbp/ep-20260920-230959
2029,Arkansas-Pine Bluff Golden Lions,2026,G.Davis,davis g,4,true,65,-2.0395,espn-pbp/ep-20260920-230959
349,Army Black Knights,2026,C.Hellums,hellums c,2,true,20,5.0988,espn-pbp/ep-20260920-230959
2,Auburn Tigers,2026,B.Brown,brown b,3,true,102,20.1260,espn-pbp/ep-20260920-230959
2046,Austin Peay Governors,2026,C.Parson,parson c,4,true,71,10.2748,espn-pbp/ep-20260920-230959
252,BYU Cougars,2026,B.Bachmeier,bachmeier b,3,true,62,26.0818,espn-pbp/ep-20260920-230959
2050,Ball State Cardinals,2026,K.Luster,luster k,3,true,89,-6.3678,espn-pbp/ep-20260920-230959
239,Baylor Bears,2026,N.Bennett,bennett n,2,false,63,22.5605,espn-pbp/ep-20260920-230959
239,Baylor Bears,2026,D.Lagway,lagway d,1,true,56,9.0682,espn-pbp/ep-20260920-230959
2065,Bethune-Cookman Wildcats,2026,T.Jefferson,jefferson t,3,true,38,4.3888,espn-pbp/ep-20260920-230959
68,Boise State Broncos,2026,M.Madsen,madsen m,3,true,90,9.9323,espn-pbp/ep-20260920-230959
103,Boston College Eagles,2026,M.McKenzie,mckenzie m,3,true,87,-2.6398,espn-pbp/ep-20260920-230959
2075,Bowie State Bulldogs,2026,J.Solomon,solomon j,1,true,18,1.7509,espn-pbp/ep-20260920-230959
2075,Bowie State Bulldogs,2026,K.Hawkins,hawkins k,1,false,13,-0.8103,espn-pbp/ep-20260920-230959
189,Bowling Green Falcons,2026,J.Kastantin,kastantin j,3,true,68,0.5981,espn-pbp/ep-20260920-230959
225,Brown Bears,2026,J.Murphy,murphy j,1,true,40,4.0973,espn-pbp/ep-20260920-230959
2803,Bryant Bulldogs,2026,B.Myer,myer b,4,true,86,-2.1842,espn-pbp/ep-20260920-230959
2083,Bucknell Bison,2026,C.Dietrich,dietrich c,4,true,110,8.6400,espn-pbp/ep-20260920-230959
2084,Buffalo Bulls,2026,E.Holmes,holmes e,2,true,64,-5.7482,espn-pbp/ep-20260920-230959
2084,Buffalo Bulls,2026,J.Wright,wright j,1,false,56,-12.6645,espn-pbp/ep-20260920-230959
2086,Butler Bulldogs,2026,G.Passini,passini g,3,true,62,3.9126,espn-pbp/ep-20260920-230959
13,Cal Poly Mustangs,2026,A.Grigsby Jr.,grigsby a,4,true,128,40.8109,espn-pbp/ep-20260920-230959
25,California Golden Bears,2026,J.Sagapolutele,sagapolutele j,3,true,116,19.6087,espn-pbp/ep-20260920-230959
2097,Campbell Fighting Camels,2026,K.Sixkiller,sixkiller k,3,true,149,17.3898,espn-pbp/ep-20260920-230959
2097,Campbell Fighting Camels,2026,A.Philo,philo a,1,false,,,espn-pbp/ep-20260920-230959
2110,Central Arkansas Bears,2026,D.Omolo,omolo d,4,true,96,-17.5999,espn-pbp/ep-20260920-230959
2115,Central Connecticut Blue Devils,2026,B.Griffis,griffis b,3,true,60,-11.1578,espn-pbp/ep-20260920-230959
2117,Central Michigan Chippewas,2026,A.Flores,flores a,2,false,26,-6.1890,espn-pbp/ep-20260920-230959
2117,Central Michigan Chippewas,2026,J.Glasser,glasser j,1,true,15,-7.8457,espn-pbp/ep-20260920-230959
2122,Central Oklahoma Bronchos,2026,J.Huff,huff j,1,true,28,-2.1887,espn-pbp/ep-20260920-230959
2119,Central State (OH) Marauders,2026,J.Wasik,wasik j,2,true,69,23.6339,espn-pbp/ep-20260920-230959
2120,Central Washington Wildcats,2026,J.Brennan,brennan j,1,true,36,3.1228,espn-pbp/ep-20260920-230959
2127,Charleston Southern Buccaneers,2026,L.Powell,powell l,4,true,73,-3.6623,espn-pbp/ep-20260920-230959
2429,Charlotte 49ers,2026,C.Gonzales,gonzales c,3,true,100,0.7524,espn-pbp/ep-20260920-230959
236,Chattanooga Mocs,2026,B.Alberson,alberson b,4,true,74,-13.9008,espn-pbp/ep-20260920-230959
2130,Chicago State Cougars,2026,A.Pannell,pannell a,4,true,87,20.8348,espn-pbp/ep-20260920-230959
2132,Cincinnati Bearcats,2026,J.French IV,french j,3,true,85,28.7176,espn-pbp/ep-20260920-230959
2805,Clark Atlanta Panthers,2026,X.Jackson,jackson x,1,true,21,-13.0479,espn-pbp/ep-20260920-230959
228,Clemson Tigers,2026,C.Vizzina,vizzina c,2,true,24,-8.0915,espn-pbp/ep-20260920-230959
228,Clemson Tigers,2026,T.Reynolds,reynolds t,1,false,67,-6.0598,espn-pbp/ep-20260920-230959
324,Coastal Carolina Chanticleers,2026,D.Bailey,bailey d,3,true,94,19.1230,espn-pbp/ep-20260920-230959
2142,Colgate Raiders,2026,J.Stearney,stearney j,4,true,97,-7.9744,espn-pbp/ep-20260920-230959
38,Colorado Buffaloes,2026,J.Lewis,lewis j,3,true,85,12.8707,espn-pbp/ep-20260920-230959
36,Colorado State Rams,2026,H.Hejny,hejny h,3,true,76,22.0596,espn-pbp/ep-20260920-230959
171,Columbia Lions,2026,C.Goodwin,goodwin c,1,true,42,9.7167,espn-pbp/ep-20260920-230959
2148,Concord Mountain Lions,2026,D.Kargman,kargman d,1,true,35,0.3550,espn-pbp/ep-20260920-230959
172,Cornell Big Red,2026,G.Bass-Sulpizio,bass-sulpizio g,1,true,42,-25.9279,espn-pbp/ep-20260920-230959
159,Dartmouth Big Green,2026,G.Saunier,saunier g,1,true,32,7.5055,espn-pbp/ep-20260920-230959
2166,Davidson Wildcats,2026,C.Bullock,bullock c,4,true,131,-8.6450,espn-pbp/ep-20260920-230959
2168,Dayton Flyers,2026,B.Schondelmyer,schondelmyer b,3,true,88,14.4936,espn-pbp/ep-20260920-230959
48,Delaware Blue Hens,2026,N.Minicucci,minicucci n,3,true,98,14.2062,espn-pbp/ep-20260920-230959
2169,Delaware State Hornets,2026,U.Ale,ale u,3,true,107,2.6035,espn-pbp/ep-20260920-230959
2169,Delaware State Hornets,2026,N.Brannock,brannock n,1,false,26,-4.0446,espn-pbp/ep-20260920-230959
2170,Delta State Statesmen,2026,J.Gilmore,gilmore j,1,true,14,-8.5373,espn-pbp/ep-20260920-230959
2175,Dickinson (PA) Red Devils,2026,B.Klassen,klassen b,1,true,35,-16.4765,espn-pbp/ep-20260920-230959
2181,Drake Bulldogs,2026,R.Warzynski,warzynski r,3,true,167,-29.6670,espn-pbp/ep-20260920-230959
150,Duke Blue Devils,2026,W.Eget,eget w,3,true,75,21.1223,espn-pbp/ep-20260920-230959
2184,Duquesne Dukes,2026,C.Camp,camp c,3,true,59,-25.8443,espn-pbp/ep-20260920-230959
151,East Carolina Pirates,2026,M.Griffis,griffis m,3,true,70,-5.0305,espn-pbp/ep-20260920-230959
2193,East Tennessee State Buccaneers,2026,M.Mims,mims m,4,true,118,17.1739,espn-pbp/ep-20260920-230959
2837,East Texas A&M Lions,2026,J.Jacobs,jacobs j,2,false,45,-4.9067,espn-pbp/ep-20260920-230959
2837,East Texas A&M Lions,2026,E.Rodriguez,rodriguez e,2,true,,,espn-pbp/ep-20260920-230959
2197,Eastern Illinois Panthers,2026,C.LaCrue,lacrue c,4,true,94,8.4015,espn-pbp/ep-20260920-230959
2198,Eastern Kentucky Colonels,2026,T.Travers,travers t,3,true,44,1.9253,espn-pbp/ep-20260920-230959
2198,Eastern Kentucky Colonels,2026,J.Potts,potts j,1,false,37,15.8918,espn-pbp/ep-20260920-230959
2199,Eastern Michigan Eagles,2026,N.Kim,kim n,4,true,143,-12.9711,espn-pbp/ep-20260920-230959
331,Eastern Washington Eagles,2026,N.Bell,bell n,4,true,149,21.4507,espn-pbp/ep-20260920-230959
2206,Edward Waters Tigers,2026,T.Faulk,faulk t,1,true,26,-5.6020,espn-pbp/ep-20260920-230959
2207,Elizabeth City State Vikings,2026,J.Manley,manley j,1,true,26,-7.8763,espn-pbp/ep-20260920-230959
2210,Elon Phoenix,2026,B.Stober,stober b,2,true,38,8.4394,espn-pbp/ep-20260920-230959
2210,Elon Phoenix,2026,T.Crews IV,crews t,1,false,38,1.6583,espn-pbp/ep-20260920-230959
2210,Elon Phoenix,2026,E.Guttman,guttman e,1,false,21,9.5088,espn-pbp/ep-20260920-230959
2986,Fairmont State Falcons,2026,N.Marzullo,marzullo n,1,true,23,-15.6643,espn-pbp/ep-20260920-230959
50,Florida A&M Rattlers,2026,I.Knowles,knowles i,2,true,47,0.3250,espn-pbp/ep-20260920-230959
50,Florida A&M Rattlers,2026,D.Fletcher,fletcher d,2,false,37,-19.7108,espn-pbp/ep-20260920-230959
2226,Florida Atlantic Owls,2026,C.Veltkamp,veltkamp c,3,true,127,20.4205,espn-pbp/ep-20260920-230959
57,Florida Gators,2026,A.Philo,philo a,2,true,70,44.5361,espn-pbp/ep-20260920-230959
57,Florida Gators,2026,K.Sixkiller,sixkiller k,1,false,,,espn-pbp/ep-20260920-230959
2229,Florida International Panthers,2026,J.Kohl,kohl j,3,true,135,5.8862,espn-pbp/ep-20260920-230959
52,Florida State Seminoles,2026,A.Daniels,daniels a,3,true,83,18.9083,espn-pbp/ep-20260920-230959
2230,Fordham Rams,2026,G.Smith,smith g,4,true,90,-4.8569,espn-pbp/ep-20260920-230959
2233,Franklin Grizzlies,2026,M.Kmiecik,kmiecik m,1,true,25,-15.3969,espn-pbp/ep-20260920-230959
112334,Franklin Pierce Ravens,2026,S.Brown,brown s,1,true,12,-2.1544,espn-pbp/ep-20260920-230959
278,Fresno State Bulldogs,2026,J.Mandal,mandal j,3,true,74,12.9014,espn-pbp/ep-20260920-230959
231,Furman Paladins,2026,J.Garcia,garcia j,4,true,98,-27.6602,espn-pbp/ep-20260920-230959
2241,Gardner-Webb Runnin' Bulldogs,2026,C.Pennington,pennington c,4,true,189,8.0705,espn-pbp/ep-20260920-230959
46,Georgetown Hoyas,2026,J.Johnson,johnson j,1,false,34,7.8876,espn-pbp/ep-20260920-230959
46,Georgetown Hoyas,2026,J.Holtschlag,holtschlag j,1,true,15,-6.4635,espn-pbp/ep-20260920-230959
61,Georgia Bulldogs,2026,G.Stockton,stockton g,3,true,48,42.4301,espn-pbp/ep-20260920-230959
290,Georgia Southern Eagles,2026,M.Johnson,johnson m,3,true,126,2.2041,espn-pbp/ep-20260920-230959
2247,Georgia State Panthers,2026,C.Brown,brown c,3,true,93,32.2970,espn-pbp/ep-20260920-230959
59,Georgia Tech Yellow Jackets,2026,A.Mendoza,mendoza a,3,true,88,28.9226,espn-pbp/ep-20260920-230959
2249,Glenville State Pioneers,2026,J.Sherrod,sherrod j,1,false,55,-1.9610,espn-pbp/ep-20260920-230959
2249,Glenville State Pioneers,2026,M.Bowers,bowers m,1,true,46,-11.0909,espn-pbp/ep-20260920-230959
2755,Grambling Tigers,2026,R.Johnson,johnson r,2,false,59,14.8563,espn-pbp/ep-20260920-230959
2755,Grambling Tigers,2026,J.Robinson,robinson j,1,true,16,-5.3649,espn-pbp/ep-20260920-230959
2261,Hampton Pirates,2026,J.Woods,woods j,3,true,46,-4.0996,espn-pbp/ep-20260920-230959
2261,Hampton Pirates,2026,T.Taylor,taylor t,1,false,64,-13.9721,espn-pbp/ep-20260920-230959
108,Harvard Crimson,2026,C.Smith,smith c,1,true,23,-5.1610,espn-pbp/ep-20260920-230959
62,Hawai'i Rainbow Warriors,2026,M.Alejado,alejado m,3,true,141,13.4181,espn-pbp/ep-20260920-230959
107,Holy Cross Crusaders,2026,D.Lynch,lynch d,4,true,141,-14.0747,espn-pbp/ep-20260920-230959
2277,Houston Christian Huskies,2026,C.Stewart,stewart c,4,true,68,-7.1144,espn-pbp/ep-20260920-230959
248,Houston Cougars,2026,C.Weigman,weigman c,3,true,84,36.5970,espn-pbp/ep-20260920-230959
47,Howard Bison,2026,J.Scroggins,scroggins j,3,true,80,0.3371,espn-pbp/ep-20260920-230959
304,Idaho State Bengals,2026,J.Cooke,cooke j,3,true,89,15.5264,espn-pbp/ep-20260920-230959
70,Idaho Vandals,2026,J.Wood,wood j,4,true,133,12.6992,espn-pbp/ep-20260920-230959
356,Illinois Fighting Illini,2026,K.Houser,houser k,3,true,88,38.8841,espn-pbp/ep-20260920-230959
2287,Illinois State Redbirds,2026,G.Roy,roy g,2,false,58,30.5328,espn-pbp/ep-20260920-230959
2287,Illinois State Redbirds,2026,B.Pellant,pellant b,1,true,35,2.0087,espn-pbp/ep-20260920-230959
2916,Incarnate Word Cardinals,2026,E.Brown,brown e,2,true,100,8.4060,espn-pbp/ep-20260920-230959
84,Indiana Hoosiers,2026,J.Hoover,hoover j,3,true,50,37.6005,espn-pbp/ep-20260920-230959
282,Indiana State Sycamores,2026,E.Owens,owens e,4,true,109,12.3890,espn-pbp/ep-20260920-230959
2294,Iowa Hawkeyes,2026,H.Brown,brown h,3,true,65,16.8836,espn-pbp/ep-20260920-230959
66,Iowa State Cyclones,2026,J.Raynor,raynor j,3,true,55,9.3188,espn-pbp/ep-20260920-230959
2296,Jackson State Tigers,2026,J.Lockhart,lockhart j,3,true,83,51.4477,espn-pbp/ep-20260920-230959
55,Jacksonville State Gamecocks,2026,C.Creel,creel c,4,true,103,16.2927,espn-pbp/ep-20260920-230959
256,James Madison Dukes,2026,C.Coleman,coleman c,2,false,55,19.7104,espn-pbp/ep-20260920-230959
256,James Madison Dukes,2026,J.Evans,evans j,1,true,10,5.0090,espn-pbp/ep-20260920-230959
2305,Kansas Jayhawks,2026,I.Marshall,marshall i,3,true,86,9.9856,espn-pbp/ep-20260920-230959
2306,Kansas State Wildcats,2026,A.Johnson,johnson a,3,true,82,36.1614,espn-pbp/ep-20260920-230959
338,Kennesaw State Owls,2026,R.Collins,collins r,3,true,96,10.0975,espn-pbp/ep-20260920-230959
2309,Kent State Golden Flashes,2026,D.DeShields,deshields d,2,true,64,-11.7603,espn-pbp/ep-20260920-230959
2309,Kent State Golden Flashes,2026,J.Sayin,sayin j,1,false,,,espn-pbp/ep-20260920-230959
3077,Kentucky Christian Knights,2026,X.Phillips,phillips x,2,true,64,-13.9216,espn-pbp/ep-20260920-230959
2310,Kentucky State Thorobreds,2026,J.Gainous,gainous j,1,true,31,-10.4231,espn-pbp/ep-20260920-230959
96,Kentucky Wildcats,2026,K.Minchey,minchey k,3,true,77,32.8699,espn-pbp/ep-20260920-230959
99,LSU Tigers,2026,S.Leavitt,leavitt s,3,true,96,19.3727,espn-pbp/ep-20260920-230959
322,Lafayette Leopards,2026,D.Lipovski,lipovski d,3,true,100,-10.7145,espn-pbp/ep-20260920-230959
2320,Lamar Cardinals,2026,A.McCown,mccown a,3,true,82,-3.7441,espn-pbp/ep-20260920-230959
2323,Lane Dragons,2026,C.Overton,overton c,1,true,15,1.6660,espn-pbp/ep-20260920-230959
2329,Lehigh Mountain Hawks,2026,H.Johnson,johnson h,3,true,43,30.0433,espn-pbp/ep-20260920-230959
2329,Lehigh Mountain Hawks,2026,D.Morgan,morgan d,1,false,20,9.8506,espn-pbp/ep-20260920-230959
2335,Liberty Flames,2026,D.Purdie,purdie d,3,true,70,10.6882,espn-pbp/ep-20260920-230959
2339,Lincoln (PA) Lions,2026,J.Triplett,triplett j,1,true,30,-5.7008,espn-pbp/ep-20260920-230959
2815,Lindenwood Lions,2026,P.Battle,battle p,3,true,73,7.2278,espn-pbp/ep-20260920-230959
2341,Long Island University Sharks,2026,L.Stanzani,stanzani l,2,false,61,11.3162,espn-pbp/ep-20260920-230959
2341,Long Island University Sharks,2026,E.Greenwood,greenwood e,2,true,31,-16.9447,espn-pbp/ep-20260920-230959
2347,Louisiana Christian University Wildcats,2026,B.Perkins,perkins b,2,true,48,2.2612,espn-pbp/ep-20260920-230959
309,Louisiana Ragin' Cajuns,2026,L.Winfield,winfield l,3,true,67,9.0429,espn-pbp/ep-20260920-230959
2348,Louisiana Tech Bulldogs,2026,B.Baker,baker b,2,true,36,-2.5673,espn-pbp/ep-20260920-230959
2348,Louisiana Tech Bulldogs,2026,T.Kukuk,kukuk t,1,false,50,-5.3444,espn-pbp/ep-20260920-230959
97,Louisville Cardinals,2026,L.Kienholz,kienholz l,3,true,78,29.1296,espn-pbp/ep-20260920-230959
311,Maine Black Bears,2026,E.Buehler,buehler e,4,true,119,-9.7911,espn-pbp/ep-20260920-230959
2368,Marist Red Foxes,2026,S.Mannino,mannino s,3,true,81,8.4400,espn-pbp/ep-20260920-230959
276,Marshall Thundering Herd,2026,C.Del Rio-Wilson,del rio-wilson c,3,true,63,2.5919,espn-pbp/ep-20260920-230959
120,Maryland Terrapins,2026,M.Washington,washington m,3,true,122,37.4825,espn-pbp/ep-20260920-230959
113,Massachusetts Minutemen,2026,W.Watson III,watson w,3,true,61,15.7591,espn-pbp/ep-20260920-230959
2377,McNeese Cowboys,2026,D.Lippold,lippold d,3,false,92,-12.3422,espn-pbp/ep-20260920-230959
2377,McNeese Cowboys,2026,J.Strong,strong j,1,true,18,-5.8707,espn-pbp/ep-20260920-230959
235,Memphis Tigers,2026,M.Stokes,stokes m,4,true,105,44.2725,espn-pbp/ep-20260920-230959
2382,Mercer Bears,2026,J.King,king j,4,true,52,4.6468,espn-pbp/ep-20260920-230959
2385,Mercyhurst Lakers,2026,A.Gevaudan,gevaudan a,3,true,80,11.3156,espn-pbp/ep-20260920-230959
2385,Mercyhurst Lakers,2026,T.Tusai,tusai t,1,false,17,-9.2433,espn-pbp/ep-20260920-230959
2771,Merrimack Warriors,2026,A.Hairston,hairston a,4,true,94,-8.4473,espn-pbp/ep-20260920-230959
193,Miami (OH) RedHawks,2026,D.McComb,mccomb d,3,true,78,25.9447,espn-pbp/ep-20260920-230959
2390,Miami Hurricanes,2026,D.Mensah,mensah d,3,true,74,43.3638,espn-pbp/ep-20260920-230959
127,Michigan State Spartans,2026,A.Milivojevic,milivojevic a,3,true,69,14.7344,espn-pbp/ep-20260920-230959
130,Michigan Wolverines,2026,B.Underwood,underwood b,3,true,70,18.5530,espn-pbp/ep-20260920-230959
2393,Middle Tennessee Blue Raiders,2026,R.Gagliano,gagliano r,3,true,75,7.2641,espn-pbp/ep-20260920-230959
2396,Miles College Golden Bears,2026,B.Vandiver,vandiver b,2,true,66,-5.4507,espn-pbp/ep-20260920-230959
135,Minnesota Golden Gophers,2026,D.Lindsey,lindsey d,3,true,108,12.0808,espn-pbp/ep-20260920-230959
344,Mississippi State Bulldogs,2026,K.Taylor,taylor k,3,true,90,45.9810,espn-pbp/ep-20260920-230959
2400,Mississippi Valley State Delta Devils,2026,J.Brown,brown j,4,true,84,-39.2754,espn-pbp/ep-20260920-230959
2623,Missouri State Bears,2026,S.Locklear,locklear s,3,true,71,13.6301,espn-pbp/ep-20260920-230959
142,Missouri Tigers,2026,A.Simmons,simmons a,3,true,68,20.7929,espn-pbp/ep-20260920-230959
2405,Monmouth Hawks,2026,F.Weaver,weaver f,4,true,143,-2.9700,espn-pbp/ep-20260920-230959
149,Montana Grizzlies,2026,K.Ah Yat,ah yat k,4,true,147,6.7333,espn-pbp/ep-20260920-230959
147,Montana State Bobcats,2026,J.Lamson,lamson j,4,true,101,32.2859,espn-pbp/ep-20260920-230959
2413,Morehead State Eagles,2026,D.Parsons,parsons d,4,true,97,-2.9770,espn-pbp/ep-20260920-230959
60,Morehouse College Maroon Tigers,2026,M.Scott,scott m,1,true,36,9.5804,espn-pbp/ep-20260920-230959
2415,Morgan State Bears,2026,C.Edge,edge c,4,true,78,4.6131,espn-pbp/ep-20260920-230959
93,Murray State Racers,2026,C.Shannon,shannon c,3,true,48,-3.7579,espn-pbp/ep-20260920-230959
93,Murray State Racers,2026,J.Ogle,ogle j,1,false,38,-10.5981,espn-pbp/ep-20260920-230959
152,NC State Wolfpack,2026,C.Bailey,bailey c,3,true,84,27.8707,espn-pbp/ep-20260920-230959
2426,Navy Midshipmen,2026,B.Woodson,woodson b,2,true,17,-7.4468,espn-pbp/ep-20260920-230959
158,Nebraska Cornhuskers,2026,A.Colandrea,colandrea a,3,true,79,33.2140,espn-pbp/ep-20260920-230959
2440,Nevada Wolf Pack,2026,C.Jones,jones c,2,true,15,2.1682,espn-pbp/ep-20260920-230959
2440,Nevada Wolf Pack,2026,L.Duncan,duncan l,1,false,18,-9.8531,espn-pbp/ep-20260920-230959
160,New Hampshire Wildcats,2026,B.Bentley,bentley b,4,true,107,2.0604,espn-pbp/ep-20260920-230959
2441,New Haven Chargers,2026,A.Duffy,duffy a,4,true,143,-34.9414,espn-pbp/ep-20260920-230959
167,New Mexico Lobos,2026,T.Fa'avae,fa'avae t,3,true,36,4.9719,espn-pbp/ep-20260920-230959
166,New Mexico State Aggies,2026,T.Hedden,hedden t,3,true,101,18.0069,espn-pbp/ep-20260920-230959
2447,Nicholls Colonels,2026,E.Rodrigue,rodrigue e,4,true,100,-29.9101,espn-pbp/ep-20260920-230959
2450,Norfolk State Spartans,2026,D.Bailey,bailey d,4,true,93,5.1294,espn-pbp/ep-20260920-230959
2453,North Alabama Lions,2026,D.Wade,wade d,4,true,106,2.2036,espn-pbp/ep-20260920-230959
2448,North Carolina A&T Aggies,2026,K.White,white k,3,false,88,-2.8271,espn-pbp/ep-20260920-230959
2448,North Carolina A&T Aggies,2026,B.Thomas,thomas b,1,true,39,6.5609,espn-pbp/ep-20260920-230959
2428,North Carolina Central Eagles,2026,N.Layne,layne n,4,true,84,5.3574,espn-pbp/ep-20260920-230959
153,North Carolina Tar Heels,2026,B.Edwards Jr.,edwards b,3,true,80,12.3715,espn-pbp/ep-20260920-230959
155,North Dakota Fighting Hawks,2026,J.Kaminski,kaminski j,4,true,93,32.2842,espn-pbp/ep-20260920-230959
2449,North Dakota State Bison,2026,N.Hayes,hayes n,4,true,99,43.6906,espn-pbp/ep-20260920-230959
249,North Texas Mean Green,2026,T.Jackson,jackson t,3,true,113,36.3340,espn-pbp/ep-20260920-230959
196,Northeastern State RiverHawks,2026,D.Smith,smith d,1,true,29,3.7816,espn-pbp/ep-20260920-230959
2464,Northern Arizona Lumberjacks,2026,T.Pennington,pennington t,4,true,110,-2.2392,espn-pbp/ep-20260920-230959
2458,Northern Colorado Bears,2026,K.Lueth,lueth k,4,true,105,10.5146,espn-pbp/ep-20260920-230959
2459,Northern Illinois Huskies,2026,T.Dickens,dickens t,2,false,81,4.4002,espn-pbp/ep-20260920-230959
2459,Northern Illinois Huskies,2026,J.Macon,macon j,1,true,12,-10.5434,espn-pbp/ep-20260920-230959
2460,Northern Iowa Panthers,2026,J.Dailey,dailey j,3,true,86,24.0277,espn-pbp/ep-20260920-230959
128,Northern Michigan Wildcats,2026,L.Oczkowski,oczkowski l,1,true,18,3.3306,espn-pbp/ep-20260920-230959
2471,Northwestern (IA) Red Raiders,2026,C.Duncan,duncan c,1,true,27,-8.9015,espn-pbp/ep-20260920-230959
2466,Northwestern State Demons,2026,A.Johnston,johnston a,3,true,59,-9.8537,espn-pbp/ep-20260920-230959
2466,Northwestern State Demons,2026,Z.Wilcke,wilcke z,1,false,81,-7.5853,espn-pbp/ep-20260920-230959
77,Northwestern Wildcats,2026,A.Chiles,chiles a,2,true,47,27.6322,espn-pbp/ep-20260920-230959
87,Notre Dame Fighting Irish,2026,C.Carr,carr c,3,true,78,44.1097,espn-pbp/ep-20260920-230959
195,Ohio Bobcats,2026,N.Poulos,poulos n,2,true,37,-3.7189,espn-pbp/ep-20260920-230959
195,Ohio Bobcats,2026,M.Vezza,vezza m,1,false,31,4.6908,espn-pbp/ep-20260920-230959
2477,Ohio Dominican Panthers,2026,C.Parker,parker c,1,true,44,-4.3529,espn-pbp/ep-20260920-230959
194,Ohio State Buckeyes,2026,J.Sayin,sayin j,2,true,78,36.7931,espn-pbp/ep-20260920-230959
194,Ohio State Buckeyes,2026,D.DeShields,deshields d,1,false,,,espn-pbp/ep-20260920-230959
201,Oklahoma Sooners,2026,J.Mateer,mateer j,3,true,79,15.3685,espn-pbp/ep-20260920-230959
197,Oklahoma State Cowboys,2026,D.Mestemaker,mestemaker d,3,true,122,33.2044,espn-pbp/ep-20260920-230959
295,Old Dominion Monarchs,2026,Q.Henicle,henicle q,3,true,57,11.7828,espn-pbp/ep-20260920-230959
145,Ole Miss Rebels,2026,T.Chambliss,chambliss t,3,true,112,27.8781,espn-pbp/ep-20260920-230959
2483,Oregon Ducks,2026,D.Moore,moore d,3,true,91,21.9106,espn-pbp/ep-20260920-230959
204,Oregon State Beavers,2026,B.Atkinson,atkinson b,3,true,137,32.7645,espn-pbp/ep-20260920-230959
213,Penn State Nittany Lions,2026,R.Becht,becht r,3,true,64,38.0185,espn-pbp/ep-20260920-230959
219,Pennsylvania Quakers,2026,M.Teodecki,teodecki m,1,true,34,-1.9741,espn-pbp/ep-20260920-230959
221,Pittsburgh Panthers,2026,M.Heintschel,heintschel m,3,true,67,31.0839,espn-pbp/ep-20260920-230959
2932,Point University Skyhawks,2026,S.Wylie,wylie s,1,true,26,-11.2318,espn-pbp/ep-20260920-230959
2502,Portland State Vikings,2026,G.Downing,downing g,3,false,119,-16.8503,espn-pbp/ep-20260920-230959
2502,Portland State Vikings,2026,T.Smith,smith t,1,true,37,6.0798,espn-pbp/ep-20260920-230959
2504,Prairie View A&M Panthers,2026,T.Carter,carter t,4,true,113,-9.2369,espn-pbp/ep-20260920-230959
2506,Presbyterian Blue Hose,2026,L.Sharpe,sharpe l,3,true,101,6.1159,espn-pbp/ep-20260920-230959
163,Princeton Tigers,2026,W.Becker,becker w,1,true,31,1.6281,espn-pbp/ep-20260920-230959
2509,Purdue Boilermakers,2026,R.Browne,browne r,3,true,102,53.4523,espn-pbp/ep-20260920-230959
227,Rhode Island Rams,2026,T.Budge,budge t,4,true,122,-2.3720,espn-pbp/ep-20260920-230959
242,Rice Owls,2026,J.Brown,brown j,3,true,37,-0.2760,espn-pbp/ep-20260920-230959
257,Richmond Spiders,2026,A.Snelsire,snelsire a,4,true,135,-6.8502,espn-pbp/ep-20260920-230959
2523,Robert Morris Colonials,2026,C.Haggard,haggard c,3,true,86,0.0195,espn-pbp/ep-20260920-230959
127991,Roosevelt Lakers,2026,T.Chahino,chahino t,1,true,,,espn-pbp/ep-20260920-230959
164,Rutgers Scarlet Knights,2026,D.Lonergan,lonergan d,2,true,68,10.7927,espn-pbp/ep-20260920-230959
164,Rutgers Scarlet Knights,2026,A.Surace,surace a,1,false,37,15.0094,espn-pbp/ep-20260920-230959
2545,SE Louisiana Lions,2026,K.Lowe,lowe k,4,true,97,12.5463,espn-pbp/ep-20260920-230959
2567,SMU Mustangs,2026,K.Jennings,jennings k,3,true,92,48.6503,espn-pbp/ep-20260920-230959
16,Sacramento State Hornets,2026,J.Sharman,sharman j,3,false,107,-1.0112,espn-pbp/ep-20260920-230959
16,Sacramento State Hornets,2026,C.Conklin,conklin c,1,true,50,-18.5693,espn-pbp/ep-20260920-230959
2529,Sacred Heart Pioneers,2026,P.Snyder,snyder p,3,true,74,12.5492,espn-pbp/ep-20260920-230959
2534,Sam Houston Bearkats,2026,L.Locke,locke l,3,true,116,25.8712,espn-pbp/ep-20260920-230959
2535,Samford Bulldogs,2026,G.Johnson,johnson g,3,true,121,1.1353,espn-pbp/ep-20260920-230959
21,San Diego State Aztecs,2026,J.Denegal,denegal j,3,true,77,2.5947,espn-pbp/ep-20260920-230959
301,San Diego Toreros,2026,D.Nankil,nankil d,3,true,90,-1.1201,espn-pbp/ep-20260920-230959
23,San José State Spartans,2026,L.Weaver,weaver l,4,true,147,21.7448,espn-pbp/ep-20260920-230959
2542,Savannah State Tigers,2026,C.Burks,burks c,1,true,14,-9.1809,espn-pbp/ep-20260920-230959
6,South Alabama Jaguars,2026,B.Davenport,davenport b,2,true,66,17.7133,espn-pbp/ep-20260920-230959
6,South Alabama Jaguars,2026,J.Hollins,hollins j,1,false,22,9.7894,espn-pbp/ep-20260920-230959
2579,South Carolina Gamecocks,2026,L.Sellers,sellers l,3,true,92,18.5103,espn-pbp/ep-20260920-230959
2569,South Carolina State Bulldogs,2026,K.Watson,watson k,4,true,72,5.5864,espn-pbp/ep-20260920-230959
233,South Dakota Coyotes,2026,A.Modrzewski,modrzewski a,4,true,100,48.2487,espn-pbp/ep-20260920-230959
613,South Dakota Mines Hardrockers,2026,G.Baker,baker g,1,true,31,11.7171,espn-pbp/ep-20260920-230959
2571,South Dakota State Jackrabbits,2026,C.Mason,mason c,4,true,98,38.6489,espn-pbp/ep-20260920-230959
58,South Florida Bulls,2026,M.Van Buren Jr.,van buren m,3,true,80,21.6017,espn-pbp/ep-20260920-230959
2546,Southeast Missouri State Redhawks,2026,B.Ragland,ragland b,4,true,135,12.7384,espn-pbp/ep-20260920-230959
2583,Southern Connecticut State Owls,2026,B.Jorgensen,jorgensen b,1,true,23,-10.1367,espn-pbp/ep-20260920-230959
79,Southern Illinois Salukis,2026,D.Williams,williams d,3,true,79,-8.4174,espn-pbp/ep-20260920-230959
79,Southern Illinois Salukis,2026,J.Curry,curry j,1,false,62,1.4410,espn-pbp/ep-20260920-230959
2582,Southern Jaguars,2026,C.Johnson,johnson c,3,false,61,4.3385,espn-pbp/ep-20260920-230959
2582,Southern Jaguars,2026,A.Body,body a,1,true,,,espn-pbp/ep-20260920-230959
2572,Southern Miss Golden Eagles,2026,E.Hampton,hampton e,3,true,81,-9.3301,espn-pbp/ep-20260920-230959
253,Southern Utah Thunderbirds,2026,W.Burns,burns w,3,true,85,4.1404,espn-pbp/ep-20260920-230959
253,Southern Utah Thunderbirds,2026,N.Peipert,peipert n,1,false,,,espn-pbp/ep-20260920-230959
2900,St. Thomas-Minnesota Tommies,2026,A.Policare,policare a,2,true,46,-10.0968,espn-pbp/ep-20260920-230959
2900,St. Thomas-Minnesota Tommies,2026,N.Peipert,peipert n,1,false,69,11.7045,espn-pbp/ep-20260920-230959
2900,St. Thomas-Minnesota Tommies,2026,W.Burns,burns w,1,false,,,espn-pbp/ep-20260920-230959
24,Stanford Cardinal,2026,D.Warren,warren d,3,true,115,-10.8896,espn-pbp/ep-20260920-230959
2617,Stephen F. Austin Lumberjacks,2026,G.Rutherford,rutherford g,4,true,82,6.8818,espn-pbp/ep-20260920-230959
56,Stetson Hatters,2026,T.von Grote,von grote t,3,true,101,-15.6373,espn-pbp/ep-20260920-230959
284,Stonehill Skyhawks,2026,J.O'Connell,o'connell j,4,true,116,11.6577,espn-pbp/ep-20260920-230959
2619,Stony Brook Seawolves,2026,Q.Boyd,boyd q,4,true,155,17.6088,espn-pbp/ep-20260920-230959
183,Syracuse Orange,2026,S.Angeli,angeli s,3,true,109,16.6811,espn-pbp/ep-20260920-230959
2628,TCU Horned Frogs,2026,J.Craig,craig j,3,true,94,30.9228,espn-pbp/ep-20260920-230959
2627,Tarleton State Texans,2026,K.Anderson,anderson k,4,true,129,46.3204,espn-pbp/ep-20260920-230959
218,Temple Owls,2026,J.Smolik,smolik j,2,true,25,-5.8217,espn-pbp/ep-20260920-230959
218,Temple Owls,2026,A.Sheppard,sheppard a,1,false,39,10.8072,espn-pbp/ep-20260920-230959
2634,Tennessee State Tigers,2026,D.Lee,lee d,4,true,130,7.1688,espn-pbp/ep-20260920-230959
2635,Tennessee Tech Golden Eagles,2026,J.Leatherwood,leatherwood j,3,true,89,17.4526,espn-pbp/ep-20260920-230959
2633,Tennessee Volunteers,2026,F.Brandon,brandon f,3,true,66,22.2066,espn-pbp/ep-20260920-230959
245,Texas A&M Aggies,2026,M.Reed,reed m,3,true,111,16.6277,espn-pbp/ep-20260920-230959
251,Texas Longhorns,2026,A.Manning,manning a,3,true,101,18.9858,espn-pbp/ep-20260920-230959
2640,Texas Southern Tigers,2026,C.McCoy,mccoy c,3,true,57,-6.6761,espn-pbp/ep-20260920-230959
326,Texas State Bobcats,2026,B.Jackson,jackson b,3,true,78,20.3914,espn-pbp/ep-20260920-230959
2641,Texas Tech Red Raiders,2026,W.Hammond,hammond w,3,true,90,27.3719,espn-pbp/ep-20260920-230959
102626,Texas Wesleyan Rams,2026,C.Adamoli,adamoli c,1,true,,,espn-pbp/ep-20260920-230959
2643,The Citadel Bulldogs,2026,Q.Hayes,hayes q,3,true,36,-5.9580,espn-pbp/ep-20260920-230959
2646,Thomas More College Saints,2026,B.Chesser,chesser b,1,true,33,-12.1704,espn-pbp/ep-20260920-230959
2649,Toledo Rockets,2026,J.Richter,richter j,3,true,100,28.4158,espn-pbp/ep-20260920-230959
119,Towson Tigers,2026,A.Indorf,indorf a,4,true,123,19.9189,espn-pbp/ep-20260920-230959
2653,Troy Trojans,2026,G.Crowder,crowder g,3,true,87,-0.2206,espn-pbp/ep-20260920-230959
2655,Tulane Green Wave,2026,K.Semonza,semonza k,2,false,75,-1.4688,espn-pbp/ep-20260920-230959
2655,Tulane Green Wave,2026,Z.Chriss-Gremillion,chriss-gremillion z,1,true,9,1.0457,espn-pbp/ep-20260920-230959
202,Tulsa Golden Hurricane,2026,B.Hayes,hayes b,2,true,60,-1.2541,espn-pbp/ep-20260920-230959
202,Tulsa Golden Hurricane,2026,D.Williams II,williams d,1,false,28,3.4677,espn-pbp/ep-20260920-230959
2839,Tusculum Pioneers,2026,T.Gleaton,gleaton t,1,true,15,-3.0195,espn-pbp/ep-20260920-230959
2657,Tuskegee Golden Tigers,2026,B.McGrew,mcgrew b,1,true,28,-6.9285,espn-pbp/ep-20260920-230959
5,UAB Blazers,2026,R.Burton,burton r,3,true,75,0.7787,espn-pbp/ep-20260920-230959
399,UAlbany Great Danes,2026,K.Colón,colón k,3,true,94,4.8643,espn-pbp/ep-20260920-230959
399,UAlbany Great Danes,2026,A.Semo,semo a,1,false,17,-1.1979,espn-pbp/ep-20260920-230959
302,UC Davis Aggies,2026,T.Cleeland,cleeland t,4,true,136,-2.3802,espn-pbp/ep-20260920-230959
2116,UCF Knights,2026,A.Barnett III,barnett a,2,true,21,2.5085,espn-pbp/ep-20260920-230959
2116,UCF Knights,2026,K.Jenkins,jenkins k,1,false,21,-0.6049,espn-pbp/ep-20260920-230959
26,UCLA Bruins,2026,N.Iamaleava,iamaleava n,3,true,81,18.2791,espn-pbp/ep-20260920-230959
41,UConn Huskies,2026,K.Osborne,osborne k,3,true,78,28.9255,espn-pbp/ep-20260920-230959
2433,UL Monroe Warhawks,2026,A.Carlisle,carlisle a,2,false,54,-0.3069,espn-pbp/ep-20260920-230959
2433,UL Monroe Warhawks,2026,A.Armenta,armenta a,1,true,37,-0.6698,espn-pbp/ep-20260920-230959
2439,UNLV Rebels,2026,J.Arnold,arnold j,3,true,93,3.1828,espn-pbp/ep-20260920-230959
30,USC Trojans,2026,J.Maiava,maiava j,4,true,119,68.4871,espn-pbp/ep-20260920-230959
2630,UT Martin Skyhawks,2026,J.Calvez,calvez j,3,true,34,-0.9085,espn-pbp/ep-20260920-230959
2630,UT Martin Skyhawks,2026,T.Surber,surber t,1,false,86,4.1055,espn-pbp/ep-20260920-230959
110243,UT Permian Basin Falcons,2026,N.TenBarge,tenbarge n,1,true,36,-16.9177,espn-pbp/ep-20260920-230959
292,UT Rio Grande Valley Vaqueros,2026,G.Rangel,rangel g,3,false,83,-8.5017,espn-pbp/ep-20260920-230959
292,UT Rio Grande Valley Vaqueros,2026,A.Jakobsohn,jakobsohn a,1,true,66,13.5339,espn-pbp/ep-20260920-230959
2638,UTEP Miners,2026,E.Colson Jr.,colson e,3,true,43,21.7282,espn-pbp/ep-20260920-230959
2636,UTSA Roadrunners,2026,O.McCown,mccown o,3,true,100,-9.7937,espn-pbp/ep-20260920-230959
2842,UVA Wise Cavaliers,2026,M.Beason,beason m,1,true,44,-2.2241,espn-pbp/ep-20260920-230959
328,Utah State Aggies,2026,G.Brosterhous,brosterhous g,2,false,75,-10.4651,espn-pbp/ep-20260920-230959
328,Utah State Aggies,2026,M.Hillstead,hillstead m,1,true,34,6.8523,espn-pbp/ep-20260920-230959
3101,Utah Tech Trailblazers,2026,B.Barben,barben b,3,true,117,-27.0639,espn-pbp/ep-20260920-230959
3101,Utah Tech Trailblazers,2026,C.Tiller,tiller c,1,false,23,-7.5037,espn-pbp/ep-20260920-230959
254,Utah Utes,2026,D.Dampier,dampier d,3,true,78,37.6385,espn-pbp/ep-20260920-230959
2678,VMI Keydets,2026,I.Reynolds,reynolds i,2,false,32,-0.4130,espn-pbp/ep-20260920-230959
2678,VMI Keydets,2026,J.Crump,crump j,2,true,15,-6.7860,espn-pbp/ep-20260920-230959
2674,Valparaiso Beacons,2026,R.Keefe,keefe r,2,true,33,-2.5952,espn-pbp/ep-20260920-230959
238,Vanderbilt Commodores,2026,B.Berlowitz,berlowitz b,2,true,25,1.5988,espn-pbp/ep-20260920-230959
238,Vanderbilt Commodores,2026,J.Curtis,curtis j,1,false,66,5.9070,espn-pbp/ep-20260920-230959
222,Villanova Wildcats,2026,P.McQuaide,mcquaide p,4,true,107,21.2546,espn-pbp/ep-20260920-230959
258,Virginia Cavaliers,2026,B.Pribula,pribula b,3,true,57,9.9010,espn-pbp/ep-20260920-230959
2355,Virginia Lynchburg Dragons,2026,M.Zavala,zavala m,2,true,38,-6.1097,espn-pbp/ep-20260920-230959
2355,Virginia Lynchburg Dragons,2026,C.Banks,banks c,1,false,37,-16.1435,espn-pbp/ep-20260920-230959
330,Virginia State Trojans,2026,R.Matthews Jr.,matthews r,1,true,19,-7.3926,espn-pbp/ep-20260920-230959
259,Virginia Tech Hokies,2026,E.Grunkemeyer,grunkemeyer e,3,true,106,52.9503,espn-pbp/ep-20260920-230959
2681,Wagner Seahawks,2026,B.Newman,newman b,3,false,98,-9.3593,espn-pbp/ep-20260920-230959
2681,Wagner Seahawks,2026,J.Stevens,stevens j,1,true,19,-4.2685,espn-pbp/ep-20260920-230959
154,Wake Forest Demon Deacons,2026,G.Lopez,lopez g,3,true,105,20.5953,espn-pbp/ep-20260920-230959
264,Washington Huskies,2026,D.Williams Jr.,williams d,3,true,112,22.3526,espn-pbp/ep-20260920-230959
265,Washington State Cougars,2026,C.Pinnick,pinnick c,3,true,72,-1.4648,espn-pbp/ep-20260920-230959
2692,Weber State Wildcats,2026,N.Dahle,dahle n,3,false,80,-4.6574,espn-pbp/ep-20260920-230959
2692,Weber State Wildcats,2026,D.Brown,brown d,1,true,20,-4.1060,espn-pbp/ep-20260920-230959
110242,West Florida Argonauts,2026,T.Davis,davis t,3,true,44,4.3594,espn-pbp/ep-20260920-230959
2698,West Georgia Wolves,2026,C.Hurst,hurst c,3,true,54,-17.1271,espn-pbp/ep-20260920-230959
2698,West Georgia Wolves,2026,C.FitzGerald,fitzgerald c,1,false,90,-8.2047,espn-pbp/ep-20260920-230959
277,West Virginia Mountaineers,2026,M.Hawkins Jr.,hawkins m,3,true,41,24.2443,espn-pbp/ep-20260920-230959
2707,West Virginia State Yellow Jackets,2026,B.Johnson,johnson b,1,true,18,-9.6493,espn-pbp/ep-20260920-230959
2717,Western Carolina Catamounts,2026,L.Thomas,thomas l,4,true,113,2.8918,espn-pbp/ep-20260920-230959
2710,Western Illinois Leathernecks,2026,K.McGill,mcgill k,3,false,92,13.4449,espn-pbp/ep-20260920-230959
2710,Western Illinois Leathernecks,2026,C.Carswell,carswell c,1,true,35,-0.5323,espn-pbp/ep-20260920-230959
98,Western Kentucky Hilltoppers,2026,R.Tisdale Jr.,tisdale r,2,true,55,-0.7212,espn-pbp/ep-20260920-230959
98,Western Kentucky Hilltoppers,2026,B.Glenn,glenn b,1,false,55,-14.7998,espn-pbp/ep-20260920-230959
2711,Western Michigan Broncos,2026,B.Lowry,lowry b,3,true,64,7.8733,espn-pbp/ep-20260920-230959
2729,William & Mary Tribe,2026,W.Watkins,watkins w,3,true,97,29.2089,espn-pbp/ep-20260920-230959
2729,William & Mary Tribe,2026,C.Carroll,carroll c,1,false,20,-12.2028,espn-pbp/ep-20260920-230959
2851,Winona State Warriors,2026,J.Flottmeyer,flottmeyer j,1,true,25,-7.7830,espn-pbp/ep-20260920-230959
2736,Winston-Salem Rams,2026,K.McKoy,mckoy k,1,true,25,-9.7800,espn-pbp/ep-20260920-230959
275,Wisconsin Badgers,2026,C.Joseph,joseph c,3,true,87,26.2524,espn-pbp/ep-20260920-230959
2747,Wofford Terriers,2026,J.Fayard,fayard j,3,true,63,-9.7737,espn-pbp/ep-20260920-230959
2747,Wofford Terriers,2026,E.Drumm,drumm e,1,false,32,-6.2244,espn-pbp/ep-20260920-230959
2751,Wyoming Cowboys,2026,T.Hughes,hughes t,3,true,76,-14.8897,espn-pbp/ep-20260920-230959
43,Yale Bulldogs,2026,D.Reno,reno d,1,true,39,13.8524,espn-pbp/ep-20260920-230959
2754,Youngstown State Penguins,2026,B.Brungard,brungard b,4,true,128,58.8012,espn-pbp/ep-20260920-230959
